checked_at,listing_id,title,url,listing_price,listing_currency,grade,reference_price_usd,sample_count,discount_percent,match_score,decision
2026-08-31T08:46:12+00:00,9838746600,Pikachu 073 PSA 9,https://www.vinted.pl/items/9838746600-pikachu-073-psa-9,285.73,PLN,9,675.00,9,88.6,1.00,poza_zakresem_rabatu
2026-08-31T08:46:12+00:00,9838641570,Pokémon Fuecoco #78 PSA 10,https://www.vinted.pl/items/9838641570-pokemon-fuecoco-78-psa-10,236.45,PLN,10,,,,,brak_ceny_referencyjnej
2026-08-31T08:46:12+00:00,9824494904,Dratini 63/105 Neo Destiny Pokémon WOTC Pokemon kort,https://www.vinted.pl/items/9824494904-dratini-63105-neo-destiny-pokemon-wotc-pokemon-kort,27.63,PLN,,,,,,brak_psa_w_tytule
2026-08-31T08:46:12+00:00,9824563367,Light Dewgong 45/105 Neo Destiny Pokémon WOTC Pokemon kort,https://www.vinted.pl/items/9824563367-light-dewgong-45105-neo-destiny-pokemon-wotc-pokemon-kort,13.82,PLN,,,,,,brak_psa_w_tytule
2026-08-31T08:46:12+00:00,9824874464,Dark Croconaw 32/105 Neo Destiny Pokémon WOTC Pokemon kort,https://www.vinted.pl/items/9824874464-dark-croconaw-32105-neo-destiny-pokemon-wotc-pokemon-kort,19.74,PLN,,,,,,brak_psa_w_tytule
2026-08-31T08:46:12+00:00,9824837435,Dark Flaaffy 34/105 Neo Destiny Pokémon WOTC Pokemon kort,https://www.vinted.pl/items/9824837435-dark-flaaffy-34105-neo-destiny-pokemon-wotc-pokemon-kort,19.74,PLN,,,,,,brak_psa_w_tytule
2026-08-31T08:46:12+00:00,9838097245,Pikachu EX 001/ 030 WCS 23 JP - PSA 10,https://www.vinted.pl/items/9838097245-pikachu-ex-001-030-wcs-23-jp-psa-10,2705.06,PLN,10,8000.00,18,90.9,0.50,poza_zakresem_rabatu
2026-08-31T08:46:12+00:00,9834552093,Pokémon Blastoise Delta Species (LP)  2/100 EX Crystal Guardians Holo Rare,https://www.vinted.pl/items/9834552093-pokemon-blastoise-delta-species-lp-2100-ex-crystal-guardians-holo-rare,879.18,PLN,,,,,,brak_psa_w_tytule
2026-08-31T08:46:12+00:00,9837295541,PSA 10 Gem mint charizard,https://www.vinted.pl/items/9837295541-psa-10-gem-mint-charizard,355.27,PLN,10,927.50,40,89.7,0.50,poza_zakresem_rabatu
2026-08-31T08:46:13+00:00,9837246538,PSA 10 Pikachu #001/028 Pokémon 25th Anniversary Collection,https://www.vinted.pl/items/9837246538-psa-10-pikachu-001028-pokemon-25th-anniversary-collection,470.45,PLN,10,,,,,brak_ceny_referencyjnej
2026-08-31T08:46:13+00:00,9837140407,Ludicolo psa 10 phantasmal pokemon card,https://www.vinted.pl/items/9837140407-ludicolo-psa-10-phantasmal-pokemon-card,280.0,PLN,10,55.12,125,-36.4,1.00,poza_zakresem_rabatu
2026-08-31T08:46:13+00:00,9837136788,Toxtricity psa 10 pfl 103 karty pokemon,https://www.vinted.pl/items/9837136788-toxtricity-psa-10-pfl-103-karty-pokemon,280.0,PLN,10,337.75,2,,0.50,za_mala_probka_sprzedazy
2026-08-31T08:46:13+00:00,9837116929,Ambipom pfl 107 psa 10 karty pokemon cards phantasmal,https://www.vinted.pl/items/9837116929-ambipom-pfl-107-psa-10-karty-pokemon-cards-phantasmal,280.0,PLN,10,56.35,227,-33.4,0.67,poza_zakresem_rabatu
2026-08-31T08:46:14+00:00,9837123114,Lacey sv7 psa 9,https://www.vinted.pl/items/9837123114-lacey-sv7-psa-9,110.0,PLN,9,28.10,46,-5.1,0.50,poza_zakresem_rabatu
2026-08-31T08:46:14+00:00,9836888551,Charizard VStar PSA 9 (Pokémon TCG),https://www.vinted.pl/items/9836888551-charizard-vstar-psa-9-pokemon-tcg,769.28,PLN,9,,,,,brak_ceny_referencyjnej
2026-08-31T08:46:14+00:00,9837112481,"Zapdos ex beckett 9,5 nie psa 10 karty pokemon cards",https://www.vinted.pl/items/9837112481-zapdos-ex-beckett-95-nie-psa-10-karty-pokemon-cards,750.0,PLN,10,,,,,brak_ceny_referencyjnej
2026-08-31T08:46:14+00:00,9824488586,1st Edition - Girafarig 66/105 Neo Destiny Pokémon WOTC Pokemon kort,https://www.vinted.pl/items/9824488586-1st-edition-girafarig-66105-neo-destiny-pokemon-wotc-pokemon-kort,21.71,PLN,,,,,,brak_psa_w_tytule
2026-08-31T08:46:14+00:00,9824498556,Dark Octillery 62/105 Neo Destiny Pokémon WOTC Pokemon kort,https://www.vinted.pl/items/9824498556-dark-octillery-62105-neo-destiny-pokemon-wotc-pokemon-kort,5.92,PLN,,,,,,brak_psa_w_tytule
2026-08-31T08:46:14+00:00,9779720517,"Meowth 62/82 Base set, Team Rocket Pokemon kort WOTC vintage 1999-2000",https://www.vinted.pl/items/9779720517-meowth-6282-base-set-team-rocket-pokemon-kort-wotc-vintage-1999-2000,5.92,PLN,,,,,,brak_psa_w_tytule
2026-08-31T08:46:14+00:00,9822966058,Trainer - Pokémon Personality Test 102/105 Neo Destiny Pokémon WOTC Pokemon kort,https://www.vinted.pl/items/9822966058-trainer-pokemon-personality-test-102105-neo-destiny-pokemon-wotc-pokemon-kort,49.34,PLN,,,,,,brak_psa_w_tytule
2026-08-31T08:49:13+00:00,9824542896,Light Slowbro 51/105 Neo Destiny Pokémon WOTC Pokemon kort,https://www.vinted.pl/items/9824542896-light-slowbro-51105-neo-destiny-pokemon-wotc-pokemon-kort,82.9,PLN,,,,,,brak_psa_w_tytule
2026-08-31T08:49:13+00:00,9824547830,Light Ninetales 50/105 Neo Destiny Pokémon WOTC Pokemon kort,https://www.vinted.pl/items/9824547830-light-ninetales-50105-neo-destiny-pokemon-wotc-pokemon-kort,55.26,PLN,,,,,,brak_psa_w_tytule
2026-08-31T08:49:13+00:00,9822970094,Trainer - Lucky Stadium 100/105 Neo Destiny Pokémon WOTC Pokemon kort,https://www.vinted.pl/items/9822970094-trainer-lucky-stadium-100105-neo-destiny-pokemon-wotc-pokemon-kort,17.76,PLN,,,,,,brak_psa_w_tytule
2026-08-31T08:49:14+00:00,9836218576,Karta Pokemon Oricorio ex PSA 10 UPC Mega Evolution,https://www.vinted.pl/items/9836218576-karta-pokemon-oricorio-ex-psa-10-upc-mega-evolution,1100.0,PLN,10,87.95,1483,-235.8,0.80,poza_zakresem_rabatu
2026-08-31T08:49:14+00:00,9836075159,PSA 10 Pokémon Japanese S8a 25th Anniversary Pikachu Reverse Holo 001/028,https://www.vinted.pl/items/9836075159-psa-10-pokemon-japanese-s8a-25th-anniversary-pikachu-reverse-holo-001028,1000.0,PLN,10,,,,,brak_ceny_referencyjnej
2026-08-31T08:49:14+00:00,9836367742,Ace gem mint 10,https://www.vinted.pl/items/9836367742-ace-gem-mint-10,1940.59,PLN,,,,,,brak_psa_w_tytule
2026-08-31T08:49:15+00:00,9835895735,Iono (Pal 269) PSA 9,https://www.vinted.pl/items/9835895735-iono-pal-269-psa-9,309.44,PLN,9,46.38,230,-79.1,0.50,poza_zakresem_rabatu
2026-08-31T08:49:15+00:00,9835737904,2022 JPN Pokemon Charizard V,https://www.vinted.pl/items/9835737904-2022-jpn-pokemon-charizard-v,2841.22,PLN,,,,,,brak_psa_w_tytule
2026-08-31T08:49:15+00:00,9824526229,Light Wigglytuff 54/105 Neo Destiny Pokémon WOTC Pokemon kort,https://www.vinted.pl/items/9824526229-light-wigglytuff-54105-neo-destiny-pokemon-wotc-pokemon-kort,47.37,PLN,,,,,,brak_psa_w_tytule
2026-08-31T08:49:15+00:00,9824553094,Light Jolteon 48/105 Neo Destiny Pokémon WOTC Pokemon kort,https://www.vinted.pl/items/9824553094-light-jolteon-48105-neo-destiny-pokemon-wotc-pokemon-kort,236.85,PLN,,,,,,brak_psa_w_tytule
2026-08-31T08:49:15+00:00,9824580734,Dark Wigglytuff 40/105 Neo Destiny Pokémon WOTC Pokemon kort,https://www.vinted.pl/items/9824580734-dark-wigglytuff-40105-neo-destiny-pokemon-wotc-pokemon-kort,31.58,PLN,,,,,,brak_psa_w_tytule
2026-08-31T08:49:15+00:00,9824885517,Chansey 31/105 Neo Destiny Pokémon WOTC Pokemon kort,https://www.vinted.pl/items/9824885517-chansey-31105-neo-destiny-pokemon-wotc-pokemon-kort,33.55,PLN,,,,,,brak_psa_w_tytule
2026-08-31T08:49:15+00:00,9824560770,Light Flareon 46/105 Neo Destiny Pokémon WOTC Pokemon kort,https://www.vinted.pl/items/9824560770-light-flareon-46105-neo-destiny-pokemon-wotc-pokemon-kort,86.84,PLN,,,,,,brak_psa_w_tytule
2026-08-31T08:49:15+00:00,9824888843,Unown (W) 29/105 Neo Destiny Pokémon WOTC Pokemon kort,https://www.vinted.pl/items/9824888843-unown-w-29105-neo-destiny-pokemon-wotc-pokemon-kort,11.84,PLN,,,,,,brak_psa_w_tytule
2026-08-31T08:49:15+00:00,9824917552,Holo - Light Azumarill 13/105 Neo Destiny Pokémon WOTC Pokemon kort,https://www.vinted.pl/items/9824917552-holo-light-azumarill-13105-neo-destiny-pokemon-wotc-pokemon-kort,69.08,PLN,,,,,,brak_psa_w_tytule
2026-08-31T08:49:15+00:00,9824891444,Unown (G) 27/105 Neo Destiny Pokémon WOTC Pokemon kort,https://www.vinted.pl/items/9824891444-unown-g-27105-neo-destiny-pokemon-wotc-pokemon-kort,39.47,PLN,,,,,,brak_psa_w_tytule
2026-08-31T08:49:15+00:00,9824911709,Light Machamp 25/105 Neo Destiny Pokémon WOTC Pokemon kort,https://www.vinted.pl/items/9824911709-light-machamp-25105-neo-destiny-pokemon-wotc-pokemon-kort,15.79,PLN,,,,,,brak_psa_w_tytule
2026-08-31T08:49:15+00:00,9824914622,Light Lanturn 23/105 Neo Destiny Pokémon WOTC Pokemon kort,https://www.vinted.pl/items/9824914622-light-lanturn-23105-neo-destiny-pokemon-wotc-pokemon-kort,23.68,PLN,,,,,,brak_psa_w_tytule
2026-08-31T08:49:15+00:00,9779666484,"Psyduck 65/82 Base set, Team Rocket Pokemon kort WOTC vintage 1999-2000",https://www.vinted.pl/items/9779666484-psyduck-6582-base-set-team-rocket-pokemon-kort-wotc-vintage-1999-2000,11.84,PLN,,,,,,brak_psa_w_tytule
2026-08-31T08:49:15+00:00,9824922597,Holo - Dark Scizor 9/105 Neo Destiny Pokémon WOTC Pokemon kort,https://www.vinted.pl/items/9824922597-holo-dark-scizor-9105-neo-destiny-pokemon-wotc-pokemon-kort,296.06,PLN,,,,,,brak_psa_w_tytule
2026-08-31T08:49:15+00:00,9834882122,Charmander 038 CGC 9 - Pokémon,https://www.vinted.pl/items/9834882122-charmander-038-cgc-9-pokemon,355.15,PLN,,,,,,brak_psa_w_tytule
2026-08-31T08:49:15+00:00,9781448406,"Abra 49/82 Base set, Team Rocket Pokemon kort WOTC vintage 1999-2000",https://www.vinted.pl/items/9781448406-abra-4982-base-set-team-rocket-pokemon-kort-wotc-vintage-1999-2000,6.71,PLN,,,,,,brak_psa_w_tytule
2026-08-31T08:49:15+00:00,9834446019,Magneton PSA 8,https://www.vinted.pl/items/9834446019-magneton-psa-8,165.0,PLN,8,,,,,limit_api_wyczerpany_retry_pozniej
2026-08-31T08:49:15+00:00,9778106287,"Squirtle 68/82 Base set, Team Rocket Pokemon kort WOTC vintage 1999-2000",https://www.vinted.pl/items/9778106287-squirtle-6882-base-set-team-rocket-pokemon-kort-wotc-vintage-1999-2000,13.82,PLN,,,,,,brak_psa_w_tytule
2026-08-31T08:49:15+00:00,9834276518,Pikachu rumble psa 7,https://www.vinted.pl/items/9834276518-pikachu-rumble-psa-7,4851.47,PLN,7,,,,,limit_api_wyczerpany_retry_pozniej
2026-08-31T08:49:15+00:00,9834917296,"Squirtle 039 CGC 8,5 - Pokémon",https://www.vinted.pl/items/9834917296-squirtle-039-cgc-85-pokemon,245.87,PLN,,,,,,brak_psa_w_tytule
2026-08-31T08:49:15+00:00,9834083781,PSA 10 Pikachu #173,https://www.vinted.pl/items/9834083781-psa-10-pikachu-173,2352.23,PLN,10,,,,,limit_api_wyczerpany_retry_pozniej
2026-08-31T08:49:15+00:00,9832945354,Dark sylveon slab ps9,https://www.vinted.pl/items/9832945354-dark-sylveon-slab-ps9,118.42,PLN,,,,,,brak_psa_w_tytule
2026-08-31T08:49:15+00:00,9779799485,"Magnemite 60/82 Base set, Team Rocket Pokemon kort WOTC vintage 1999-2000",https://www.vinted.pl/items/9779799485-magnemite-6082-base-set-team-rocket-pokemon-kort-wotc-vintage-1999-2000,5.13,PLN,,,,,,brak_psa_w_tytule
2026-08-31T08:49:15+00:00,9835006755,Dark Houndoom,https://www.vinted.pl/items/9835006755-dark-houndoom,87.62,PLN,,,,,,brak_psa_w_tytule
2026-08-31T08:49:15+00:00,9834892022,Kyurem EX,https://www.vinted.pl/items/9834892022-kyurem-ex,87.62,PLN,,,,,,brak_psa_w_tytule
2026-08-31T08:49:15+00:00,9834954248,Charizard GX Jumbo,https://www.vinted.pl/items/9834954248-charizard-gx-jumbo,58.22,PLN,,,,,,brak_psa_w_tytule
2026-08-31T08:49:15+00:00,9834828659,Eevee GX,https://www.vinted.pl/items/9834828659-eevee-gx,69.98,PLN,,,,,,brak_psa_w_tytule
2026-08-31T08:49:15+00:00,9832566960,Articuno AR 102/100 SV9 PSA 10,https://www.vinted.pl/items/9832566960-articuno-ar-102100-sv9-psa-10,351.67,PLN,10,,,,,limit_api_wyczerpany_retry_pozniej
2026-08-31T08:49:15+00:00,9834775336,Garchomp & Giratina GX Tag Team,https://www.vinted.pl/items/9834775336-garchomp-giratina-gx-tag-team,146.43,PLN,,,,,,brak_psa_w_tytule
2026-08-31T08:49:15+00:00,9833646563,Pokémon Tcg karta sylveon holo Pokémon go psa 8 slab,https://www.vinted.pl/items/9833646563-pokemon-tcg-karta-sylveon-holo-pokemon-go-psa-8-slab,200.0,PLN,8,,,,,limit_api_wyczerpany_retry_pozniej
2026-08-31T08:49:15+00:00,9835054260,Blacephalon,https://www.vinted.pl/items/9835054260-blacephalon,69.98,PLN,,,,,,brak_psa_w_tytule
2026-08-31T08:49:15+00:00,9832634186,N's Zorua AR PSA 10 - Pokémon SV9 JP,https://www.vinted.pl/items/9832634186-ns-zorua-ar-psa-10-pokemon-sv9-jp,263.75,PLN,10,,,,,limit_api_wyczerpany_retry_pozniej
2026-08-31T08:49:15+00:00,9832243260,Kufrik na karty Psa Beckett cgc ace,https://www.vinted.pl/items/9832243260-kufrik-na-karty-psa-beckett-cgc-ace,307.71,PLN,,,,,,brak_psa_w_tytule
2026-08-31T08:49:15+00:00,9832655048,Tyranitar AR (Art Rare) - PSA 10,https://www.vinted.pl/items/9832655048-tyranitar-ar-art-rare-psa-10,329.69,PLN,10,,,,,limit_api_wyczerpany_retry_pozniej
2026-08-31T08:49:15+00:00,9832969396,Mewtwo upc 151 psa 10,https://www.vinted.pl/items/9832969396-mewtwo-upc-151-psa-10,2490.0,PLN,10,,,,,limit_api_wyczerpany_retry_pozniej
2026-08-31T08:49:15+00:00,9832607088,N's Zoroark ex PSA 10,https://www.vinted.pl/items/9832607088-ns-zoroark-ex-psa-10,263.75,PLN,10,,,,,limit_api_wyczerpany_retry_pozniej
2026-08-31T08:49:15+00:00,9833799870,"Pokémon Charmander, Squirtle a Bulbasaur",https://www.vinted.pl/items/9833799870-pokemon-charmander-squirtle-a-bulbasaur,43.91,PLN,,,,,,brak_psa_w_tytule
2026-08-31T08:49:15+00:00,9832060440,Metagross <2004>Hiden legends PSA-8,https://www.vinted.pl/items/9832060440-metagross-2004hiden-legends-psa-8,285.73,PLN,8,,,,,limit_api_wyczerpany_retry_pozniej
2026-08-31T08:49:15+00:00,9833381143,Tandemaus and Maushold collection - 4 cards,https://www.vinted.pl/items/9833381143-tandemaus-and-maushold-collection-4-cards,15.29,PLN,,,,,,brak_psa_w_tytule
2026-08-31T08:49:15+00:00,9828621694,Togedemaru PSA 10 2025 Pokémon M2 JP Art Rare,https://www.vinted.pl/items/9828621694-togedemaru-psa-10-2025-pokemon-m2-jp-art-rare,177.64,PLN,10,,,,,limit_api_wyczerpany_retry_pozniej
2026-08-31T08:49:15+00:00,9833531618,Mega Absol ex 161/132 - Mega Evolution,https://www.vinted.pl/items/9833531618-mega-absol-ex-161132-mega-evolution,26.46,PLN,,,,,,brak_psa_w_tytule
2026-08-31T08:49:15+00:00,9831820333,Ivysaur PSA-10,https://www.vinted.pl/items/9831820333-ivysaur-psa-10,703.34,PLN,10,,,,,limit_api_wyczerpany_retry_pozniej
2026-08-31T08:49:15+00:00,9832025075,"Arceus ,2009,- platinum PSA-5",https://www.vinted.pl/items/9832025075-arceus-2009-platinum-psa-5,285.73,PLN,5,,,,,limit_api_wyczerpany_retry_pozniej
2026-08-31T08:49:15+00:00,9828482226,PSA holder - Slabs/PSA/cgc,https://www.vinted.pl/items/9828482226-psa-holder-slabspsacgc,87.62,PLN,,,,,,brak_psa_w_tytule
2026-08-31T08:49:15+00:00,9833440557,2x Eevee cards,https://www.vinted.pl/items/9833440557-2x-eevee-cards,7.06,PLN,,,,,,brak_psa_w_tytule
2026-08-31T08:49:15+00:00,9832094971,Blastoise gx 2019 PSA-9,https://www.vinted.pl/items/9832094971-blastoise-gx-2019-psa-9,285.73,PLN,9,,,,,limit_api_wyczerpany_retry_pozniej
2026-08-31T08:49:15+00:00,9831751376,Charmeleon PSA-10,https://www.vinted.pl/items/9831751376-charmeleon-psa-10,637.4,PLN,10,,,,,limit_api_wyczerpany_retry_pozniej
2026-08-31T08:49:15+00:00,9831844585,Mewtwo PSA-10,https://www.vinted.pl/items/9831844585-mewtwo-psa-10,637.4,PLN,10,,,,,limit_api_wyczerpany_retry_pozniej
2026-08-31T08:49:15+00:00,9833594925,Phantasmal Flames Sleeves,https://www.vinted.pl/items/9833594925-phantasmal-flames-sleeves,15.29,PLN,,,,,,brak_psa_w_tytule
2026-08-31T08:49:15+00:00,9831462634,Vzácná Pokémon PSA 8.5 karta Blastoise #200,https://www.vinted.pl/items/9831462634-vzacna-pokemon-psa-85-karta-blastoise-200,692.09,PLN,8.5,,,,,limit_api_wyczerpany_retry_pozniej
2026-08-31T08:49:15+00:00,9831368178,"Pokemon kort – PSA gradet, Charizard, Dragonite billigt - check beskrivelse",https://www.vinted.pl/items/9831368178-pokemon-kort-psa-gradet-charizard-dragonite-billigt-check-beskrivelse,1411.34,PLN,,,,,,brak_psa_w_tytule
2026-08-31T08:49:15+00:00,9831891102,Pikachu shiny rare PSA-9,https://www.vinted.pl/items/9831891102-pikachu-shiny-rare-psa-9,637.4,PLN,9,,,,,limit_api_wyczerpany_retry_pozniej
2026-08-31T08:49:15+00:00,9831893283,Tílko,https://www.vinted.pl/items/9831893283-tilko,3.64,PLN,,,,,,brak_psa_w_tytule
2026-08-31T08:49:15+00:00,9830801662,Team Rocket’s Mewtwo 240/182 PSA 10 GEM MT,https://www.vinted.pl/items/9830801662-team-rockets-mewtwo-240182-psa-10-gem-mt,703.3,PLN,10,,,,,limit_api_wyczerpany_retry_pozniej
2026-08-31T08:49:15+00:00,9829232905,Cyndaquil - Neo Premium File 1 - JP - PSA 10,https://www.vinted.pl/items/9829232905-cyndaquil-neo-premium-file-1-jp-psa-10,592.12,PLN,10,,,,,limit_api_wyczerpany_retry_pozniej
2026-08-31T08:49:15+00:00,9830987348,Gardevoir VMAX 017/073 – Champion's Path,https://www.vinted.pl/items/9830987348-gardevoir-vmax-017073-champions-path,13.14,PLN,,,,,,brak_psa_w_tytule
2026-08-31T08:49:15+00:00,9830472700,Flareon 013/131 Holo - Prismatic Evolutions Pokémon Scarlet & Violet,https://www.vinted.pl/items/9830472700-flareon-013131-holo-prismatic-evolutions-pokemon-scarlet-violet,4.74,PLN,,,,,,brak_psa_w_tytule
2026-08-31T08:49:15+00:00,9830432813,Noctowl 078/131 Reverse Holo - Prismatic Evolutions Pokémon Scarlet & Violet,https://www.vinted.pl/items/9830432813-noctowl-078131-reverse-holo-prismatic-evolutions-pokemon-scarlet-violet,4.34,PLN,,,,,,brak_psa_w_tytule
2026-08-31T08:49:15+00:00,9830446499,Eevee 074/131 Reverse Holo - Prismatic Evolutions Pokémon Scarlet & Violet,https://www.vinted.pl/items/9830446499-eevee-074131-reverse-holo-prismatic-evolutions-pokemon-scarlet-violet,4.74,PLN,,,,,,brak_psa_w_tytule
2026-08-31T08:49:15+00:00,9830460670,Glaceon 025/131 Holo - Prismatic Evolutions Pokémon Scarlet & Violet,https://www.vinted.pl/items/9830460670-glaceon-025131-holo-prismatic-evolutions-pokemon-scarlet-violet,4.74,PLN,,,,,,brak_psa_w_tytule
2026-08-31T08:49:15+00:00,9830489103,Leafeon 005/131 Holo - Prismatic Evolutions Pokémon Scarlet & Violet,https://www.vinted.pl/items/9830489103-leafeon-005131-holo-prismatic-evolutions-pokemon-scarlet-violet,4.74,PLN,,,,,,brak_psa_w_tytule
2026-08-31T08:49:15+00:00,9830223826,Basic Lightning Energy #012 Holo - Pokémon Scarlet & Violet,https://www.vinted.pl/items/9830223826-basic-lightning-energy-012-holo-pokemon-scarlet-violet,4.34,PLN,,,,,,brak_psa_w_tytule
2026-08-31T08:49:15+00:00,9830210238,Basic Water Energy #011 Holo - Pokémon Scarlet & Violet,https://www.vinted.pl/items/9830210238-basic-water-energy-011-holo-pokemon-scarlet-violet,4.34,PLN,,,,,,brak_psa_w_tytule
2026-08-31T08:49:15+00:00,9828852278,Pokémon Celebrations Blastoise Holo 2/102 – CGC Gem Mint 10,https://www.vinted.pl/items/9828852278-pokemon-celebrations-blastoise-holo-2102-cgc-gem-mint-10,439.59,PLN,,,,,,brak_psa_w_tytule
2026-08-31T08:49:15+00:00,9829413219,Holon's Magnemite 70/113,https://www.vinted.pl/items/9829413219-holons-magnemite-70113,26.38,PLN,,,,,,brak_psa_w_tytule
2026-08-31T08:49:15+00:00,9830133746,Basic Metal Energy #016 Holo - Pokémon Scarlet & Violet,https://www.vinted.pl/items/9830133746-basic-metal-energy-016-holo-pokemon-scarlet-violet,4.34,PLN,,,,,,brak_psa_w_tytule
2026-08-31T08:49:15+00:00,9830179877,Basic Fighting Energy #014 Holo - Pokémon Scarlet & Violet,https://www.vinted.pl/items/9830179877-basic-fighting-energy-014-holo-pokemon-scarlet-violet,4.34,PLN,,,,,,brak_psa_w_tytule
2026-08-31T08:49:15+00:00,9830164020,Basic Fire Energy #010 Holo - Pokémon Scarlet & Violet,https://www.vinted.pl/items/9830164020-basic-fire-energy-010-holo-pokemon-scarlet-violet,4.34,PLN,,,,,,brak_psa_w_tytule
2026-08-31T08:49:15+00:00,9829094153,Karta Pokemon totodile,https://www.vinted.pl/items/9829094153-karta-pokemon-totodile,2.5,PLN,,,,,,brak_psa_w_tytule
2026-08-31T08:49:15+00:00,9830150618,Basic Grass Energy #009 Holo - Pokémon Scarlet & Violet,https://www.vinted.pl/items/9830150618-basic-grass-energy-009-holo-pokemon-scarlet-violet,4.34,PLN,,,,,,brak_psa_w_tytule
2026-08-31T08:49:15+00:00,9828122626,Pokemon Card - Team Rocket's mimikyuu 205/193 PSA 10 (Japanese),https://www.vinted.pl/items/9828122626-pokemon-card-team-rockets-mimikyuu-205193-psa-10-japanese,275.93,PLN,10,,,,,limit_api_wyczerpany_retry_pozniej
2026-08-31T08:49:15+00:00,9828061955,Pokemon Card - Mega Symphonia Alakazam 071/063 PSA 10 (Japanese),https://www.vinted.pl/items/9828061955-pokemon-card-mega-symphonia-alakazam-071063-psa-10-japanese,275.93,PLN,10,,,,,limit_api_wyczerpany_retry_pozniej
2026-08-31T08:49:15+00:00,9827936094,Pokemon Card - Glory of Team Rocket Kangaskhan 110/098 PSA 10 (Japanese),https://www.vinted.pl/items/9827936094-pokemon-card-glory-of-team-rocket-kangaskhan-110098-psa-10-japanese,275.93,PLN,10,,,,,limit_api_wyczerpany_retry_pozniej
2026-08-31T08:49:15+00:00,9827969474,Pokemon Card - Battle Partners Lillie's Ribombee 105/100 PSA 10 (Japanese),https://www.vinted.pl/items/9827969474-pokemon-card-battle-partners-lillies-ribombee-105100-psa-10-japanese,275.93,PLN,10,,,,,limit_api_wyczerpany_retry_pozniej
2026-08-31T08:49:15+00:00,9828019989,Pokemon Card - Team Rocket's Houndoom 100/098 PSA 10 (Japanese),https://www.vinted.pl/items/9828019989-pokemon-card-team-rockets-houndoom-100098-psa-10-japanese,275.93,PLN,10,,,,,limit_api_wyczerpany_retry_pozniej
2026-08-31T08:49:15+00:00,9827804740,Pokemon Card - Japanese Dream League Torkoal 050/049 PSA 10 (Japanese),https://www.vinted.pl/items/9827804740-pokemon-card-japanese-dream-league-torkoal-050049-psa-10-japanese,275.93,PLN,10,,,,,limit_api_wyczerpany_retry_pozniej
2026-08-31T08:49:15+00:00,9828872156,Pokémon Eternatus VMAX 192/189 – Darkness Ablaze,https://www.vinted.pl/items/9828872156-pokemon-eternatus-vmax-192189-darkness-ablaze,39.52,PLN,,,,,,brak_psa_w_tytule
2026-08-31T08:49:15+00:00,9828175497,Pokemon Card - Inferno X Mega Charizard X ex 094/080 PSA 10 (Japanese),https://www.vinted.pl/items/9828175497-pokemon-card-inferno-x-mega-charizard-x-ex-094080-psa-10-japanese,591.72,PLN,10,,,,,limit_api_wyczerpany_retry_pozniej
2026-08-31T08:49:15+00:00,9827675921,Pokemon Card - Inferno X Zacian 087/080 PSA 10 (Japanese),https://www.vinted.pl/items/9827675921-pokemon-card-inferno-x-zacian-087080-psa-10-japanese,275.93,PLN,10,,,,,limit_api_wyczerpany_retry_pozniej
2026-08-31T08:49:15+00:00,9827912230,Pokemon Card - Mega Brave Vulpix 067/063 PSA 10 (Japanese),https://www.vinted.pl/items/9827912230-pokemon-card-mega-brave-vulpix-067063-psa-10-japanese,275.93,PLN,10,,,,,limit_api_wyczerpany_retry_pozniej
2026-08-31T08:49:15+00:00,9829316489,Card pokemon preț negociabil,https://www.vinted.pl/items/9829316489-card-pokemon-pret-negociabil,1673.18,PLN,,,,,,brak_psa_w_tytule
2026-08-31T08:49:15+00:00,9827716762,Pokemon Card - Crimson Haze Applin 077/066 PSA 10 (Japanese),https://www.vinted.pl/items/9827716762-pokemon-card-crimson-haze-applin-077066-psa-10-japanese,275.93,PLN,10,,,,,limit_api_wyczerpany_retry_pozniej
2026-08-31T08:49:15+00:00,9827542586,Pokemon Card - Snow Hazard Dudunsparce 083/071 PSA 10 (Japanese),https://www.vinted.pl/items/9827542586-pokemon-card-snow-hazard-dudunsparce-083071-psa-10-japanese,275.93,PLN,10,,,,,limit_api_wyczerpany_retry_pozniej
2026-08-31T08:49:15+00:00,9827502818,Pokemon Card - Team Rocket's Murkrow 106/098 PSA 10 (Japanese),https://www.vinted.pl/items/9827502818-pokemon-card-team-rockets-murkrow-106098-psa-10-japanese,275.93,PLN,10,,,,,limit_api_wyczerpany_retry_pozniej
2026-08-31T08:49:15+00:00,9827596585,Pokemon Card - Triplet Beat Quaxly 081/073 PSA 10 (Japanese),https://www.vinted.pl/items/9827596585-pokemon-card-triplet-beat-quaxly-081073-psa-10-japanese,275.93,PLN,10,,,,,limit_api_wyczerpany_retry_pozniej
2026-08-31T08:49:15+00:00,9827375576,Pokemon Card - Mega Symphonia Clawitzer PSA 10 (Japanese),https://www.vinted.pl/items/9827375576-pokemon-card-mega-symphonia-clawitzer-psa-10-japanese,275.93,PLN,10,,,,,limit_api_wyczerpany_retry_pozniej
2026-08-31T08:49:15+00:00,9827764444,Pokemon Card - Inferno X Togedemaru 090/080 PSA 10 (Japanese),https://www.vinted.pl/items/9827764444-pokemon-card-inferno-x-togedemaru-090080-psa-10-japanese,275.93,PLN,10,,,,,limit_api_wyczerpany_retry_pozniej
2026-08-31T08:49:15+00:00,9827632781,Pokemon Card - MEGA Dream ex Mega Hawlucha ex 229/193 PSA 10 (Japanese),https://www.vinted.pl/items/9827632781-pokemon-card-mega-dream-ex-mega-hawlucha-ex-229193-psa-10-japanese,275.93,PLN,10,,,,,limit_api_wyczerpany_retry_pozniej
2026-08-31T08:49:15+00:00,9828261249,Pikachu 133/M-P japońska karta Pokemon,https://www.vinted.pl/items/9828261249-pikachu-133m-p-japonska-karta-pokemon,99.0,PLN,,,,,,brak_psa_w_tytule
2026-08-31T08:49:15+00:00,9827469724,Pokemon Card - Glory of Team Rocket Zamazenta 107/098 PSA 10 (Japanese),https://www.vinted.pl/items/9827469724-pokemon-card-glory-of-team-rocket-zamazenta-107098-psa-10-japanese,275.93,PLN,10,,,,,limit_api_wyczerpany_retry_pozniej
2026-08-31T08:49:15+00:00,9827423207,Pokemon Card - Team Rocket's Spidops 099/098 PSA 10 (Japanese),https://www.vinted.pl/items/9827423207-pokemon-card-team-rockets-spidops-099098-psa-10-japanese,275.93,PLN,10,,,,,limit_api_wyczerpany_retry_pozniej
2026-08-31T08:49:15+00:00,9827048827,Archaludon 070/131 Holo - Prismatic Evolutions Pokémon Scarlet & Violet,https://www.vinted.pl/items/9827048827-archaludon-070131-holo-prismatic-evolutions-pokemon-scarlet-violet,4.34,PLN,,,,,,brak_psa_w_tytule
2026-08-31T08:49:15+00:00,9827150819,Flutter Mane 043/131 Holo - Prismatic Evolutions Pokémon Scarlet & Violet,https://www.vinted.pl/items/9827150819-flutter-mane-043131-holo-prismatic-evolutions-pokemon-scarlet-violet,4.34,PLN,,,,,,brak_psa_w_tytule
2026-08-31T08:49:15+00:00,9827172589,Whimsicott 008/131 Holo - Prismatic Evolutions Pokémon Scarlet & Violet,https://www.vinted.pl/items/9827172589-whimsicott-008131-holo-prismatic-evolutions-pokemon-scarlet-violet,4.34,PLN,,,,,,brak_psa_w_tytule
2026-08-31T08:49:15+00:00,9827105065,Groudon 049/131 Holo - Prismatic Evolutions Pokémon Scarlet & Violet,https://www.vinted.pl/items/9827105065-groudon-049131-holo-prismatic-evolutions-pokemon-scarlet-violet,4.34,PLN,,,,,,brak_psa_w_tytule
2026-08-31T08:49:15+00:00,9827129419,Fezandipiti 045/131 Holo - Prismatic Evolutions Pokémon Scarlet & Violet,https://www.vinted.pl/items/9827129419-fezandipiti-045131-holo-prismatic-evolutions-pokemon-scarlet-violet,4.34,PLN,,,,,,brak_psa_w_tytule
2026-08-31T08:49:15+00:00,9827091335,Bloodmoon Ursaluna 054/131 Holo - Prismatic Evolutions Pokémon Scarlet & Violet,https://www.vinted.pl/items/9827091335-bloodmoon-ursaluna-054131-holo-prismatic-evolutions-pokemon-scarlet-violet,4.34,PLN,,,,,,brak_psa_w_tytule
2026-08-31T08:49:15+00:00,9827039555,Noctowl 078/131 Holo - Prismatic Evolutions Pokémon Scarlet & Violet,https://www.vinted.pl/items/9827039555-noctowl-078131-holo-prismatic-evolutions-pokemon-scarlet-violet,4.34,PLN,,,,,,brak_psa_w_tytule
2026-08-31T08:49:15+00:00,9827028321,Dudunsparce 080/131 Holo - Prismatic Evolutions Pokémon Scarlet & Violet,https://www.vinted.pl/items/9827028321-dudunsparce-080131-holo-prismatic-evolutions-pokemon-scarlet-violet,4.34,PLN,,,,,,brak_psa_w_tytule
2026-08-31T08:49:15+00:00,9827116265,Iron Boulder 046/131 Holo - Prismatic Evolutions Pokémon Scarlet & Violet,https://www.vinted.pl/items/9827116265-iron-boulder-046131-holo-prismatic-evolutions-pokemon-scarlet-violet,4.34,PLN,,,,,,brak_psa_w_tytule
2026-08-31T08:49:15+00:00,9827058544,Roaring Moon 065/131 Holo - Prismatic Evolutions Pokémon Scarlet & Violet,https://www.vinted.pl/items/9827058544-roaring-moon-065131-holo-prismatic-evolutions-pokemon-scarlet-violet,4.34,PLN,,,,,,brak_psa_w_tytule
2026-08-31T08:49:15+00:00,9827140322,Munkidori 044/131 Holo - Prismatic Evolutions Pokémon Scarlet & Violet,https://www.vinted.pl/items/9827140322-munkidori-044131-holo-prismatic-evolutions-pokemon-scarlet-violet,4.34,PLN,,,,,,brak_psa_w_tytule
2026-08-31T08:49:15+00:00,9827161245,Dusknoir 037/131 Holo - Prismatic Evolutions Pokémon Scarlet & Violet,https://www.vinted.pl/items/9827161245-dusknoir-037131-holo-prismatic-evolutions-pokemon-scarlet-violet,4.34,PLN,,,,,,brak_psa_w_tytule
2026-08-31T08:49:15+00:00,9825483099,Latios 203 Surging Sparks i PSA 10,https://www.vinted.pl/items/9825483099-latios-203-surging-sparks-i-psa-10,1029.1,PLN,10,,,,,limit_api_wyczerpany_retry_pozniej
2026-08-31T08:49:15+00:00,9827071024,Okidogi 057/131 Holo - Prismatic Evolutions Pokémon Scarlet & Violet,https://www.vinted.pl/items/9827071024-okidogi-057131-holo-prismatic-evolutions-pokemon-scarlet-violet,4.34,PLN,,,,,,brak_psa_w_tytule
2026-08-31T08:49:15+00:00,9826405759,Dewott (WHT 106),https://www.vinted.pl/items/9826405759-dewott-wht-106,81.78,PLN,,,,,,brak_psa_w_tytule
2026-08-31T08:49:15+00:00,9826388578,Sunflora (HS 31) stav: Ex,https://www.vinted.pl/items/9826388578-sunflora-hs-31-stav-ex,36.24,PLN,,,,,,brak_psa_w_tytule
2026-08-31T08:49:15+00:00,9826182412,Litleo 015/131 Reverse Holo - Prismatic Evolutions Pokémon Scarlet & Violet,https://www.vinted.pl/items/9826182412-litleo-015131-reverse-holo-prismatic-evolutions-pokemon-scarlet-violet,4.34,PLN,,,,,,brak_psa_w_tytule
2026-08-31T08:49:15+00:00,9826233131,Steelix (m1L 073),https://www.vinted.pl/items/9826233131-steelix-m1l-073,10.75,PLN,,,,,,brak_psa_w_tytule
2026-08-31T08:49:15+00:00,9826164309,Slowpoke 018/131 Reverse Holo - Prismatic Evolutions Pokémon Scarlet & Violet,https://www.vinted.pl/items/9826164309-slowpoke-018131-reverse-holo-prismatic-evolutions-pokemon-scarlet-violet,4.34,PLN,,,,,,brak_psa_w_tytule
2026-08-31T08:49:15+00:00,9826205905,Cottonee 007/131 Reverse Holo - Prismatic Evolutions Pokémon Scarlet & Violet,https://www.vinted.pl/items/9826205905-cottonee-007131-reverse-holo-prismatic-evolutions-pokemon-scarlet-violet,4.34,PLN,,,,,,brak_psa_w_tytule
2026-08-31T08:49:15+00:00,9826264817,Team Rocket’s Meowth (DRI 203) stav: Ex,https://www.vinted.pl/items/9826264817-team-rockets-meowth-dri-203-stav-ex,105.45,PLN,,,,,,brak_psa_w_tytule
2026-08-31T08:49:15+00:00,9826344182,Mc Donald’s set (2019) stav: Po- Ex,https://www.vinted.pl/items/9826344182-mc-donalds-set-2019-stav-po-ex,27.14,PLN,,,,,,brak_psa_w_tytule
2026-08-31T08:49:16+00:00,9826191311,Applin 009/131 Reverse Holo - Prismatic Evolutions Pokémon Scarlet & Violet,https://www.vinted.pl/items/9826191311-applin-009131-reverse-holo-prismatic-evolutions-pokemon-scarlet-violet,4.34,PLN,,,,,,brak_psa_w_tytule
2026-08-31T08:49:16+00:00,9826095584,Aromatisse 039/131 Reverse Holo - Prismatic Evolutions Pokémon Scarlet & Violet,https://www.vinted.pl/items/9826095584-aromatisse-039131-reverse-holo-prismatic-evolutions-pokemon-scarlet-violet,4.34,PLN,,,,,,brak_psa_w_tytule
2026-08-31T08:49:16+00:00,9826198763,Whimsicott 008/131 Reverse Holo - Prismatic Evolutions Pokémon Scarlet & Violet,https://www.vinted.pl/items/9826198763-whimsicott-008131-reverse-holo-prismatic-evolutions-pokemon-scarlet-violet,4.34,PLN,,,,,,brak_psa_w_tytule
2026-08-31T08:49:16+00:00,9826175306,Pyroar 016/131 Reverse Holo - Prismatic Evolutions Pokémon Scarlet & Violet,https://www.vinted.pl/items/9826175306-pyroar-016131-reverse-holo-prismatic-evolutions-pokemon-scarlet-violet,4.34,PLN,,,,,,brak_psa_w_tytule
2026-08-31T08:49:16+00:00,9826214067,Budew 004/131 Reverse Holo - Prismatic Evolutions Pokémon Scarlet & Violet,https://www.vinted.pl/items/9826214067-budew-004131-reverse-holo-prismatic-evolutions-pokemon-scarlet-violet,4.34,PLN,,,,,,brak_psa_w_tytule
2026-08-31T08:49:16+00:00,9826019783,Hippopotas 052/131 Reverse Holo - Prismatic Evolutions Pokémon Scarlet & Violet,https://www.vinted.pl/items/9826019783-hippopotas-052131-reverse-holo-prismatic-evolutions-pokemon-scarlet-violet,4.34,PLN,,,,,,brak_psa_w_tytule
2026-08-31T08:49:16+00:00,9826028156,Riolu 050/131 Reverse Holo - Prismatic Evolutions Pokémon Scarlet & Violet,https://www.vinted.pl/items/9826028156-riolu-050131-reverse-holo-prismatic-evolutions-pokemon-scarlet-violet,4.34,PLN,,,,,,brak_psa_w_tytule
2026-08-31T08:49:16+00:00,9826216724,Mega Absol Ex (MEG 161),https://www.vinted.pl/items/9826216724-mega-absol-ex-meg-161,19.85,PLN,,,,,,brak_psa_w_tytule
2026-08-31T08:49:16+00:00,9826138867,Suicune 024/131 Reverse Holo - Prismatic Evolutions Pokémon Scarlet & Violet,https://www.vinted.pl/items/9826138867-suicune-024131-reverse-holo-prismatic-evolutions-pokemon-scarlet-violet,4.34,PLN,,,,,,brak_psa_w_tytule
2026-08-31T08:49:16+00:00,9777894932,"Energy - Potion Energy 82/82 Base set, Team Rocket Pokemon kort WOTC vintage 1999-2000",https://www.vinted.pl/items/9777894932-energy-potion-energy-8282-base-set-team-rocket-pokemon-kort-wotc-vintage-1999-2000,5.92,PLN,,,,,,brak_psa_w_tytule
2026-08-31T08:49:16+00:00,9826239220,Exeggcute 001/131 Reverse Holo - Prismatic Evolutions Pokémon Scarlet & Violet,https://www.vinted.pl/items/9826239220-exeggcute-001131-reverse-holo-prismatic-evolutions-pokemon-scarlet-violet,4.34,PLN,,,,,,brak_psa_w_tytule
2026-08-31T08:49:16+00:00,9825906643,Duraludon 069/131 Reverse Holo - Prismatic Evolutions Pokémon Scarlet & Violet,https://www.vinted.pl/items/9825906643-duraludon-069131-reverse-holo-prismatic-evolutions-pokemon-scarlet-violet,4.34,PLN,,,,,,brak_psa_w_tytule
2026-08-31T08:49:16+00:00,9826155260,Goldeen 020/131 Reverse Holo - Prismatic Evolutions Pokémon Scarlet & Violet,https://www.vinted.pl/items/9826155260-goldeen-020131-reverse-holo-prismatic-evolutions-pokemon-scarlet-violet,4.34,PLN,,,,,,brak_psa_w_tytule
2026-08-31T08:49:16+00:00,9826082499,Flutter Mane 043/131 Reverse Holo - Prismatic Evolutions Pokémon Scarlet & Violet,https://www.vinted.pl/items/9826082499-flutter-mane-043131-reverse-holo-prismatic-evolutions-pokemon-scarlet-violet,4.34,PLN,,,,,,brak_psa_w_tytule
2026-08-31T08:49:16+00:00,9825888721,Drakloak 072/131 Reverse Holo - Prismatic Evolutions Pokémon Scarlet & Violet,https://www.vinted.pl/items/9825888721-drakloak-072131-reverse-holo-prismatic-evolutions-pokemon-scarlet-violet,4.34,PLN,,,,,,brak_psa_w_tytule
2026-08-31T08:49:16+00:00,9826222144,Pinsir 003/131 Reverse Holo - Prismatic Evolutions Pokémon Scarlet & Violet,https://www.vinted.pl/items/9826222144-pinsir-003131-reverse-holo-prismatic-evolutions-pokemon-scarlet-violet,4.34,PLN,,,,,,brak_psa_w_tytule
2026-08-31T08:49:16+00:00,9826054058,Larvitar 047/131 Reverse Holo - Prismatic Evolutions Pokémon Scarlet & Violet,https://www.vinted.pl/items/9826054058-larvitar-047131-reverse-holo-prismatic-evolutions-pokemon-scarlet-violet,4.34,PLN,,,,,,brak_psa_w_tytule
2026-08-31T08:49:16+00:00,9825855131,Dreepy 071/131 Reverse Holo - Prismatic Evolutions Pokémon Scarlet & Violet,https://www.vinted.pl/items/9825855131-dreepy-071131-reverse-holo-prismatic-evolutions-pokemon-scarlet-violet,4.34,PLN,,,,,,brak_psa_w_tytule
2026-08-31T08:49:16+00:00,9826037023,Groudon 049/131 Reverse Holo - Prismatic Evolutions Pokémon Scarlet & Violet,https://www.vinted.pl/items/9826037023-groudon-049131-reverse-holo-prismatic-evolutions-pokemon-scarlet-violet,4.34,PLN,,,,,,brak_psa_w_tytule
2026-08-31T08:49:16+00:00,9826230289,Exeggutor 002/131 Reverse Holo - Prismatic Evolutions Pokémon Scarlet & Violet,https://www.vinted.pl/items/9826230289-exeggutor-002131-reverse-holo-prismatic-evolutions-pokemon-scarlet-violet,4.34,PLN,,,,,,brak_psa_w_tytule
2026-08-31T08:49:16+00:00,9826007414,Bloodmoon Ursaluna 054/131 Reverse Holo - Prismatic Evolutions Pokémon Scarlet & Violet,https://www.vinted.pl/items/9826007414-bloodmoon-ursaluna-054131-reverse-holo-prismatic-evolutions-pokemon-scarlet-violet,4.34,PLN,,,,,,brak_psa_w_tytule
2026-08-31T08:49:16+00:00,9826147417,Seaking 021/131 Reverse Holo - Prismatic Evolutions Pokémon Scarlet & Violet,https://www.vinted.pl/items/9826147417-seaking-021131-reverse-holo-prismatic-evolutions-pokemon-scarlet-violet,4.34,PLN,,,,,,brak_psa_w_tytule
2026-08-31T08:49:16+00:00,9826105495,Spritzee 038/131 Reverse Holo - Prismatic Evolutions Pokémon Scarlet & Violet,https://www.vinted.pl/items/9826105495-spritzee-038131-reverse-holo-prismatic-evolutions-pokemon-scarlet-violet,4.34,PLN,,,,,,brak_psa_w_tytule
2026-08-31T08:49:16+00:00,9825919712,Heatran 068/131 Reverse Holo - Prismatic Evolutions Pokémon Scarlet & Violet,https://www.vinted.pl/items/9825919712-heatran-068131-reverse-holo-prismatic-evolutions-pokemon-scarlet-violet,4.34,PLN,,,,,,brak_psa_w_tytule
2026-08-31T08:49:16+00:00,9825930814,Bronzong 067/131 Reverse Holo - Prismatic Evolutions Pokémon Scarlet & Violet,https://www.vinted.pl/items/9825930814-bronzong-067131-reverse-holo-prismatic-evolutions-pokemon-scarlet-violet,4.34,PLN,,,,,,brak_psa_w_tytule
2026-08-31T08:49:16+00:00,9826122519,Dusclops 036/131 Reverse Holo - Prismatic Evolutions Pokémon Scarlet & Violet,https://www.vinted.pl/items/9826122519-dusclops-036131-reverse-holo-prismatic-evolutions-pokemon-scarlet-violet,4.34,PLN,,,,,,brak_psa_w_tytule
2026-08-31T08:49:16+00:00,9826113818,Dusknoir 037/131 Reverse Holo - Prismatic Evolutions Pokémon Scarlet & Violet,https://www.vinted.pl/items/9826113818-dusknoir-037131-reverse-holo-prismatic-evolutions-pokemon-scarlet-violet,4.34,PLN,,,,,,brak_psa_w_tytule
2026-08-31T08:49:16+00:00,9825991555,Okidogi 057/131 Reverse Holo - Prismatic Evolutions Pokémon Scarlet & Violet,https://www.vinted.pl/items/9825991555-okidogi-057131-reverse-holo-prismatic-evolutions-pokemon-scarlet-violet,4.34,PLN,,,,,,brak_psa_w_tytule
2026-08-31T08:49:16+00:00,9825972047,Houndoom 063/131 Reverse Holo - Prismatic Evolutions Pokémon Scarlet & Violet,https://www.vinted.pl/items/9825972047-houndoom-063131-reverse-holo-prismatic-evolutions-pokemon-scarlet-violet,4.34,PLN,,,,,,brak_psa_w_tytule
2026-08-31T08:49:16+00:00,9825960628,Roaring Moon 065/131 Reverse Holo - Prismatic Evolutions Pokémon Sword & Shield,https://www.vinted.pl/items/9825960628-roaring-moon-065131-reverse-holo-prismatic-evolutions-pokemon-sword-shield,4.34,PLN,,,,,,brak_psa_w_tytule
2026-08-31T08:49:16+00:00,9826130568,Duskull 035/131 Reverse Holo - Prismatic Evolutions Pokémon Scarlet & Violet,https://www.vinted.pl/items/9826130568-duskull-035131-reverse-holo-prismatic-evolutions-pokemon-scarlet-violet,4.34,PLN,,,,,,brak_psa_w_tytule
2026-08-31T08:49:16+00:00,9825798911,Lopunny 084/131 Reverse Holo - Prismatic Evolutions Pokémon Scarlet & Violet,https://www.vinted.pl/items/9825798911-lopunny-084131-reverse-holo-prismatic-evolutions-pokemon-scarlet-violet,4.34,PLN,,,,,,brak_psa_w_tytule
2026-08-31T08:49:16+00:00,9823624761,2022 Pokemon Sword & Shield Lost Origin,https://www.vinted.pl/items/9823624761-2022-pokemon-sword-shield-lost-origin,601.03,PLN,,,,,,brak_psa_w_tytule
2026-08-31T08:49:16+00:00,9825782999,Miltank 081/131 Reverse Holo - Prismatic Evolutions Pokémon Scarlet & Violet,https://www.vinted.pl/items/9825782999-miltank-081131-reverse-holo-prismatic-evolutions-pokemon-scarlet-violet,4.34,PLN,,,,,,brak_psa_w_tytule
2026-08-31T08:49:16+00:00,9826070862,Munkidori 044/131 Reverse Holo - Prismatic Evolutions Pokémon Scarlet & Violet,https://www.vinted.pl/items/9826070862-munkidori-044131-reverse-holo-prismatic-evolutions-pokemon-scarlet-violet,4.34,PLN,,,,,,brak_psa_w_tytule
2026-08-31T08:49:16+00:00,9825693534,First partner Kanto trio starter,https://www.vinted.pl/items/9825693534-first-partner-kanto-trio-starter,527.51,PLN,,,,,,brak_psa_w_tytule
2026-08-31T08:49:16+00:00,9826046093,Pupitar 048/131 Reverse Holo - Prismatic Evolutions Pokémon Scarlet & Violet,https://www.vinted.pl/items/9826046093-pupitar-048131-reverse-holo-prismatic-evolutions-pokemon-scarlet-violet,4.34,PLN,,,,,,brak_psa_w_tytule
2026-08-31T08:49:16+00:00,9825938450,Bronzor 066/131 Reverse Holo - Prismatic Evolutions Pokémon Scarlet & Violet,https://www.vinted.pl/items/9825938450-bronzor-066131-reverse-holo-prismatic-evolutions-pokemon-scarlet-violet,4.34,PLN,,,,,,brak_psa_w_tytule
2026-08-31T08:49:16+00:00,9825807053,Hawlucha 089/131 Reverse Holo - Prismatic Evolutions Pokémon Scarlet & Violet,https://www.vinted.pl/items/9825807053-hawlucha-089131-reverse-holo-prismatic-evolutions-pokemon-scarlet-violet,4.34,PLN,,,,,,brak_psa_w_tytule
2026-08-31T08:49:16+00:00,9825733393,Hoothoot 077/131 Reverse Holo - Prismatic Evolutions Pokémon Scarlet & Violet,https://www.vinted.pl/items/9825733393-hoothoot-077131-reverse-holo-prismatic-evolutions-pokemon-scarlet-violet,4.34,PLN,,,,,,brak_psa_w_tytule
2026-08-31T08:49:16+00:00,9824220970,Pokemon ho-oh,https://www.vinted.pl/items/9824220970-pokemon-ho-oh,175.84,PLN,,,,,,brak_psa_w_tytule
2026-08-31T08:49:16+00:00,9823621072,Umbreon & Darkrai Gx 010 Jp I Psa 10,https://www.vinted.pl/items/9823621072-umbreon-darkrai-gx-010-jp-i-psa-10,882.09,PLN,10,,,,,limit_api_wyczerpany_retry_pozniej
2026-08-31T08:49:16+00:00,9825791879,Buneary 083/131 Reverse Holo - Prismatic Evolutions Pokémon Scarlet & Violet,https://www.vinted.pl/items/9825791879-buneary-083131-reverse-holo-prismatic-evolutions-pokemon-scarlet-violet,4.34,PLN,,,,,,brak_psa_w_tytule
2026-08-31T08:49:16+00:00,9825705358,Dudunsparce 080/131 Reverse Holo - Prismatic Evolutions Pokémon Scarlet & Violet,https://www.vinted.pl/items/9825705358-dudunsparce-080131-reverse-holo-prismatic-evolutions-pokemon-scarlet-violet,4.34,PLN,,,,,,brak_psa_w_tytule
2026-08-31T08:49:16+00:00,9825426002,Alakazam 125,https://www.vinted.pl/items/9825426002-alakazam-125,294.03,PLN,,,,,,brak_psa_w_tytule
2026-08-31T08:49:16+00:00,9825192127,Jolteon 45/95 2011,https://www.vinted.pl/items/9825192127-jolteon-4595-2011,14.7,PLN,,,,,,brak_psa_w_tytule
2026-08-31T08:49:16+00:00,9825815527,Shaymin 087/131 Reverse Holo - Prismatic Evolutions Pokémon Scarlet & Violet,https://www.vinted.pl/items/9825815527-shaymin-087131-reverse-holo-prismatic-evolutions-pokemon-scarlet-violet,4.34,PLN,,,,,,brak_psa_w_tytule
2026-08-31T08:49:16+00:00,9823607471,Sylveon Vmax Psa 10,https://www.vinted.pl/items/9823607471-sylveon-vmax-psa-10,354.88,PLN,10,,,,,limit_api_wyczerpany_retry_pozniej
2026-08-31T08:49:16+00:00,9825613035,Pokemon,https://www.vinted.pl/items/9825613035-pokemon,273.19,PLN,,,,,,brak_psa_w_tytule
2026-08-31T08:49:16+00:00,9825718230,Dunsparce 079/131 Reverse Holo - Prismatic Evolutions Pokémon Scarlet & Violet,https://www.vinted.pl/items/9825718230-dunsparce-079131-reverse-holo-prismatic-evolutions-pokemon-scarlet-violet,4.34,PLN,,,,,,brak_psa_w_tytule
2026-08-31T08:49:16+00:00,9824656009,Umbron vmax,https://www.vinted.pl/items/9824656009-umbron-vmax,91.06,PLN,,,,,,brak_psa_w_tytule
2026-08-31T08:49:16+00:00,9789784688,PSA 10 Nidoking 174/165 - Pokemon 151 (sv2a) Pokemon TCG,https://www.vinted.pl/items/9789784688-psa-10-nidoking-174165-pokemon-151-sv2a-pokemon-tcg,350.0,PLN,10,,,,,limit_api_wyczerpany_retry_pozniej
2026-08-31T08:49:16+00:00,9778497780,Pokemon PSA 9 Zapdos #012 CLL JP,https://www.vinted.pl/items/9778497780-pokemon-psa-9-zapdos-012-cll-jp,129.0,PLN,9,,,,,limit_api_wyczerpany_retry_pozniej
2026-08-31T08:49:16+00:00,9824542896,Light Slowbro 51/105 Neo Destiny Pokémon WOTC Pokemon kort,https://www.vinted.pl/items/9824542896-light-slowbro-51105-neo-destiny-pokemon-wotc-pokemon-kort,82.9,PLN,,,,,,brak_psa_w_tytule
2026-08-31T08:49:16+00:00,9824547830,Light Ninetales 50/105 Neo Destiny Pokémon WOTC Pokemon kort,https://www.vinted.pl/items/9824547830-light-ninetales-50105-neo-destiny-pokemon-wotc-pokemon-kort,55.26,PLN,,,,,,brak_psa_w_tytule
2026-08-31T08:49:16+00:00,9822970094,Trainer - Lucky Stadium 100/105 Neo Destiny Pokémon WOTC Pokemon kort,https://www.vinted.pl/items/9822970094-trainer-lucky-stadium-100105-neo-destiny-pokemon-wotc-pokemon-kort,17.76,PLN,,,,,,brak_psa_w_tytule
2026-08-31T08:49:16+00:00,9836218576,Karta Pokemon Oricorio ex PSA 10 UPC Mega Evolution,https://www.vinted.pl/items/9836218576-karta-pokemon-oricorio-ex-psa-10-upc-mega-evolution,1100.0,PLN,10,,,,,limit_api_wyczerpany_retry_pozniej
2026-08-31T08:56:36+00:00,9838746600,Pikachu 073 PSA 9,https://www.vinted.pl/items/9838746600-pikachu-073-psa-9,285.73,PLN,9,675.00,9,88.6,1.00,poza_zakresem_rabatu
2026-08-31T08:56:36+00:00,9838641570,Pokémon Fuecoco #78 PSA 10,https://www.vinted.pl/items/9838641570-pokemon-fuecoco-78-psa-10,236.45,PLN,10,,,,,brak_ceny_referencyjnej
2026-08-31T08:56:37+00:00,9824494904,Dratini 63/105 Neo Destiny Pokémon WOTC Pokemon kort,https://www.vinted.pl/items/9824494904-dratini-63105-neo-destiny-pokemon-wotc-pokemon-kort,27.63,PLN,,,,,,brak_psa_w_tytule_ani_opisie
2026-08-31T08:56:38+00:00,9824563367,Light Dewgong 45/105 Neo Destiny Pokémon WOTC Pokemon kort,https://www.vinted.pl/items/9824563367-light-dewgong-45105-neo-destiny-pokemon-wotc-pokemon-kort,13.82,PLN,,,,,,brak_psa_w_tytule_ani_opisie
2026-08-31T08:56:39+00:00,9824874464,Dark Croconaw 32/105 Neo Destiny Pokémon WOTC Pokemon kort,https://www.vinted.pl/items/9824874464-dark-croconaw-32105-neo-destiny-pokemon-wotc-pokemon-kort,19.74,PLN,,,,,,brak_psa_w_tytule_ani_opisie
2026-08-31T08:56:40+00:00,9824837435,Dark Flaaffy 34/105 Neo Destiny Pokémon WOTC Pokemon kort,https://www.vinted.pl/items/9824837435-dark-flaaffy-34105-neo-destiny-pokemon-wotc-pokemon-kort,19.74,PLN,,,,,,brak_psa_w_tytule_ani_opisie
2026-08-31T08:56:40+00:00,9838097245,Pikachu EX 001/ 030 WCS 23 JP - PSA 10,https://www.vinted.pl/items/9838097245-pikachu-ex-001-030-wcs-23-jp-psa-10,2705.06,PLN,10,8000.00,18,90.9,0.50,poza_zakresem_rabatu
2026-08-31T08:56:41+00:00,9834552093,Pokémon Blastoise Delta Species (LP)  2/100 EX Crystal Guardians Holo Rare,https://www.vinted.pl/items/9834552093-pokemon-blastoise-delta-species-lp-2100-ex-crystal-guardians-holo-rare,879.18,PLN,,,,,,brak_psa_w_tytule_ani_opisie
2026-08-31T08:56:41+00:00,9837295541,PSA 10 Gem mint charizard,https://www.vinted.pl/items/9837295541-psa-10-gem-mint-charizard,355.27,PLN,10,927.50,40,89.7,0.50,poza_zakresem_rabatu
2026-08-31T08:56:42+00:00,9837246538,PSA 10 Pikachu #001/028 Pokémon 25th Anniversary Collection,https://www.vinted.pl/items/9837246538-psa-10-pikachu-001028-pokemon-25th-anniversary-collection,470.45,PLN,10,,,,,brak_ceny_referencyjnej
2026-08-31T08:56:42+00:00,9837140407,Ludicolo psa 10 phantasmal pokemon card,https://www.vinted.pl/items/9837140407-ludicolo-psa-10-phantasmal-pokemon-card,280.0,PLN,10,55.12,125,-36.4,1.00,poza_zakresem_rabatu
2026-08-31T08:56:42+00:00,9837136788,Toxtricity psa 10 pfl 103 karty pokemon,https://www.vinted.pl/items/9837136788-toxtricity-psa-10-pfl-103-karty-pokemon,280.0,PLN,10,337.75,2,,0.50,za_mala_probka_sprzedazy
2026-08-31T08:56:43+00:00,9837116929,Ambipom pfl 107 psa 10 karty pokemon cards phantasmal,https://www.vinted.pl/items/9837116929-ambipom-pfl-107-psa-10-karty-pokemon-cards-phantasmal,280.0,PLN,10,56.35,227,-33.4,0.67,poza_zakresem_rabatu
2026-08-31T08:56:43+00:00,9837123114,Lacey sv7 psa 9,https://www.vinted.pl/items/9837123114-lacey-sv7-psa-9,110.0,PLN,9,28.10,46,-5.1,0.50,poza_zakresem_rabatu
2026-08-31T08:56:43+00:00,9836888551,Charizard VStar PSA 9 (Pokémon TCG),https://www.vinted.pl/items/9836888551-charizard-vstar-psa-9-pokemon-tcg,769.28,PLN,9,,,,,brak_ceny_referencyjnej
2026-08-31T08:56:44+00:00,9837112481,"Zapdos ex beckett 9,5 nie psa 10 karty pokemon cards",https://www.vinted.pl/items/9837112481-zapdos-ex-beckett-95-nie-psa-10-karty-pokemon-cards,750.0,PLN,10,,,,,brak_ceny_referencyjnej
2026-08-31T08:56:44+00:00,9824488586,1st Edition - Girafarig 66/105 Neo Destiny Pokémon WOTC Pokemon kort,https://www.vinted.pl/items/9824488586-1st-edition-girafarig-66105-neo-destiny-pokemon-wotc-pokemon-kort,21.71,PLN,,,,,,brak_psa_w_tytule_ani_opisie
2026-08-31T08:56:45+00:00,9824498556,Dark Octillery 62/105 Neo Destiny Pokémon WOTC Pokemon kort,https://www.vinted.pl/items/9824498556-dark-octillery-62105-neo-destiny-pokemon-wotc-pokemon-kort,5.92,PLN,,,,,,brak_psa_w_tytule_ani_opisie
2026-08-31T08:56:46+00:00,9779720517,"Meowth 62/82 Base set, Team Rocket Pokemon kort WOTC vintage 1999-2000",https://www.vinted.pl/items/9779720517-meowth-6282-base-set-team-rocket-pokemon-kort-wotc-vintage-1999-2000,5.92,PLN,,,,,,brak_psa_w_tytule_ani_opisie
2026-08-31T08:56:47+00:00,9822966058,Trainer - Pokémon Personality Test 102/105 Neo Destiny Pokémon WOTC Pokemon kort,https://www.vinted.pl/items/9822966058-trainer-pokemon-personality-test-102105-neo-destiny-pokemon-wotc-pokemon-kort,49.34,PLN,,,,,,brak_psa_w_tytule_ani_opisie
2026-08-31T08:56:48+00:00,9824542896,Light Slowbro 51/105 Neo Destiny Pokémon WOTC Pokemon kort,https://www.vinted.pl/items/9824542896-light-slowbro-51105-neo-destiny-pokemon-wotc-pokemon-kort,82.9,PLN,,,,,,brak_psa_w_tytule_ani_opisie
2026-08-31T08:56:49+00:00,9824547830,Light Ninetales 50/105 Neo Destiny Pokémon WOTC Pokemon kort,https://www.vinted.pl/items/9824547830-light-ninetales-50105-neo-destiny-pokemon-wotc-pokemon-kort,55.26,PLN,,,,,,brak_psa_w_tytule_ani_opisie
2026-08-31T08:56:50+00:00,9822970094,Trainer - Lucky Stadium 100/105 Neo Destiny Pokémon WOTC Pokemon kort,https://www.vinted.pl/items/9822970094-trainer-lucky-stadium-100105-neo-destiny-pokemon-wotc-pokemon-kort,17.76,PLN,,,,,,brak_psa_w_tytule_ani_opisie
2026-08-31T08:56:50+00:00,9836218576,Karta Pokemon Oricorio ex PSA 10 UPC Mega Evolution,https://www.vinted.pl/items/9836218576-karta-pokemon-oricorio-ex-psa-10-upc-mega-evolution,1100.0,PLN,10,87.95,1483,-235.8,0.80,poza_zakresem_rabatu
2026-08-31T08:56:50+00:00,9836075159,PSA 10 Pokémon Japanese S8a 25th Anniversary Pikachu Reverse Holo 001/028,https://www.vinted.pl/items/9836075159-psa-10-pokemon-japanese-s8a-25th-anniversary-pikachu-reverse-holo-001028,1000.0,PLN,10,,,,,brak_ceny_referencyjnej
2026-08-31T08:56:52+00:00,9836367742,Ace gem mint 10,https://www.vinted.pl/items/9836367742-ace-gem-mint-10,1940.59,PLN,9,,,,,brak_ceny_referencyjnej
2026-08-31T08:56:52+00:00,9835895735,Iono (Pal 269) PSA 9,https://www.vinted.pl/items/9835895735-iono-pal-269-psa-9,309.44,PLN,9,46.38,230,-79.1,0.50,poza_zakresem_rabatu
2026-08-31T08:56:53+00:00,9835737904,2022 JPN Pokemon Charizard V,https://www.vinted.pl/items/9835737904-2022-jpn-pokemon-charizard-v,2841.22,PLN,10,,,,,brak_ceny_referencyjnej
2026-08-31T08:56:54+00:00,9824526229,Light Wigglytuff 54/105 Neo Destiny Pokémon WOTC Pokemon kort,https://www.vinted.pl/items/9824526229-light-wigglytuff-54105-neo-destiny-pokemon-wotc-pokemon-kort,47.37,PLN,,,,,,brak_psa_w_tytule_ani_opisie
2026-08-31T08:56:55+00:00,9824553094,Light Jolteon 48/105 Neo Destiny Pokémon WOTC Pokemon kort,https://www.vinted.pl/items/9824553094-light-jolteon-48105-neo-destiny-pokemon-wotc-pokemon-kort,236.85,PLN,,,,,,brak_psa_w_tytule_ani_opisie
2026-08-31T08:56:56+00:00,9824580734,Dark Wigglytuff 40/105 Neo Destiny Pokémon WOTC Pokemon kort,https://www.vinted.pl/items/9824580734-dark-wigglytuff-40105-neo-destiny-pokemon-wotc-pokemon-kort,31.58,PLN,,,,,,brak_psa_w_tytule_ani_opisie
2026-08-31T08:56:58+00:00,9824885517,Chansey 31/105 Neo Destiny Pokémon WOTC Pokemon kort,https://www.vinted.pl/items/9824885517-chansey-31105-neo-destiny-pokemon-wotc-pokemon-kort,33.55,PLN,,,,,,brak_psa_w_tytule_ani_opisie
2026-08-31T08:56:59+00:00,9824560770,Light Flareon 46/105 Neo Destiny Pokémon WOTC Pokemon kort,https://www.vinted.pl/items/9824560770-light-flareon-46105-neo-destiny-pokemon-wotc-pokemon-kort,86.84,PLN,,,,,,brak_psa_w_tytule_ani_opisie
2026-08-31T08:57:00+00:00,9824888843,Unown (W) 29/105 Neo Destiny Pokémon WOTC Pokemon kort,https://www.vinted.pl/items/9824888843-unown-w-29105-neo-destiny-pokemon-wotc-pokemon-kort,11.84,PLN,,,,,,brak_psa_w_tytule_ani_opisie
2026-08-31T08:57:01+00:00,9824917552,Holo - Light Azumarill 13/105 Neo Destiny Pokémon WOTC Pokemon kort,https://www.vinted.pl/items/9824917552-holo-light-azumarill-13105-neo-destiny-pokemon-wotc-pokemon-kort,69.08,PLN,,,,,,brak_psa_w_tytule_ani_opisie
2026-08-31T08:57:01+00:00,9824891444,Unown (G) 27/105 Neo Destiny Pokémon WOTC Pokemon kort,https://www.vinted.pl/items/9824891444-unown-g-27105-neo-destiny-pokemon-wotc-pokemon-kort,39.47,PLN,,,,,,brak_psa_w_tytule_ani_opisie
2026-08-31T08:57:02+00:00,9824911709,Light Machamp 25/105 Neo Destiny Pokémon WOTC Pokemon kort,https://www.vinted.pl/items/9824911709-light-machamp-25105-neo-destiny-pokemon-wotc-pokemon-kort,15.79,PLN,,,,,,brak_psa_w_tytule_ani_opisie
2026-08-31T08:57:03+00:00,9824914622,Light Lanturn 23/105 Neo Destiny Pokémon WOTC Pokemon kort,https://www.vinted.pl/items/9824914622-light-lanturn-23105-neo-destiny-pokemon-wotc-pokemon-kort,23.68,PLN,,,,,,brak_psa_w_tytule_ani_opisie
2026-08-31T08:57:04+00:00,9779666484,"Psyduck 65/82 Base set, Team Rocket Pokemon kort WOTC vintage 1999-2000",https://www.vinted.pl/items/9779666484-psyduck-6582-base-set-team-rocket-pokemon-kort-wotc-vintage-1999-2000,11.84,PLN,,,,,,brak_psa_w_tytule_ani_opisie
2026-08-31T08:57:05+00:00,9824922597,Holo - Dark Scizor 9/105 Neo Destiny Pokémon WOTC Pokemon kort,https://www.vinted.pl/items/9824922597-holo-dark-scizor-9105-neo-destiny-pokemon-wotc-pokemon-kort,296.06,PLN,,,,,,brak_psa_w_tytule_ani_opisie
2026-08-31T08:57:06+00:00,9834882122,Charmander 038 CGC 9 - Pokémon,https://www.vinted.pl/items/9834882122-charmander-038-cgc-9-pokemon,355.15,PLN,,,,,,brak_psa_w_tytule_ani_opisie
2026-08-31T08:57:07+00:00,9781448406,"Abra 49/82 Base set, Team Rocket Pokemon kort WOTC vintage 1999-2000",https://www.vinted.pl/items/9781448406-abra-4982-base-set-team-rocket-pokemon-kort-wotc-vintage-1999-2000,6.71,PLN,,,,,,brak_psa_w_tytule_ani_opisie
2026-08-31T08:57:07+00:00,9834446019,Magneton PSA 8,https://www.vinted.pl/items/9834446019-magneton-psa-8,165.0,PLN,8,,,,,brak_ceny_referencyjnej
2026-08-31T08:57:08+00:00,9834276518,Pikachu rumble psa 7,https://www.vinted.pl/items/9834276518-pikachu-rumble-psa-7,4851.47,PLN,7,1549.99,26,16.0,1.00,wyslano_na_discord
2026-08-31T08:57:09+00:00,9778106287,"Squirtle 68/82 Base set, Team Rocket Pokemon kort WOTC vintage 1999-2000",https://www.vinted.pl/items/9778106287-squirtle-6882-base-set-team-rocket-pokemon-kort-wotc-vintage-1999-2000,13.82,PLN,,,,,,brak_psa_w_tytule_ani_opisie
2026-08-31T08:57:10+00:00,9834917296,"Squirtle 039 CGC 8,5 - Pokémon",https://www.vinted.pl/items/9834917296-squirtle-039-cgc-85-pokemon,245.87,PLN,,,,,,brak_psa_w_tytule_ani_opisie
2026-08-31T08:57:10+00:00,9832945354,Dark sylveon slab ps9,https://www.vinted.pl/items/9832945354-dark-sylveon-slab-ps9,118.42,PLN,,,,,,brak_psa_w_tytule_ani_opisie
2026-08-31T08:57:10+00:00,9835006755,Dark Houndoom,https://www.vinted.pl/items/9835006755-dark-houndoom,87.62,PLN,,,,,,brak_psa_w_tytule_ani_opisie
2026-08-31T08:57:10+00:00,9779799485,"Magnemite 60/82 Base set, Team Rocket Pokemon kort WOTC vintage 1999-2000",https://www.vinted.pl/items/9779799485-magnemite-6082-base-set-team-rocket-pokemon-kort-wotc-vintage-1999-2000,5.13,PLN,,,,,,brak_psa_w_tytule_ani_opisie
2026-08-31T08:57:10+00:00,9834892022,Kyurem EX,https://www.vinted.pl/items/9834892022-kyurem-ex,87.62,PLN,,,,,,brak_psa_w_tytule_ani_opisie
2026-08-31T09:03:32+00:00,9839240613,Arcanine EX #83/92 Legend Maker BGS Beckett 8.5,https://www.vinted.pl/items/9839240613-arcanine-ex-8392-legend-maker-bgs-beckett-85,4176.08,PLN,BGS 8.5,,,,,brak_ceny_referencyjnej
2026-08-31T09:03:34+00:00,9839195412,Rayquaza Ex #97/97 2003 Pokemon EX Dragon BGS Beckett 5,https://www.vinted.pl/items/9839195412-rayquaza-ex-9797-2003-pokemon-ex-dragon-bgs-beckett-5,3736.49,PLN,BGS 5,,,,,brak_ceny_referencyjnej
2026-08-31T09:49:29+00:00,9839851813,Ninetales Holo PSA 7 Base set Japanease Pokemon Vintage,https://www.vinted.pl/items/9839851813-ninetales-holo-psa-7-base-set-japanease-pokemon-vintage,473.69,PLN,PSA 7,,,,,brak_ceny_referencyjnej
2026-08-31T09:49:30+00:00,9839834233,Dark Dragonite Holo  #149 PSA 8 Rocket Gang Japanease Pokemon Vintage,https://www.vinted.pl/items/9839834233-dark-dragonite-holo-149-psa-8-rocket-gang-japanease-pokemon-vintage,1183.84,PLN,PSA 8,,,,,brak_ceny_referencyjnej
2026-08-31T09:49:31+00:00,9839895509,Gra Pokemon Brilliant Diamond / Nintendo Switch,https://www.vinted.pl/items/9839895509-gra-pokemon-brilliant-diamond-nintendo-switch,170.0,PLN,PSA 10,,,,,brak_ceny_referencyjnej
2026-08-31T09:49:33+00:00,9824516475,Unown (Q) 59/105 Neo Destiny Pokémon WOTC Pokemon kort,https://www.vinted.pl/items/9824516475-unown-q-59105-neo-destiny-pokemon-wotc-pokemon-kort,17.76,PLN,,,,,,brak_gradingu_w_tytule_ani_opisie
2026-08-31T09:49:35+00:00,9824829946,Dark Haunter 36/105 Neo Destiny Pokémon WOTC Pokemon kort,https://www.vinted.pl/items/9824829946-dark-haunter-36105-neo-destiny-pokemon-wotc-pokemon-kort,35.53,PLN,,,,,,brak_gradingu_w_tytule_ani_opisie
2026-08-31T09:49:36+00:00,9824827474,Dark Omanyte 37/105 Neo Destiny Pokémon WOTC Pokemon kort,https://www.vinted.pl/items/9824827474-dark-omanyte-37105-neo-destiny-pokemon-wotc-pokemon-kort,19.74,PLN,,,,,,brak_gradingu_w_tytule_ani_opisie
2026-08-31T09:49:38+00:00,9839848326,Gra Pokemon Legends  Arceus / Nintendo Switch,https://www.vinted.pl/items/9839848326-gra-pokemon-legends-arceus-nintendo-switch,180.0,PLN,PSA 10,,,,,brak_ceny_referencyjnej
2026-08-31T09:49:40+00:00,9839835419,Gra  Gra Super Mario 3D world + Browser's Fury / Nintendo,https://www.vinted.pl/items/9839835419-gra-gra-super-mario-3d-world-browsers-fury-nintendo,220.0,PLN,PSA 10,,,,,brak_ceny_referencyjnej
2026-08-31T09:49:43+00:00,9839811565,Gra Animal Crossing / Nintendo Switch,https://www.vinted.pl/items/9839811565-gra-animal-crossing-nintendo-switch,160.0,PLN,PSA 10,,,,,brak_ceny_referencyjnej
2026-08-31T09:49:44+00:00,9839757620,Pokemon pokken tournament DX / Nintendo Switch,https://www.vinted.pl/items/9839757620-pokemon-pokken-tournament-dx-nintendo-switch,170.0,PLN,PSA 10,,,,,brak_ceny_referencyjnej
2026-08-31T10:04:50+00:00,9840095118,Dark Electrode [JP] 101,https://www.vinted.pl/items/9840095118-dark-electrode-jp-101,6.59,PLN,,,,,,brak_gradingu_w_tytule_ani_opisie
2026-08-31T10:04:51+00:00,9839997229,Dark Vileplume Holo #13 PSA 8 Rocket Pokemon vintage,https://www.vinted.pl/items/9839997229-dark-vileplume-holo-13-psa-8-rocket-pokemon-vintage,473.69,PLN,PSA 8,34.50,9,-268.6,0.75,poza_zakresem_rabatu
2026-08-31T10:04:51+00:00,9839907309,Rocket's Scyther Holo PSA 8 Leaders' Stadium japanease,https://www.vinted.pl/items/9839907309-rockets-scyther-holo-psa-8-leaders-stadium-japanease,591.72,PLN,PSA 8,,,,,brak_ceny_referencyjnej
2026-08-31T10:19:57+00:00,9840272788,Shroodle 144/193 Reverse Holo,https://www.vinted.pl/items/9840272788-shroodle-144193-reverse-holo,4.4,PLN,,,,,,brak_gradingu_w_tytule_ani_opisie
2026-08-31T10:19:58+00:00,9840244022,Jumpluff 3/193,https://www.vinted.pl/items/9840244022-jumpluff-3193,4.4,PLN,,,,,,brak_gradingu_w_tytule_ani_opisie
2026-08-31T10:20:00+00:00,9840212077,Dark Machoke [JP] 67,https://www.vinted.pl/items/9840212077-dark-machoke-jp-67,9.23,PLN,,,,,,brak_gradingu_w_tytule_ani_opisie
2026-08-31T10:20:01+00:00,9840189589,Noivern ex [JP] 135/190,https://www.vinted.pl/items/9840189589-noivern-ex-jp-135190,5.28,PLN,,,,,,brak_gradingu_w_tytule_ani_opisie
2026-08-31T10:20:03+00:00,9840169078,Glimmora ex [JP] 111/190,https://www.vinted.pl/items/9840169078-glimmora-ex-jp-111190,7.47,PLN,,,,,,brak_gradingu_w_tytule_ani_opisie
2026-08-31T10:20:04+00:00,9840149319,Paldean Clodsire ex [JP] 117/190,https://www.vinted.pl/items/9840149319-paldean-clodsire-ex-jp-117190,7.03,PLN,,,,,,brak_gradingu_w_tytule_ani_opisie
2026-08-31T10:20:06+00:00,9840121048,Aerodactyl VStar [JP] 57/100,https://www.vinted.pl/items/9840121048-aerodactyl-vstar-jp-57100,6.59,PLN,,,,,,brak_gradingu_w_tytule_ani_opisie
2026-08-31T10:35:11+00:00,9840429615,Weavile [JP] 120/190,https://www.vinted.pl/items/9840429615-weavile-jp-120190,4.4,PLN,,,,,,brak_gradingu_w_tytule_ani_opisie
2026-08-31T10:35:14+00:00,9840428216,Sprigatito Ex (ASC 251),https://www.vinted.pl/items/9840428216-sprigatito-ex-asc-251,10.75,PLN,PSA 10,,,,,brak_ceny_referencyjnej
2026-08-31T10:35:16+00:00,9840416081,Blastoise V (swsh101),https://www.vinted.pl/items/9840416081-blastoise-v-swsh101,36.24,PLN,PSA 10,,,,,brak_ceny_referencyjnej
2026-08-31T10:35:18+00:00,9840404343,Dreepy (m2a 211),https://www.vinted.pl/items/9840404343-dreepy-m2a-211,8.92,PLN,PSA 10,,,,,brak_ceny_referencyjnej
2026-08-31T10:35:20+00:00,9840398579,Revavroom [JP] 131/190,https://www.vinted.pl/items/9840398579-revavroom-jp-131190,4.4,PLN,,,,,,brak_gradingu_w_tytule_ani_opisie
2026-08-31T10:35:22+00:00,9840370011,Arboliva 23/198,https://www.vinted.pl/items/9840370011-arboliva-23198,4.4,PLN,,,,,,brak_gradingu_w_tytule_ani_opisie
2026-08-31T10:35:23+00:00,9840345814,Seviper 128/198 Reverse Holo,https://www.vinted.pl/items/9840345814-seviper-128198-reverse-holo,4.4,PLN,,,,,,brak_gradingu_w_tytule_ani_opisie
2026-08-31T10:35:25+00:00,9840325257,Flaaffy 67/198 Reverse Holo,https://www.vinted.pl/items/9840325257-flaaffy-67198-reverse-holo,4.4,PLN,,,,,,brak_gradingu_w_tytule_ani_opisie
2026-08-31T10:35:26+00:00,9840294650,Veluza 56/193 Reverse Holo,https://www.vinted.pl/items/9840294650-veluza-56193-reverse-holo,4.4,PLN,,,,,,brak_gradingu_w_tytule_ani_opisie
2026-08-31T10:50:31+00:00,9840639898,Quagsire [JP] 29/92,https://www.vinted.pl/items/9840639898-quagsire-jp-2992,131.88,PLN,,,,,,brak_gradingu_w_tytule_ani_opisie
2026-08-31T10:50:32+00:00,9840599961,Professor's Research: Professor Turo [JP] 177/190,https://www.vinted.pl/items/9840599961-professors-research-professor-turo-jp-177190,4.4,PLN,,,,,,brak_gradingu_w_tytule_ani_opisie
2026-08-31T10:50:34+00:00,9840573192,Team Rocket's Tyranitar [JP] 50/98,https://www.vinted.pl/items/9840573192-team-rockets-tyranitar-jp-5098,5.71,PLN,,,,,,brak_gradingu_w_tytule_ani_opisie
2026-08-31T10:50:36+00:00,9840542245,Eevee 074/131 Reverse Holo - Prismatic Evolutions Pokémon Scarlet & Violet,https://www.vinted.pl/items/9840542245-eevee-074131-reverse-holo-prismatic-evolutions-pokemon-scarlet-violet,4.74,PLN,,,,,,brak_gradingu_w_tytule_ani_opisie
2026-08-31T10:50:38+00:00,9840529788,Archaludon [JP] 73/102,https://www.vinted.pl/items/9840529788-archaludon-jp-73102,7.03,PLN,,,,,,brak_gradingu_w_tytule_ani_opisie
2026-08-31T10:50:39+00:00,9840527168,Glaceon 025/131 Holo - Prismatic Evolutions Pokémon Scarlet & Violet,https://www.vinted.pl/items/9840527168-glaceon-025131-holo-prismatic-evolutions-pokemon-scarlet-violet,4.74,PLN,,,,,,brak_gradingu_w_tytule_ani_opisie
2026-08-31T10:50:40+00:00,9840517844,Flareon 013/131 Holo - Prismatic Evolutions Pokémon Scarlet & Violet,https://www.vinted.pl/items/9840517844-flareon-013131-holo-prismatic-evolutions-pokemon-scarlet-violet,4.74,PLN,,,,,,brak_gradingu_w_tytule_ani_opisie
2026-08-31T10:50:42+00:00,9840511190,Leafeon 005/131 Holo - Prismatic Evolutions Pokémon Scarlet & Violet,https://www.vinted.pl/items/9840511190-leafeon-005131-holo-prismatic-evolutions-pokemon-scarlet-violet,4.74,PLN,,,,,,brak_gradingu_w_tytule_ani_opisie
2026-08-31T10:50:44+00:00,9840502766,sgc graded,https://www.vinted.pl/items/9840502766-sgc-graded,125.49,PLN,PSA 9,,,,,brak_ceny_referencyjnej
2026-08-31T10:50:46+00:00,9840505653,Toxtricity [JP] 65/190,https://www.vinted.pl/items/9840505653-toxtricity-jp-65190,4.4,PLN,,,,,,brak_gradingu_w_tytule_ani_opisie
2026-08-31T10:50:48+00:00,9840503832,Radiant Charizard (PGO 011) stav: Ex,https://www.vinted.pl/items/9840503832-radiant-charizard-pgo-011-stav-ex,78.13,PLN,PSA 10,,,,,brak_ceny_referencyjnej
2026-08-31T10:50:51+00:00,9840488804,Hitmontop (ASC 240),https://www.vinted.pl/items/9840488804-hitmontop-asc-240,23.49,PLN,PSA 10,,,,,brak_ceny_referencyjnej
2026-08-31T10:50:53+00:00,9840480987,Hawlucha [JP] 84/187,https://www.vinted.pl/items/9840480987-hawlucha-jp-84187,6.15,PLN,,,,,,brak_gradingu_w_tytule_ani_opisie
2026-08-31T10:50:55+00:00,9840471139,Golduck (FO 35) 1st ed.,https://www.vinted.pl/items/9840471139-golduck-fo-35-1st-ed,36.24,PLN,PSA 10,,,,,brak_ceny_referencyjnej
2026-08-31T10:50:57+00:00,9840464698,psa graded,https://www.vinted.pl/items/9840464698-psa-graded,326.27,PLN,PSA 9,,,,,brak_ceny_referencyjnej
2026-08-31T10:50:58+00:00,9840456697,Trevenant [JP] 12/100,https://www.vinted.pl/items/9840456697-trevenant-jp-12100,4.4,PLN,,,,,,brak_gradingu_w_tytule_ani_opisie
2026-08-31T10:51:00+00:00,9840454574,Mc Donald’s set (2017) stav: lp-gd,https://www.vinted.pl/items/9840454574-mc-donalds-set-2017-stav-lp-gd,21.67,PLN,PSA 10,,,,,brak_ceny_referencyjnej
2026-08-31T11:06:05+00:00,9840851234,Pikachu TEF EN 051 PSA 10,https://www.vinted.pl/items/9840851234-pikachu-tef-en-051-psa-10,627.44,PLN,PSA 10,734.71,16,77.1,0.33,poza_zakresem_rabatu
2026-08-31T11:06:06+00:00,9840804795,Celebi Prime - 92/102,https://www.vinted.pl/items/9840804795-celebi-prime-92102,315.4,PLN,,,,,,brak_gradingu_w_tytule_ani_opisie
2026-08-31T11:06:08+00:00,9840788742,Ash’s Pikachu Set!,https://www.vinted.pl/items/9840788742-ashs-pikachu-set,473.3,PLN,,,,,,brak_gradingu_w_tytule_ani_opisie
2026-08-31T11:36:17+00:00,9841177959,Psa 10 tradin  card Charmander,https://www.vinted.pl/items/9841177959-psa-10-tradin-card-charmander,208.66,PLN,PSA 10,117.62,84,52.4,0.50,poza_zakresem_rabatu
2026-08-31T11:51:20+00:00,9841380328,Pokémon Premium Graded Pack – 1× PSA10 Slab + 2 Booster Packs + 3 Cards,https://www.vinted.pl/items/9841380328-pokemon-premium-graded-pack-1x-psa10-slab-2-booster-packs-3-cards,350.0,PLN,PSA 10,,,,,brak_ceny_referencyjnej
2026-08-31T11:51:21+00:00,9841381916,Wellspring Mask Ogerpon EX 152,https://www.vinted.pl/items/9841381916-wellspring-mask-ogerpon-ex-152,45.0,PLN,,,,,,brak_gradingu_w_tytule_ani_opisie
2026-08-31T12:06:24+00:00,9841532046,Team Rocket’s Mewtwo 240/182 PSA 10 GEM MT,https://www.vinted.pl/items/9841532046-team-rockets-mewtwo-240182-psa-10-gem-mt,703.3,PLN,PSA 10,148.25,2,,0.60,za_mala_probka_sprzedazy
2026-08-31T12:06:26+00:00,9841530214,Mewtwo Legendary PSA,https://www.vinted.pl/items/9841530214-mewtwo-legendary-psa,4301.14,PLN,,,,,,brak_gradingu_w_tytule_ani_opisie
2026-08-31T12:21:30+00:00,9841815914,Reshiram ex (xJTG 030) Stamped PSA 10,https://www.vinted.pl/items/9841815914-reshiram-ex-xjtg-030-stamped-psa-10,263.75,PLN,PSA 10,,,,,brak_ceny_referencyjnej
2026-08-31T12:21:32+00:00,9841747764,Charizard V Champion Path #050,https://www.vinted.pl/items/9841747764-charizard-v-champion-path-050,543.79,PLN,PSA 10,,,,,brak_ceny_referencyjnej
2026-08-31T12:21:33+00:00,9841725709,Pikachu psa 10,https://www.vinted.pl/items/9841725709-pikachu-psa-10,264.92,PLN,PSA 10,2650.00,2,,1.00,za_mala_probka_sprzedazy
2026-08-31T12:36:38+00:00,9841927978,Charizard vmax climax #187 PSA 10,https://www.vinted.pl/items/9841927978-charizard-vmax-climax-187-psa-10,460.13,PLN,PSA 10,730.00,163,83.1,0.67,poza_zakresem_rabatu
2026-08-31T12:36:38+00:00,9841913956,Charizard Holo JP PSA 10 #017,https://www.vinted.pl/items/9841913956-charizard-holo-jp-psa-10-017,313.72,PLN,PSA 10,927.50,40,90.9,0.50,poza_zakresem_rabatu
2026-08-31T12:51:44+00:00,9841966737,Pokémon Display Stand – Graded Cards,https://www.vinted.pl/items/9841966737-pokemon-display-stand-graded-cards,58.22,PLN,,,,,,brak_gradingu_w_tytule_ani_opisie
2026-08-31T14:07:10+00:00,9842113693,Meowth 106/094 Phantasmal Flames ACE 10,https://www.vinted.pl/items/9842113693-meowth-106094-phantasmal-flames-ace-10,418.29,PLN,PSA 10,,,,,brak_ceny_referencyjnej
2026-08-31T14:07:12+00:00,9841491968,"Houndoom, #10/95 - team magma, team aqua",https://www.vinted.pl/items/9841491968-houndoom-1095-team-magma-team-aqua,249.92,PLN,PSA 1,,,,,brak_ceny_referencyjnej
2026-08-31T14:07:14+00:00,9841473998,"Sharpedo, #104/107 - Ex deoxys",https://www.vinted.pl/items/9841473998-sharpedo-104107-ex-deoxys,499.85,PLN,PSA 1,,,,,brak_ceny_referencyjnej
2026-08-31T14:07:17+00:00,9841187832,"Raichu, #25/165 - expedition",https://www.vinted.pl/items/9841187832-raichu-25165-expedition,852.68,PLN,PSA 1,,,,,brak_ceny_referencyjnej
2026-08-31T14:07:19+00:00,9841434807,"Venusaur, #18/110 - legendary collection",https://www.vinted.pl/items/9841434807-venusaur-18110-legendary-collection,705.67,PLN,PSA 1,,,,,brak_ceny_referencyjnej
2026-08-31T14:22:24+00:00,9842153726,Misty’s Psyduck AR 071/063,https://www.vinted.pl/items/9842153726-mistys-psyduck-ar-071063,199.0,PLN,,,,,,brak_gradingu_w_tytule_ani_opisie
2026-08-31T14:22:25+00:00,9841840009,Paldean Wooper (PFL 102) Phantasmal Flames,https://www.vinted.pl/items/9841840009-paldean-wooper-pfl-102-phantasmal-flames,307.71,PLN,,,,,,brak_gradingu_w_tytule_ani_opisie
2026-08-31T14:22:28+00:00,9842312833,Gengar chinese exclusive box,https://www.vinted.pl/items/9842312833-gengar-chinese-exclusive-box,346.95,PLN,PSA 10,,,,,brak_ceny_referencyjnej
2026-08-31T14:22:30+00:00,9842303769,Gengar chinese exclusive box,https://www.vinted.pl/items/9842303769-gengar-chinese-exclusive-box,346.95,PLN,PSA 10,,,,,brak_ceny_referencyjnej
2026-08-31T14:22:32+00:00,9841835985,Bouffalant ex (WHT 170) White Flare,https://www.vinted.pl/items/9841835985-bouffalant-ex-wht-170-white-flare,329.69,PLN,,,,,,brak_gradingu_w_tytule_ani_opisie
2026-08-31T14:22:34+00:00,9842294805,Gengar chinese exclusive box,https://www.vinted.pl/items/9842294805-gengar-chinese-exclusive-box,346.95,PLN,PSA 10,,,,,brak_ceny_referencyjnej
2026-08-31T14:37:40+00:00,9843024928,Pokemon,https://www.vinted.pl/items/9843024928-pokemon,2822.67,PLN,PSA 10,,,,,brak_ceny_referencyjnej
2026-08-31T14:37:40+00:00,9842941954,Charizard ex #183 PSA 10,https://www.vinted.pl/items/9842941954-charizard-ex-183-psa-10,1003.91,PLN,PSA 10,927.50,40,71.0,1.00,poza_zakresem_rabatu
2026-08-31T14:37:40+00:00,9842925743,Special Delivery Charizard #075 PSA 9 + swirl,https://www.vinted.pl/items/9842925743-special-delivery-charizard-075-psa-9-swirl,1296.72,PLN,PSA 9,224.88,229,-54.5,0.75,poza_zakresem_rabatu
2026-08-31T14:37:41+00:00,9842897081,Bill's Transfer #194 PSA 10,https://www.vinted.pl/items/9842897081-bills-transfer-194-psa-10,543.79,PLN,PSA 10,104.50,10,-39.4,0.50,poza_zakresem_rabatu
2026-08-31T14:37:41+00:00,9842879222,PSA 10 Lumineon,https://www.vinted.pl/items/9842879222-psa-10-lumineon,104.42,PLN,PSA 10,,,,,brak_ceny_referencyjnej
2026-08-31T14:52:45+00:00,9843403903,2009 Scyther/Holo  #130 Psa 8,https://www.vinted.pl/items/9843403903-2009-scytherholo-130-psa-8,404.42,PLN,PSA 8,8.99,3,-1105.3,1.00,poza_zakresem_rabatu
2026-08-31T14:52:46+00:00,9843253449,Oriocorio,https://www.vinted.pl/items/9843253449-oriocorio,588.06,PLN,PSA 10,,,,,brak_ceny_referencyjnej
2026-08-31T14:52:47+00:00,9843167080,Candice #189 silver tempest PSA 10,https://www.vinted.pl/items/9843167080-candice-189-silver-tempest-psa-10,292.81,PLN,PSA 10,47.00,9,-66.9,1.00,poza_zakresem_rabatu
2026-08-31T14:52:48+00:00,9843139707,Infernape🟥 case,https://www.vinted.pl/items/9843139707-infernape-case,118.69,PLN,,,,,,brak_gradingu_w_tytule_ani_opisie
2026-08-31T14:52:52+00:00,9824556009,Light Golduck 47/105 Neo Destiny Pokémon WOTC Pokemon kort,https://www.vinted.pl/items/9824556009-light-golduck-47105-neo-destiny-pokemon-wotc-pokemon-kort,11.84,PLN,,,,,,brak_gradingu_w_tytule_ani_opisie
2026-08-31T14:52:53+00:00,9824582819,Dark Quilava 39/105 Neo Destiny Pokémon WOTC Pokemon kort,https://www.vinted.pl/items/9824582819-dark-quilava-39105-neo-destiny-pokemon-wotc-pokemon-kort,11.84,PLN,,,,,,brak_gradingu_w_tytule_ani_opisie
2026-08-31T14:52:55+00:00,9824840286,Dark Exeggcutor 33/105 Neo Destiny Pokémon WOTC Pokemon kort,https://www.vinted.pl/items/9824840286-dark-exeggcutor-33105-neo-destiny-pokemon-wotc-pokemon-kort,19.74,PLN,,,,,,brak_gradingu_w_tytule_ani_opisie
2026-08-31T14:52:56+00:00,9843488873,Salamance Vmax BGS 9,https://www.vinted.pl/items/9843488873-salamance-vmax-bgs-9,250.0,PLN,BGS 9,4.25,1,,0.50,za_mala_probka_sprzedazy
2026-08-31T15:08:00+00:00,9843857673,Groudon 69/62 PSA 10,https://www.vinted.pl/items/9843857673-groudon-6962-psa-10,593.44,PLN,PSA 10,,,,,brak_ceny_referencyjnej
2026-08-31T15:08:00+00:00,9843766984,Pokemon PSA 9 Typhlosion,https://www.vinted.pl/items/9843766984-pokemon-psa-9-typhlosion,64.69,PLN,PSA 9,,,,,brak_ceny_referencyjnej
2026-08-31T15:08:01+00:00,9767912818,Greninja ex (SVP 132) Scarlet Violet promo SIR / Special Illustration Rare - slab PSA 9,https://www.vinted.pl/items/9767912818-greninja-ex-svp-132-scarlet-violet-promo-sir-special-illustration-rare-slab-psa-9,500.0,PLN,PSA 9,,,,,brak_ceny_referencyjnej
2026-08-31T15:08:02+00:00,9843575558,Pokemon,https://www.vinted.pl/items/9843575558-pokemon,294.03,PLN,PSA 10,,,,,brak_ceny_referencyjnej
2026-08-31T15:08:03+00:00,9767922780,Gardevoir EX (svi 245) - PSA 9 / SIR - Special Illustration Rare graded +rainbow slab guard,https://www.vinted.pl/items/9767922780-gardevoir-ex-svi-245-psa-9-sir-special-illustration-rare-graded-rainbow-slab-guard,550.0,PLN,PSA 9,,,,,brak_ceny_referencyjnej
2026-08-31T15:08:06+00:00,9843546095,Flareon Master Ball Reverse Holo,https://www.vinted.pl/items/9843546095-flareon-master-ball-reverse-holo,381.65,PLN,PSA 10,,,,,brak_ceny_referencyjnej
2026-08-31T15:08:08+00:00,9843496742,Sylveon & Glaceon GX,https://www.vinted.pl/items/9843496742-sylveon-glaceon-gx,2793.27,PLN,PSA 10,,,,,brak_ceny_referencyjnej
2026-08-31T15:23:13+00:00,9844008908,2000 Pokemon Team Rocket FIRST 1st Edition Dratini #53 - PSA 9 mint,https://www.vinted.pl/items/9844008908-2000-pokemon-team-rocket-first-1st-edition-dratini-53-psa-9-mint,157.9,PLN,PSA 9,,,,,brak_ceny_referencyjnej
2026-08-31T15:38:18+00:00,9844590692,Pokémon Mew ex,https://www.vinted.pl/items/9844590692-pokemon-mew-ex,1776.35,PLN,PSA 10,,,,,brak_ceny_referencyjnej
2026-08-31T15:38:19+00:00,9767902694,Mega Starmie ex (POR 118) SIR - Special Illustration Rare / BGS 10 Pristine Beckett slab,https://www.vinted.pl/items/9767902694-mega-starmie-ex-por-118-sir-special-illustration-rare-bgs-10-pristine-beckett-slab,1800.0,PLN,BGS 10,,,,,brak_ceny_referencyjnej
2026-08-31T15:38:20+00:00,9767906765,Mega Dragonite ex (asc 290) BGS 9.5 - SIR / Special Illustration Rare / slab Beckett,https://www.vinted.pl/items/9767906765-mega-dragonite-ex-asc-290-bgs-95-sir-special-illustration-rare-slab-beckett,4250.0,PLN,BGS 9.5,744.91,29,-52.9,0.38,poza_zakresem_rabatu
2026-08-31T15:53:23+00:00,9844908810,Magneton (SVP 159) - slab CGC 10 / PSA 10,https://www.vinted.pl/items/9844908810-magneton-svp-159-slab-cgc-10-psa-10,500.0,PLN,CGC 10,36.50,6,-267.0,0.50,poza_zakresem_rabatu
2026-08-31T15:53:23+00:00,9844888463,Articuno (CP4 023) - slab PSA 10,https://www.vinted.pl/items/9844888463-articuno-cp4-023-slab-psa-10,1050.0,PLN,PSA 10,94.99,61,-196.2,0.50,poza_zakresem_rabatu
2026-08-31T15:53:24+00:00,9844876448,Pyroar break (XY11f 010) - slab PSA 10,https://www.vinted.pl/items/9844876448-pyroar-break-xy11f-010-slab-psa-10,400.0,PLN,PSA 10,222.00,12,51.7,0.67,poza_zakresem_rabatu
2026-08-31T15:53:24+00:00,9844838557,Iono's Wattrel (SV-P 232) - slab PSA 10,https://www.vinted.pl/items/9844838557-ionos-wattrel-sv-p-232-slab-psa-10,210.0,PLN,PSA 10,,,,,brak_ceny_referencyjnej
2026-08-31T16:08:28+00:00,9844971017,"Alakazam ex (151C 189) - slab BGS Beckett 9,5 / PSA 10",https://www.vinted.pl/items/9844971017-alakazam-ex-151c-189-slab-bgs-beckett-95-psa-10,350.0,PLN,PSA 10,297.64,230,68.5,0.67,poza_zakresem_rabatu
2026-08-31T16:23:35+00:00,9824538114,Light Vaporeon 52/105 Neo Destiny Pokémon WOTC Pokemon kort,https://www.vinted.pl/items/9824538114-light-vaporeon-52105-neo-destiny-pokemon-wotc-pokemon-kort,86.84,PLN,,,,,,brak_gradingu_w_tytule_ani_opisie
2026-08-31T16:23:36+00:00,9824484158,Growlithe 68/105 Neo Destiny Pokémon WOTC Pokemon kort,https://www.vinted.pl/items/9824484158-growlithe-68105-neo-destiny-pokemon-wotc-pokemon-kort,13.82,PLN,,,,,,brak_gradingu_w_tytule_ani_opisie
2026-08-31T16:23:38+00:00,9824585188,Dark Pupitar 38/105 Neo Destiny Pokémon WOTC Pokemon kort,https://www.vinted.pl/items/9824585188-dark-pupitar-38105-neo-destiny-pokemon-wotc-pokemon-kort,11.84,PLN,,,,,,brak_gradingu_w_tytule_ani_opisie
2026-08-31T16:36:42+00:00,9845542138,Hitmonlee Holo 1997 PSA 9 Japanese Fossil #106,https://www.vinted.pl/items/9845542138-hitmonlee-holo-1997-psa-9-japanese-fossil-106,549.0,PLN,PSA 9,90.32,28,-62.9,0.67,poza_zakresem_rabatu
2026-08-31T21:38:51+00:00,9848794941,Deoxys V star GG46 Psa 10 karta Pokémon,https://www.vinted.pl/items/9848794941-deoxys-v-star-gg46-psa-10-karta-pokemon,1800.0,PLN,PSA 10,,,,,brak_ceny_referencyjnej
2026-08-31T21:38:51+00:00,9848576329,Karta Pokemon Gastly 80/71 japanese PSA 8,https://www.vinted.pl/items/9848576329-karta-pokemon-gastly-8071-japanese-psa-8,200.0,PLN,PSA 8,45.00,1,,0.50,za_mala_probka_sprzedazy
2026-08-31T21:38:51+00:00,9848567328,pikachu vmax 2020 japanese promo pokemon PSA 10,https://www.vinted.pl/items/9848567328-pikachu-vmax-2020-japanese-promo-pokemon-psa-10,2200.0,PLN,PSA 10,334.75,22,-76.1,0.75,poza_zakresem_rabatu
2026-08-31T21:38:51+00:00,9848554058,Pokemon Japanese fossil Tentacool PSA 10,https://www.vinted.pl/items/9848554058-pokemon-japanese-fossil-tentacool-psa-10,1176.11,PLN,PSA 10,187.75,31,-67.8,0.67,poza_zakresem_rabatu
2026-08-31T21:38:52+00:00,9848551817,Mew Southern Islands Japanese PSA 8,https://www.vinted.pl/items/9848551817-mew-southern-islands-japanese-psa-8,2100.0,PLN,PSA 8,1549.50,91,63.7,0.75,poza_zakresem_rabatu
2026-08-31T21:38:52+00:00,9848537890,Pokemon HOLO Japanese fossil Magneton PSA 10,https://www.vinted.pl/items/9848537890-pokemon-holo-japanese-fossil-magneton-psa-10,2058.2,PLN,PSA 10,450.00,22,-22.5,0.67,poza_zakresem_rabatu
2026-08-31T21:38:52+00:00,9848519961,Pokemon HOLO Japanese fossil Muk PSA 10,https://www.vinted.pl/items/9848519961-pokemon-holo-japanese-fossil-muk-psa-10,2058.2,PLN,PSA 10,478.12,13,-15.3,0.67,poza_zakresem_rabatu
2026-08-31T21:38:53+00:00,9824518068,Unown (P) 58/105 Neo Destiny Pokémon WOTC Pokemon kort,https://www.vinted.pl/items/9824518068-unown-p-58105-neo-destiny-pokemon-wotc-pokemon-kort,15.79,PLN,,,,,,brak_gradingu_w_tytule_ani_opisie
2026-08-31T21:38:54+00:00,9824522053,Scyther 55/105 Neo Destiny Pokémon WOTC Pokemon kort,https://www.vinted.pl/items/9824522053-scyther-55105-neo-destiny-pokemon-wotc-pokemon-kort,21.71,PLN,,,,,,brak_gradingu_w_tytule_ani_opisie
2026-08-31T21:38:56+00:00,9824572181,Houndour 43/105 Neo Destiny Pokémon WOTC Pokemon kort,https://www.vinted.pl/items/9824572181-houndour-43105-neo-destiny-pokemon-wotc-pokemon-kort,9.87,PLN,,,,,,brak_gradingu_w_tytule_ani_opisie
2026-08-31T21:38:57+00:00,9824574301,Hitmonlee 42/105 Neo Destiny Pokémon WOTC Pokemon kort,https://www.vinted.pl/items/9824574301-hitmonlee-42105-neo-destiny-pokemon-wotc-pokemon-kort,9.87,PLN,,,,,,brak_gradingu_w_tytule_ani_opisie
2026-08-31T21:38:58+00:00,9848265840,Charizard SWSH260 Holo - Black Star Promo - Full Art,https://www.vinted.pl/items/9848265840-charizard-swsh260-holo-black-star-promo-full-art,294.03,PLN,PSA 10,,,,,brak_ceny_referencyjnej
2026-08-31T21:38:59+00:00,9848229463,PSA 10 Mega Lucario ex #160 – Mega Evolution,https://www.vinted.pl/items/9848229463-psa-10-mega-lucario-ex-160-mega-evolution,411.64,PLN,PSA 10,680.00,313,83.8,1.00,poza_zakresem_rabatu
2026-08-31T21:38:59+00:00,9848158055,Mega Charizard X ex #023 a Oricorio ex #024 psa 10,https://www.vinted.pl/items/9848158055-mega-charizard-x-ex-023-a-oricorio-ex-024-psa-10,1821.29,PLN,PSA 10,2125.00,160,77.0,0.75,poza_zakresem_rabatu
2026-08-31T21:39:00+00:00,9848151695,Pikachu RC29/RC32 - Vintage Pokemon kort - XY Generations - Spanish Card,https://www.vinted.pl/items/9848151695-pikachu-rc29rc32-vintage-pokemon-kort-xy-generations-spanish-card,88.21,PLN,PSA 10,,,,,brak_ceny_referencyjnej
2026-08-31T21:39:02+00:00,9848124207,Rayquaza 16/110 Holo - Ex Delta Species - Vintage Pokemon kort,https://www.vinted.pl/items/9848124207-rayquaza-16110-holo-ex-delta-species-vintage-pokemon-kort,470.45,PLN,PSA 10,,,,,brak_ceny_referencyjnej
2026-08-31T21:39:02+00:00,9848099205,Brock's grit evolutions PSA 9,https://www.vinted.pl/items/9848099205-brocks-grit-evolutions-psa-9,160.0,PLN,PSA 9,,,,,brak_ceny_referencyjnej
2026-08-31T21:39:02+00:00,9848106694,Lana's Aid PSA 9,https://www.vinted.pl/items/9848106694-lanas-aid-psa-9,130.0,PLN,PSA 9,37.50,48,7.1,0.50,wyslano_na_discord
2026-08-31T21:39:04+00:00,9848097859,Meganium HGSS08 - Black Star Promo - Cosmos Holo - HeartGold & SoulSilver,https://www.vinted.pl/items/9848097859-meganium-hgss08-black-star-promo-cosmos-holo-heartgold-soulsilver,99.97,PLN,PSA 10,,,,,brak_ceny_referencyjnej
2026-08-31T21:39:05+00:00,9848068317,Alakazam 1/110 Holo - Vintage Pokemon kort - Wotc - Legendary Collection,https://www.vinted.pl/items/9848068317-alakazam-1110-holo-vintage-pokemon-kort-wotc-legendary-collection,99.97,PLN,PSA 10,,,,,brak_ceny_referencyjnej
2026-08-31T21:39:08+00:00,9848037055,Registeel ex 99/101 - Cracked Ice Holo - Vintage Pokemon kort - ex kort - ex Hidden Legends,https://www.vinted.pl/items/9848037055-registeel-ex-99101-cracked-ice-holo-vintage-pokemon-kort-ex-kort-ex-hidden-legends,294.03,PLN,PSA 10,,,,,brak_ceny_referencyjnej
2026-08-31T21:39:09+00:00,9847983843,Arceus LV.X DP56 - Cosmos Holo - Pokemon Black Star Promo - Nintendo Promo - Vintage Pokemon Kort,https://www.vinted.pl/items/9847983843-arceus-lvx-dp56-cosmos-holo-pokemon-black-star-promo-nintendo-promo-vintage-pokemon-kort,147.01,PLN,PSA 10,,,,,brak_ceny_referencyjnej
2026-08-31T21:39:11+00:00,9847938288,Gyarados EX 123/122 Holo Secret Rare - Vintage Pokemon Kort - XY Breakpoint,https://www.vinted.pl/items/9847938288-gyarados-ex-123122-holo-secret-rare-vintage-pokemon-kort-xy-breakpoint,352.83,PLN,PSA 10,,,,,brak_ceny_referencyjnej
2026-08-31T21:39:12+00:00,9847916298,Kyogre ex 037 - Cosmos Holo - Pokemon Black Star Promo - Vintage pokemon kort - Nintendo Promos,https://www.vinted.pl/items/9847916298-kyogre-ex-037-cosmos-holo-pokemon-black-star-promo-vintage-pokemon-kort-nintendo-promos,323.43,PLN,PSA 10,,,,,brak_ceny_referencyjnej
2026-08-31T21:39:12+00:00,9847676511,Charizard Vmax PSA 10,https://www.vinted.pl/items/9847676511-charizard-vmax-psa-10,793.88,PLN,PSA 10,730.00,163,70.9,1.00,poza_zakresem_rabatu
2026-08-31T21:39:12+00:00,9846791892,Espeon Neo Premium File 2 (JP) PSA 9,https://www.vinted.pl/items/9846791892-espeon-neo-premium-file-2-jp-psa-9,543.95,PLN,PSA 9,,,,,brak_ceny_referencyjnej
2026-08-31T21:39:13+00:00,9846778290,Mew Evolutions Reverse Holo PSA 10,https://www.vinted.pl/items/9846778290-mew-evolutions-reverse-holo-psa-10,3351.93,PLN,PSA 10,1307.00,32,31.3,1.00,wyslano_na_discord
2026-08-31T21:39:13+00:00,9846713387,Detektiv Pikachu 098 promo psa 10,https://www.vinted.pl/items/9846713387-detektiv-pikachu-098-promo-psa-10,2565.44,PLN,PSA 10,110.25,721,-523.5,0.33,poza_zakresem_rabatu
2026-08-31T21:39:15+00:00,9846011186,Ponúknité cenu,https://www.vinted.pl/items/9846011186-ponuknite-cenu,4.4,PLN,PSA 10,,,,,brak_ceny_referencyjnej
2026-08-31T21:39:15+00:00,9846260225,Iono (Pal 269) PSA 9,https://www.vinted.pl/items/9846260225-iono-pal-269-psa-9,291.22,PLN,PSA 9,46.38,230,-68.2,0.50,poza_zakresem_rabatu
2026-08-31T21:39:17+00:00,9846211093,Háčkovaný pikachu,https://www.vinted.pl/items/9846211093-hackovany-pikachu,87.92,PLN,,,,,,brak_gradingu_w_tytule_ani_opisie
2026-08-31T21:39:19+00:00,9845861869,Reshiram (CEL BLW 113),https://www.vinted.pl/items/9845861869-reshiram-cel-blw-113,269.0,PLN,PSA 9,,,,,brak_ceny_referencyjnej
2026-08-31T21:39:20+00:00,9824520410,Unown (C) 57/105 Neo Destiny Pokémon WOTC Pokemon kort,https://www.vinted.pl/items/9824520410-unown-c-57105-neo-destiny-pokemon-wotc-pokemon-kort,19.74,PLN,,,,,,brak_gradingu_w_tytule_ani_opisie
2026-08-31T21:39:22+00:00,9848677305,Greninja Star CGC 9.5,https://www.vinted.pl/items/9848677305-greninja-star-cgc-95,549.48,PLN,CGC 9.5,172.49,12,14.6,1.00,wyslano_na_discord
2026-09-01T00:48:19+00:00,9849120752,Mega Venusaur ex #177/132 SIR – BGS 10 Pristine,https://www.vinted.pl/items/9849120752-mega-venusaur-ex-177132-sir-bgs-10-pristine,1646.56,PLN,BGS 10,,,,,brak_ceny_referencyjnej
2026-09-01T06:07:46+00:00,9824384483,Unown (T) 88/105 Neo Destiny Pokémon WOTC Pokemon kort,https://www.vinted.pl/items/9824384483-unown-t-88105-neo-destiny-pokemon-wotc-pokemon-kort,7.87,PLN,,,,,,brak_gradingu_w_tytule_ani_opisie
2026-09-01T06:07:48+00:00,9824578237,Heracross 41/105 Neo Destiny Pokémon WOTC Pokemon kort,https://www.vinted.pl/items/9824578237-heracross-41105-neo-destiny-pokemon-wotc-pokemon-kort,15.74,PLN,,,,,,brak_gradingu_w_tytule_ani_opisie
2026-09-01T06:07:49+00:00,9824550983,Light Machoke 49/105 Neo Destiny Pokémon WOTC Pokemon kort,https://www.vinted.pl/items/9824550983-light-machoke-49105-neo-destiny-pokemon-wotc-pokemon-kort,13.77,PLN,,,,,,brak_gradingu_w_tytule_ani_opisie
2026-09-01T06:07:50+00:00,9849766519,Charizard PSA,https://www.vinted.pl/items/9849766519-charizard-psa,983.83,PLN,,,,,,brak_gradingu_w_tytule_ani_opisie
2026-09-01T11:41:23+00:00,9845392815,Charizard ex PSA 8 215/197 Obsidian Flames,https://www.vinted.pl/items/9845392815-charizard-ex-psa-8-215197-obsidian-flames,219.0,PLN,PSA 8,36.25,150,-61.9,1.00,poza_zakresem_rabatu
2026-09-01T11:41:25+00:00,9852068582,Meditite (sv7 111),https://www.vinted.pl/items/9852068582-meditite-sv7-111,10.7,PLN,PSA 10,,,,,brak_ceny_referencyjnej
2026-09-01T11:41:26+00:00,9852043576,Graveler (FO 33) 1st ed.,https://www.vinted.pl/items/9852043576-graveler-fo-33-1st-ed,27.02,PLN,PSA 10,,,,,brak_ceny_referencyjnej
2026-09-01T11:41:28+00:00,9852013260,Mega Gardevoir Ex (MEG 159),https://www.vinted.pl/items/9852013260-mega-gardevoir-ex-meg-159,21.58,PLN,PSA 10,,,,,brak_ceny_referencyjnej
2026-09-01T11:41:30+00:00,9851994473,Ultra Ball (ASC 264),https://www.vinted.pl/items/9851994473-ultra-ball-asc-264,19.76,PLN,PSA 10,,,,,brak_ceny_referencyjnej
2026-09-01T11:41:31+00:00,9851966051,Mega Lucario Ex (m2a 228),https://www.vinted.pl/items/9851966051-mega-lucario-ex-m2a-228,27.02,PLN,PSA 10,,,,,brak_ceny_referencyjnej
2026-09-01T11:41:31+00:00,9851948343,Karta pokemon - 2019 Pokemon Old Maid Gengar PSA 10,https://www.vinted.pl/items/9851948343-karta-pokemon-2019-pokemon-old-maid-gengar-psa-10,600.0,PLN,PSA 10,,,,,brak_ceny_referencyjnej
2026-09-01T11:41:34+00:00,9851949519,Togedemaru (PFL 104) 2x,https://www.vinted.pl/items/9851949519-togedemaru-pfl-104-2x,21.58,PLN,PSA 10,,,,,brak_ceny_referencyjnej
2026-09-01T11:41:34+00:00,9851925291,Karta Pokemon- 2019 Pokemon Old Maid Snorlax PSA 10,https://www.vinted.pl/items/9851925291-karta-pokemon-2019-pokemon-old-maid-snorlax-psa-10,500.0,PLN,PSA 10,,,,,brak_ceny_referencyjnej
2026-09-01T11:41:35+00:00,9852064049,Magnetyczne Aluminiowe Etui na Kartę Pokémon MTG One-Touch Case,https://www.vinted.pl/items/9852064049-magnetyczne-aluminiowe-etui-na-karte-pokemon-mtg-one-touch-case,39.0,PLN,,,,,,brak_gradingu_w_tytule_ani_opisie
2026-09-01T11:41:37+00:00,9851989642,Magnetyczne Aluminiowe Etui na Kartę Pokémon MTG One-Touch Case,https://www.vinted.pl/items/9851989642-magnetyczne-aluminiowe-etui-na-karte-pokemon-mtg-one-touch-case,39.0,PLN,,,,,,brak_gradingu_w_tytule_ani_opisie
2026-09-01T11:41:38+00:00,9851416274,Bewear (SFA 079) Shrouded Fable - Singles,https://www.vinted.pl/items/9851416274-bewear-sfa-079-shrouded-fable-singles,150.0,PLN,PSA 10,,,,,brak_ceny_referencyjnej
2026-09-01T11:41:39+00:00,9851330644,Psyduck MEP 007 Promo PSA 10,https://www.vinted.pl/items/9851330644-psyduck-mep-007-promo-psa-10,2190.09,PLN,PSA 10,867.50,90,32.4,0.67,wyslano_na_discord
2026-09-01T11:41:39+00:00,9851307205,Marshadow IR 146 PSA 10,https://www.vinted.pl/items/9851307205-marshadow-ir-146-psa-10,657.03,PLN,PSA 10,,,,,brak_ceny_referencyjnej
2026-09-01T11:41:39+00:00,9851298450,Snorlax SVP 051 Promo PSA 10,https://www.vinted.pl/items/9851298450-snorlax-svp-051-promo-psa-10,1095.05,PLN,PSA 10,341.66,2,,0.67,za_mala_probka_sprzedazy
2026-09-01T11:41:39+00:00,9851295424,Pokemon karta Detective Pikachu PSA 8,https://www.vinted.pl/items/9851295424-pokemon-karta-detective-pikachu-psa-8,175.21,PLN,PSA 8,,,,,brak_ceny_referencyjnej
2026-09-01T11:41:40+00:00,9851153685,Pokémon Venomoth Jungle 1st Edition #29/64 PSA 10 GEM MT,https://www.vinted.pl/items/9851153685-pokemon-venomoth-jungle-1st-edition-2964-psa-10-gem-mt,1199.0,PLN,PSA 10,,,,,brak_ceny_referencyjnej
2026-09-01T11:41:40+00:00,9851031547,Karta Pokemon Mega Sharpedo ex (PFL 127) PSA 9,https://www.vinted.pl/items/9851031547-karta-pokemon-mega-sharpedo-ex-pfl-127-psa-9,250.0,PLN,PSA 9,26.61,125,-151.7,0.75,poza_zakresem_rabatu
2026-09-01T11:41:41+00:00,9824500477,Cyndaquil 61/105 Neo Destiny Pokémon WOTC Pokemon kort,https://www.vinted.pl/items/9824500477-cyndaquil-61105-neo-destiny-pokemon-wotc-pokemon-kort,4.72,PLN,,,,,,brak_gradingu_w_tytule_ani_opisie
2026-09-01T11:41:41+00:00,9850992175,Karta Pokemon Bulbasaur (m1L 064) PSA 10,https://www.vinted.pl/items/9850992175-karta-pokemon-bulbasaur-m1l-064-psa-10,245.0,PLN,PSA 10,2124.99,1,,0.50,za_mala_probka_sprzedazy
2026-09-01T11:41:43+00:00,9824493111,Exeggcute 64/105 Neo Destiny Pokémon WOTC Pokemon kort,https://www.vinted.pl/items/9824493111-exeggcute-64105-neo-destiny-pokemon-wotc-pokemon-kort,5.12,PLN,,,,,,brak_gradingu_w_tytule_ani_opisie
2026-09-01T11:41:44+00:00,9824473179,Mantine 74/105 Neo Destiny Pokémon WOTC Pokemon kort,https://www.vinted.pl/items/9824473179-mantine-74105-neo-destiny-pokemon-wotc-pokemon-kort,5.9,PLN,,,,,,brak_gradingu_w_tytule_ani_opisie
2026-09-01T11:41:45+00:00,9850942040,Oricorio psa 10,https://www.vinted.pl/items/9850942040-oricorio-psa-10,427.79,PLN,PSA 10,,,,,brak_ceny_referencyjnej
2026-09-01T11:41:46+00:00,9850942934,Pokémon Celebrations Blastoise Holo 2/102 – CGC Gem Mint 10,https://www.vinted.pl/items/9850942934-pokemon-celebrations-blastoise-holo-2102-cgc-gem-mint-10,438.02,PLN,,,,,,brak_gradingu_w_tytule_ani_opisie
2026-09-01T11:41:46+00:00,9850884096,Karta Pokemon Mega Kangashkan ex (m1S 089) PSA 10,https://www.vinted.pl/items/9850884096-karta-pokemon-mega-kangashkan-ex-m1s-089-psa-10,305.0,PLN,PSA 10,,,,,brak_ceny_referencyjnej
2026-09-01T11:41:47+00:00,9850281511,Akryl na slaba PSA/CGC w gradedguard **bez gradedguard**,https://www.vinted.pl/items/9850281511-akryl-na-slaba-psacgc-w-gradedguard-bez-gradedguard,70.0,PLN,,,,,,brak_gradingu_w_tytule_ani_opisie
2026-09-01T11:41:48+00:00,9850759556,Pokemon Rayqauza stamped promo PSA 7,https://www.vinted.pl/items/9850759556-pokemon-rayqauza-stamped-promo-psa-7,4394.55,PLN,PSA 7,,,,,brak_ceny_referencyjnej
2026-09-01T11:41:48+00:00,9850612156,PSA 7 holo skyridge charizard,https://www.vinted.pl/items/9850612156-psa-7-holo-skyridge-charizard,59000.0,PLN,PSA 7,14825.00,13,-6.6,1.00,poza_zakresem_rabatu
2026-09-01T11:41:48+00:00,9850305502,Reshiram EX 174 PSA 10 japansk,https://www.vinted.pl/items/9850305502-reshiram-ex-174-psa-10-japansk,2637.08,PLN,PSA 10,,,,,brak_ceny_referencyjnej
2026-09-01T11:41:48+00:00,9850234967,Charizard and oricorio psa 10,https://www.vinted.pl/items/9850234967-charizard-and-oricorio-psa-10,1289.24,PLN,PSA 10,927.50,40,62.8,0.50,poza_zakresem_rabatu
2026-09-01T11:41:48+00:00,9850238161,Charizard psa 10,https://www.vinted.pl/items/9850238161-charizard-psa-10,820.42,PLN,PSA 10,927.50,40,76.3,1.00,poza_zakresem_rabatu
2026-09-01T11:41:48+00:00,9850231388,Charizard og oricorio psa 10,https://www.vinted.pl/items/9850231388-charizard-og-oricorio-psa-10,1289.24,PLN,PSA 10,,,,,brak_ceny_referencyjnej
2026-09-01T11:41:50+00:00,9850165516,Charizard #4 Delta Species,https://www.vinted.pl/items/9850165516-charizard-4-delta-species,1248.35,PLN,,,,,,brak_gradingu_w_tytule_ani_opisie
2026-09-01T11:41:53+00:00,9852313094,Pokémon,https://www.vinted.pl/items/9852313094-pokemon,177.09,PLN,,,,,,brak_gradingu_w_tytule_ani_opisie
2026-09-01T15:33:58+00:00,9855231268,Haunter PSA 9 - 4th print,https://www.vinted.pl/items/9855231268-haunter-psa-9-4th-print,500.0,PLN,PSA 9,,,,,brak_ceny_referencyjnej
2026-09-01T15:33:58+00:00,9855221000,Hitmonchan #7 PSA 9 Base Set,https://www.vinted.pl/items/9855221000-hitmonchan-7-psa-9-base-set,1150.0,PLN,PSA 9,,,,,brak_ceny_referencyjnej
2026-09-01T15:33:58+00:00,9855208925,Dragonite Holo Delta Species PSA 7,https://www.vinted.pl/items/9855208925-dragonite-holo-delta-species-psa-7,1650.0,PLN,PSA 7,359.78,27,-22.7,1.00,poza_zakresem_rabatu
2026-09-01T15:33:58+00:00,9855190153,Clefairy #5 PSA 9 Base Set,https://www.vinted.pl/items/9855190153-clefairy-5-psa-9-base-set,1300.0,PLN,PSA 9,99.99,5,-247.9,1.00,poza_zakresem_rabatu
2026-09-01T15:33:59+00:00,9855125589,bubble mew 232 psa 10 graded card pokemon,https://www.vinted.pl/items/9855125589-bubble-mew-232-psa-10-graded-card-pokemon,15330.66,PLN,PSA 10,,,,,brak_ceny_referencyjnej
2026-09-01T15:33:59+00:00,9855083472,Iono (Pal 269) PSA 9,https://www.vinted.pl/items/9855083472-iono-pal-269-psa-9,271.81,PLN,PSA 9,48.38,232,-50.3,0.50,poza_zakresem_rabatu
2026-09-01T15:34:00+00:00,9855068014,Pokémon Wugtrio (PAF 224) Oryginalna Karta TCG,https://www.vinted.pl/items/9855068014-pokemon-wugtrio-paf-224-oryginalna-karta-tcg,13.0,PLN,,,,,,brak_gradingu_w_tytule_ani_opisie
2026-09-01T15:34:02+00:00,9824457172,Mareep 75/105 Neo Destiny Pokémon WOTC Pokemon kort,https://www.vinted.pl/items/9824457172-mareep-75105-neo-destiny-pokemon-wotc-pokemon-kort,9.84,PLN,,,,,,brak_gradingu_w_tytule_ani_opisie
2026-09-01T15:34:03+00:00,9824487105,Gligar 67/105 Neo Destiny Pokémon WOTC Pokemon kort,https://www.vinted.pl/items/9824487105-gligar-67105-neo-destiny-pokemon-wotc-pokemon-kort,5.9,PLN,,,,,,brak_gradingu_w_tytule_ani_opisie
2026-09-01T15:34:05+00:00,9824533672,Light Venomoth 53/105 Neo Destiny Pokémon WOTC Pokemon kort,https://www.vinted.pl/items/9824533672-light-venomoth-53105-neo-destiny-pokemon-wotc-pokemon-kort,13.77,PLN,,,,,,brak_gradingu_w_tytule_ani_opisie
2026-09-01T15:34:05+00:00,9855043731,giratina 186 psa 10 graded card pokemon,https://www.vinted.pl/items/9855043731-giratina-186-psa-10-graded-card-pokemon,16644.72,PLN,PSA 10,,,,,brak_ceny_referencyjnej
2026-09-01T15:34:07+00:00,9855030062,Pokémon Passimian (TG08 TG30) Oryginalna Karta TCG,https://www.vinted.pl/items/9855030062-pokemon-passimian-tg08-tg30-oryginalna-karta-tcg,10.0,PLN,,,,,,brak_gradingu_w_tytule_ani_opisie
2026-09-01T15:34:08+00:00,9855018402,Pokémon Bulbasaur (M1L 064) Oryginalna Karta TCG,https://www.vinted.pl/items/9855018402-pokemon-bulbasaur-m1l-064-oryginalna-karta-tcg,45.0,PLN,,,,,,brak_gradingu_w_tytule_ani_opisie
2026-09-01T15:34:08+00:00,9855013528,umbreon 215 moonbreon psa 10 graded card pokemon,https://www.vinted.pl/items/9855013528-umbreon-215-moonbreon-psa-10-graded-card-pokemon,20148.87,PLN,PSA 10,6000.00,2,,0.50,za_mala_probka_sprzedazy
2026-09-01T15:34:10+00:00,9855007471,Pokémon Armarouge (M5 083) Oryginalna Karta TCG,https://www.vinted.pl/items/9855007471-pokemon-armarouge-m5-083-oryginalna-karta-tcg,22.0,PLN,,,,,,brak_gradingu_w_tytule_ani_opisie
2026-09-01T15:34:10+00:00,9854988595,umbreon / sunbreon 161 psa 10 graded card pokemon,https://www.vinted.pl/items/9854988595-umbreon-sunbreon-161-psa-10-graded-card-pokemon,28471.23,PLN,PSA 10,6000.00,2,,0.50,za_mala_probka_sprzedazy
2026-09-01T15:34:11+00:00,9854990742,Pokémon Spearow (M1L 074) Oryginalna Karta TCG,https://www.vinted.pl/items/9854990742-pokemon-spearow-m1l-074-oryginalna-karta-tcg,11.0,PLN,,,,,,brak_gradingu_w_tytule_ani_opisie
2026-09-01T15:34:13+00:00,9854981386,Pokémon Dewgong (M2 084) Oryginalna Karta TCG,https://www.vinted.pl/items/9854981386-pokemon-dewgong-m2-084-oryginalna-karta-tcg,13.0,PLN,,,,,,brak_gradingu_w_tytule_ani_opisie
2026-09-01T15:34:13+00:00,9854964905,pikachu cramorant set japanese promo psa 10 graded card pokemon,https://www.vinted.pl/items/9854964905-pikachu-cramorant-set-japanese-promo-psa-10-graded-card-pokemon,24091.04,PLN,PSA 10,637.50,8,-911.2,0.40,poza_zakresem_rabatu
2026-09-01T15:34:15+00:00,9854968885,Pokémon Mega Charizard X ex (PFL 013) Oryginalna Karta TCG,https://www.vinted.pl/items/9854968885-pokemon-mega-charizard-x-ex-pfl-013-oryginalna-karta-tcg,15.0,PLN,,,,,,brak_gradingu_w_tytule_ani_opisie
2026-09-01T15:34:15+00:00,9854956923,squirtle psa 10 graded card pokemon,https://www.vinted.pl/items/9854956923-squirtle-psa-10-graded-card-pokemon,3285.14,PLN,PSA 10,2700.00,4,67.4,1.00,poza_zakresem_rabatu
2026-09-01T15:34:17+00:00,9854958699,Pokémon Charizard ex (PAF 054) Oryginalna Karta TCG,https://www.vinted.pl/items/9854958699-pokemon-charizard-ex-paf-054-oryginalna-karta-tcg,22.0,PLN,,,,,,brak_gradingu_w_tytule_ani_opisie
2026-09-01T15:34:17+00:00,9854948430,meowth chinese čínske promo psa 10 graded card pokemon,https://www.vinted.pl/items/9854948430-meowth-chinese-cinske-promo-psa-10-graded-card-pokemon,1752.08,PLN,PSA 10,,,,,brak_ceny_referencyjnej
2026-09-01T15:34:17+00:00,9854941554,ivysaur 167 psa 10 graded card pokemon,https://www.vinted.pl/items/9854941554-ivysaur-167-psa-10-graded-card-pokemon,2190.09,PLN,PSA 10,,,,,brak_ceny_referencyjnej
2026-09-01T15:34:19+00:00,9854947175,Pokémon Mega Gengar ex (PFL 056) Oryginalna Karta TCG,https://www.vinted.pl/items/9854947175-pokemon-mega-gengar-ex-pfl-056-oryginalna-karta-tcg,13.0,PLN,,,,,,brak_gradingu_w_tytule_ani_opisie
2026-09-01T15:34:19+00:00,9854933535,charizard 79 psa 10 graded card pokemon,https://www.vinted.pl/items/9854933535-charizard-79-psa-10-graded-card-pokemon,2102.49,PLN,PSA 10,927.50,40,39.3,1.00,wyslano_na_discord
2026-09-01T15:34:21+00:00,9854922900,Pokémon Eevee ex (PRE 075) Oryginalna Karta TCG,https://www.vinted.pl/items/9854922900-pokemon-eevee-ex-pre-075-oryginalna-karta-tcg,40.0,PLN,,,,,,brak_gradingu_w_tytule_ani_opisie
2026-09-01T15:34:21+00:00,9854915952,charizard 199 151 set psa 10 graded card pokemon,https://www.vinted.pl/items/9854915952-charizard-199-151-set-psa-10-graded-card-pokemon,7446.32,PLN,PSA 10,,,,,brak_ceny_referencyjnej
2026-09-01T15:34:21+00:00,9854904694,charizard 223 psa 10 graded card pokemon,https://www.vinted.pl/items/9854904694-charizard-223-psa-10-graded-card-pokemon,3723.16,PLN,PSA 10,927.50,40,-7.4,1.00,poza_zakresem_rabatu
2026-09-01T15:34:21+00:00,9854896062,Gloom 198  psa 10 graded card pokemon,https://www.vinted.pl/items/9854896062-gloom-198-psa-10-graded-card-pokemon,1095.05,PLN,PSA 10,,,,,brak_ceny_referencyjnej
2026-09-01T15:34:21+00:00,9854888450,Cubone first edition psa 10 graded card pokemon,https://www.vinted.pl/items/9854888450-cubone-first-edition-psa-10-graded-card-pokemon,3066.13,PLN,PSA 10,400.00,5,-105.1,0.33,poza_zakresem_rabatu
2026-09-01T15:34:21+00:00,9854879151,bulbasaur 166 psa 10 graded card pokemon,https://www.vinted.pl/items/9854879151-bulbasaur-166-psa-10-graded-card-pokemon,1971.09,PLN,PSA 10,2124.99,1,,1.00,za_mala_probka_sprzedazy
2026-09-01T15:34:21+00:00,9854869492,blastoise 200 151 set psa 10 graded card pokemon,https://www.vinted.pl/items/9854869492-blastoise-200-151-set-psa-10-graded-card-pokemon,3153.74,PLN,PSA 10,275.00,3,-206.9,1.00,poza_zakresem_rabatu
2026-09-01T15:34:22+00:00,9854857459,alakazam 201 psa 10 graded card pokemon,https://www.vinted.pl/items/9854857459-alakazam-201-psa-10-graded-card-pokemon,1971.09,PLN,PSA 10,,,,,brak_ceny_referencyjnej
2026-09-01T15:34:22+00:00,9854846675,Abra 40 first edition psa 10 graded card pokemon,https://www.vinted.pl/items/9854846675-abra-40-first-edition-psa-10-graded-card-pokemon,2409.1,PLN,PSA 10,10.00,1,,0.33,za_mala_probka_sprzedazy
2026-09-01T15:34:23+00:00,9854748858,Mewtwo #56,https://www.vinted.pl/items/9854748858-mewtwo-56,262.81,PLN,,,,,,brak_gradingu_w_tytule_ani_opisie
2026-09-01T15:34:25+00:00,9854748890,Pokémon Oranguru TG12/TG30 – Brilliant Stars,https://www.vinted.pl/items/9854748890-pokemon-oranguru-tg12tg30-brilliant-stars,10.91,PLN,PSA 10,,,,,brak_ceny_referencyjnej
2026-09-01T15:34:26+00:00,9854717702,Charizard #19,https://www.vinted.pl/items/9854717702-charizard-19,394.22,PLN,,,,,,brak_gradingu_w_tytule_ani_opisie
2026-09-01T15:34:28+00:00,9854688621,Charizard #103,https://www.vinted.pl/items/9854688621-charizard-103,832.24,PLN,,,,,,brak_gradingu_w_tytule_ani_opisie
2026-09-01T15:34:30+00:00,9854659051,Charizard #19,https://www.vinted.pl/items/9854659051-charizard-19,208.06,PLN,,,,,,brak_gradingu_w_tytule_ani_opisie
2026-09-01T15:34:31+00:00,9854632999,Machamp #8,https://www.vinted.pl/items/9854632999-machamp-8,153.31,PLN,,,,,,brak_gradingu_w_tytule_ani_opisie
2026-09-01T15:34:32+00:00,9854617513,Dark Charizard #4,https://www.vinted.pl/items/9854617513-dark-charizard-4,678.93,PLN,,,,,,brak_gradingu_w_tytule_ani_opisie
2026-09-01T15:34:32+00:00,9854198349,Japansk Meowth #192 Promo PSA 8,https://www.vinted.pl/items/9854198349-japansk-meowth-192-promo-psa-8,234.41,PLN,PSA 8,22.50,2,,0.67,za_mala_probka_sprzedazy
2026-09-01T15:34:34+00:00,9854354312,Pokemon Dedenne TG07/TG30 – Brilliant Stars,https://www.vinted.pl/items/9854354312-pokemon-dedenne-tg07tg30-brilliant-stars,30.62,PLN,,,,,,brak_gradingu_w_tytule_ani_opisie
2026-09-01T15:34:36+00:00,9854107828,Leafeon 005/131 Holo - Prismatic Evolutions Pokémon Scarlet & Violet,https://www.vinted.pl/items/9854107828-leafeon-005131-holo-prismatic-evolutions-pokemon-scarlet-violet,5.9,PLN,,,,,,brak_gradingu_w_tytule_ani_opisie
2026-09-01T15:34:38+00:00,9854098023,Flareon 013/131 Holo - Prismatic Evolutions Pokémon Scarlet & Violet,https://www.vinted.pl/items/9854098023-flareon-013131-holo-prismatic-evolutions-pokemon-scarlet-violet,5.9,PLN,,,,,,brak_gradingu_w_tytule_ani_opisie
2026-09-01T15:34:39+00:00,9854081463,Sylveon V 0913/15 - Chinese Gem Pack 2 Pokémon Scarlet & Violet,https://www.vinted.pl/items/9854081463-sylveon-v-091315-chinese-gem-pack-2-pokemon-scarlet-violet,15.35,PLN,,,,,,brak_gradingu_w_tytule_ani_opisie
2026-09-01T15:34:40+00:00,9854070339,Umbreon V 0613/15 - Chinese Gem Pack 2 Pokémon Scarlet & Violet,https://www.vinted.pl/items/9854070339-umbreon-v-061315-chinese-gem-pack-2-pokemon-scarlet-violet,15.35,PLN,,,,,,brak_gradingu_w_tytule_ani_opisie
2026-09-01T15:34:42+00:00,9854048226,Vaporeon V 0213/15 - Chinese Gem Pack 2 Pokémon Scarlet & Violet,https://www.vinted.pl/items/9854048226-vaporeon-v-021315-chinese-gem-pack-2-pokemon-scarlet-violet,15.35,PLN,,,,,,brak_gradingu_w_tytule_ani_opisie
2026-09-01T15:34:44+00:00,9854037721,Eevee V 0113/15 - Chinese Gem Pack 2 Pokémon Scarlet & Violet,https://www.vinted.pl/items/9854037721-eevee-v-011315-chinese-gem-pack-2-pokemon-scarlet-violet,15.35,PLN,,,,,,brak_gradingu_w_tytule_ani_opisie
2026-09-01T18:15:57+00:00,9857675733,Leafeon Vmax 205 Psa 10,https://www.vinted.pl/items/9857675733-leafeon-vmax-205-psa-10,2344.07,PLN,PSA 10,600.00,291,-4.5,1.00,poza_zakresem_rabatu
2026-09-01T18:15:57+00:00,9857671445,Slugma 2003 PSA 9 - mint,https://www.vinted.pl/items/9857671445-slugma-2003-psa-9-mint,168.4,PLN,PSA 9,,,,,brak_ceny_referencyjnej
2026-09-01T18:15:58+00:00,9857668886,Pikachu PSA 8,https://www.vinted.pl/items/9857668886-pikachu-psa-8,197.11,PLN,PSA 8,235.00,39,77.6,1.00,poza_zakresem_rabatu
2026-09-01T18:15:59+00:00,9857617932,Charizard pokemon kort,https://www.vinted.pl/items/9857617932-charizard-pokemon-kort,1403.51,PLN,,,,,,brak_gradingu_w_tytule_ani_opisie
2026-09-01T18:15:59+00:00,9857268651,Haunter jap PSA 9,https://www.vinted.pl/items/9857268651-haunter-jap-psa-9,239.17,PLN,PSA 9,,,,,brak_ceny_referencyjnej
2026-09-01T18:16:00+00:00,9857606590,N’s Zekrom Promo 31 Psa 9,https://www.vinted.pl/items/9857606590-ns-zekrom-promo-31-psa-9,175.81,PLN,PSA 9,431.00,9,89.1,0.40,poza_zakresem_rabatu
2026-09-01T18:16:00+00:00,9857600737,N’s Zekrom Promo 31 Psa 9,https://www.vinted.pl/items/9857600737-ns-zekrom-promo-31-psa-9,175.81,PLN,PSA 9,431.00,9,89.1,0.40,poza_zakresem_rabatu
2026-09-01T18:16:00+00:00,9857590555,N’s Zekrom Promo 31 Psa 9,https://www.vinted.pl/items/9857590555-ns-zekrom-promo-31-psa-9,175.81,PLN,PSA 9,431.00,9,89.1,0.40,poza_zakresem_rabatu
2026-09-01T18:16:00+00:00,9857583998,N’s Zekrom Promo 31 Psa 9,https://www.vinted.pl/items/9857583998-ns-zekrom-promo-31-psa-9,175.81,PLN,PSA 9,431.00,9,89.1,0.40,poza_zakresem_rabatu
2026-09-01T18:16:01+00:00,9857265798,Vulpix jap PSA 9,https://www.vinted.pl/items/9857265798-vulpix-jap-psa-9,143.25,PLN,PSA 9,16.99,11,-125.6,0.50,poza_zakresem_rabatu
2026-09-01T18:16:01+00:00,9857564605,Iono’s Wattrel 231 Psa 9,https://www.vinted.pl/items/9857564605-ionos-wattrel-231-psa-9,146.5,PLN,PSA 9,22.50,31,-74.2,1.00,poza_zakresem_rabatu
2026-09-01T18:16:01+00:00,9857263238,Chansey jap PSA 9,https://www.vinted.pl/items/9857263238-chansey-jap-psa-9,215.78,PLN,PSA 9,287.99,34,80.0,0.50,poza_zakresem_rabatu
2026-09-01T18:16:01+00:00,9857547556,Mega Froslass Ex 265 Psa 9,https://www.vinted.pl/items/9857547556-mega-froslass-ex-265-psa-9,146.5,PLN,PSA 9,25.00,62,-56.8,1.00,poza_zakresem_rabatu
2026-09-01T18:16:02+00:00,9857530560,Fezandipiti EX 288 Psa 9,https://www.vinted.pl/items/9857530560-fezandipiti-ex-288-psa-9,205.11,PLN,PSA 9,60.00,15,8.5,1.00,wyslano_na_discord
2026-09-01T18:16:02+00:00,9857524790,Ohodnocená karta Dark Machoke #40 PSA8,https://www.vinted.pl/items/9857524790-ohodnocena-karta-dark-machoke-40-psa8,163.01,PLN,PSA 8,31.68,15,-37.7,0.75,poza_zakresem_rabatu
2026-09-01T18:16:03+00:00,9857512796,Carbink 242 Psa 10,https://www.vinted.pl/items/9857512796-carbink-242-psa-10,234.41,PLN,PSA 10,75.00,42,16.4,1.00,wyslano_na_discord
2026-09-01T18:16:03+00:00,9857502816,Pokemon Slowpoke PSA8,https://www.vinted.pl/items/9857502816-pokemon-slowpoke-psa8,175.21,PLN,PSA 8,35.00,15,-34.0,1.00,poza_zakresem_rabatu
2026-09-01T18:16:04+00:00,9857261220,Wigglytuff jap PSA 9,https://www.vinted.pl/items/9857261220-wigglytuff-jap-psa-9,137.81,PLN,PSA 9,,,,,brak_ceny_referencyjnej
2026-09-01T18:16:04+00:00,9857490552,Togekiss 82 Psa 9,https://www.vinted.pl/items/9857490552-togekiss-82-psa-9,146.5,PLN,PSA 9,74.00,6,47.0,0.50,poza_zakresem_rabatu
2026-09-01T18:16:05+00:00,9857470070,Galaktisk Obstagoon 245 Psa 10,https://www.vinted.pl/items/9857470070-galaktisk-obstagoon-245-psa-10,234.41,PLN,PSA 10,66.50,7,5.7,0.33,wyslano_na_discord
2026-09-01T18:16:05+00:00,9857259145,Mesprit jap PSA 9,https://www.vinted.pl/items/9857259145-mesprit-jap-psa-9,149.6,PLN,PSA 9,,,,,brak_ceny_referencyjnej
2026-09-01T18:16:09+00:00,9857445521,Mega Eelectross EX 266 Psa 10,https://www.vinted.pl/items/9857445521-mega-eelectross-ex-266-psa-10,234.41,PLN,PSA 10,82.50,69,24.0,0.75,wyslano_na_discord
2026-09-01T18:16:09+00:00,9857420268,Piplup 98 Psa 10,https://www.vinted.pl/items/9857420268-piplup-98-psa-10,489.32,PLN,PSA 10,,,,,brak_ceny_referencyjnej
2026-09-01T18:16:09+00:00,9857390650,Budew 121 Psa 10,https://www.vinted.pl/items/9857390650-budew-121-psa-10,205.11,PLN,PSA 10,,,,,brak_ceny_referencyjnej
2026-09-01T18:16:09+00:00,9857361310,Meowth 106 Psa 10,https://www.vinted.pl/items/9857361310-meowth-106-psa-10,615.32,PLN,PSA 10,119.95,1,,0.50,za_mala_probka_sprzedazy
2026-09-01T18:16:10+00:00,9857199630,Lillie’s Clefairy EX 280 Psa 10,https://www.vinted.pl/items/9857199630-lillies-clefairy-ex-280-psa-10,1347.84,PLN,PSA 10,525.00,159,31.3,1.00,wyslano_na_discord
2026-09-01T18:16:11+00:00,9857153032,Secret of the Lakes psa 10 Raichu,https://www.vinted.pl/items/9857153032-secret-of-the-lakes-psa-10-raichu,3135.19,PLN,PSA 10,,,,,brak_ceny_referencyjnej
2026-09-01T18:16:12+00:00,9857030665,Umvreon pokoleń card for sell or trade,https://www.vinted.pl/items/9857030665-umvreon-pokolen-card-for-sell-or-trade,2800.0,PLN,PSA 10,,,,,brak_ceny_referencyjnej
2026-09-01T18:16:13+00:00,9856995565,Regice ex - PSA 6,https://www.vinted.pl/items/9856995565-regice-ex-psa-6,569.42,PLN,PSA 6,189.99,1,,1.00,za_mala_probka_sprzedazy
2026-09-01T18:16:13+00:00,9856963654,Regirock ex - PSA 8,https://www.vinted.pl/items/9856963654-regirock-ex-psa-8,1314.06,PLN,PSA 8,150.00,1,,1.00,za_mala_probka_sprzedazy
2026-09-01T18:16:14+00:00,9824502378,Unown (Z) 60/105 Neo Destiny Pokémon WOTC Pokemon kort,https://www.vinted.pl/items/9824502378-unown-z-60105-neo-destiny-pokemon-wotc-pokemon-kort,19.68,PLN,,,,,,brak_gradingu_w_tytule_ani_opisie
2026-09-01T18:16:15+00:00,9856930731,Kingdra ex - PSA 8,https://www.vinted.pl/items/9856930731-kingdra-ex-psa-8,1095.05,PLN,PSA 8,151.25,15,-93.7,1.00,poza_zakresem_rabatu
2026-09-01T18:16:17+00:00,9856619210,Moltres & Zapdos & Articuno GX #SM210 Pokemon Promo,https://www.vinted.pl/items/9856619210-moltres-zapdos-articuno-gx-sm210-pokemon-promo,1600.0,PLN,PSA 10,420.00,849,-1.9,0.83,wyslano_na_discord
2026-09-01T18:16:19+00:00,9856340035,Pokemon PSA Pikachu,https://www.vinted.pl/items/9856340035-pokemon-psa-pikachu,117.2,PLN,PSA 7,192.50,35,83.7,0.33,poza_zakresem_rabatu
2026-09-01T18:16:19+00:00,9856882825,Arcanine ex - PSA 8,https://www.vinted.pl/items/9856882825-arcanine-ex-psa-8,4380.19,PLN,PSA 8,556.00,24,-110.8,1.00,poza_zakresem_rabatu
2026-09-01T18:16:20+00:00,9856097020,Charizard 14/181 Psa 4 VG-EX Team Up,https://www.vinted.pl/items/9856097020-charizard-14181-psa-4-vg-ex-team-up,109.46,PLN,PSA 4,,,,,brak_ceny_referencyjnej
2026-09-01T18:16:20+00:00,9856288302,Mewtwo GX sv59 PSA 9,https://www.vinted.pl/items/9856288302-mewtwo-gx-sv59-psa-9,697.36,PLN,PSA 9,104.00,86,-79.4,1.00,poza_zakresem_rabatu
2026-09-01T18:16:20+00:00,9856253694,Zapdos ex 202 PSA 9,https://www.vinted.pl/items/9856253694-zapdos-ex-202-psa-9,632.31,PLN,PSA 9,105.00,326,-61.1,1.00,poza_zakresem_rabatu
2026-09-01T18:16:21+00:00,9856137122,Pokémon Chinese Gem 3 Cubone CBB3 04 07/07 PSA9,https://www.vinted.pl/items/9856137122-pokemon-chinese-gem-3-cubone-cbb3-04-0707-psa9,1376.96,PLN,PSA 9,,,,,brak_ceny_referencyjnej
2026-09-01T18:16:21+00:00,9855780667,Psyduck 175 PSA 10,https://www.vinted.pl/items/9855780667-psyduck-175-psa-10,549.0,PLN,PSA 10,1031.00,8,85.8,0.50,poza_zakresem_rabatu
2026-09-01T18:16:22+00:00,9855659601,Perfect order gengar,https://www.vinted.pl/items/9855659601-perfect-order-gengar,539.65,PLN,PSA 10,,,,,brak_ceny_referencyjnej
2026-09-01T18:18:46+00:00,9857718885,Iono’s Bellibolt Ex 183 Psa 10,https://www.vinted.pl/items/9857718885-ionos-bellibolt-ex-183-psa-10,439.51,PLN,PSA 10,134.00,205,12.2,1.00,wyslano_na_discord
2026-09-01T18:18:47+00:00,9857717243,Moltres Legendary NM (~psa 6.5),https://www.vinted.pl/items/9857717243-moltres-legendary-nm-psa-65,235.72,PLN,PSA 6.5,,,,,brak_ceny_referencyjnej
2026-09-01T18:18:47+00:00,9857700561,Charizard V Promo 260 Psa 10,https://www.vinted.pl/items/9857700561-charizard-v-promo-260-psa-10,2637.08,PLN,PSA 10,1410.68,102,50.0,0.50,poza_zakresem_rabatu
2026-09-01T18:51:24+00:00,9858098270,Pokémon Alakazam ex 201/165 SIR – PSA 8,https://www.vinted.pl/items/9858098270-pokemon-alakazam-ex-201165-sir-psa-8,350.42,PLN,PSA 8,,,,,brak_ceny_referencyjnej
2026-09-01T18:51:25+00:00,9858054002,Pokémon Lucario 078/189 + 079/172 – Astral Radiance & Brilliant Stars,https://www.vinted.pl/items/9858054002-pokemon-lucario-078189-079172-astral-radiance-brilliant-stars,15.29,PLN,,,,,,brak_gradingu_w_tytule_ani_opisie
2026-09-01T18:51:26+00:00,9857961992,Sichlor HOLO 1995 (~psa 4),https://www.vinted.pl/items/9857961992-sichlor-holo-1995-psa-4,196.37,PLN,PSA 4,,,,,brak_ceny_referencyjnej
2026-09-01T18:51:26+00:00,9857930736,Dark Blastoise1995 (~psa 4),https://www.vinted.pl/items/9857930736-dark-blastoise1995-psa-4,117.67,PLN,PSA 4,,,,,brak_ceny_referencyjnej
2026-09-01T18:51:27+00:00,9857880989,Dunsparce HOLO (~psa 9/10),https://www.vinted.pl/items/9857880989-dunsparce-holo-psa-910,157.02,PLN,PSA 9,15.99,22,-162.8,0.33,poza_zakresem_rabatu
2026-09-01T18:51:27+00:00,9857777780,Noivern V 196 Psa 10,https://www.vinted.pl/items/9857777780-noivern-v-196-psa-10,1230.64,PLN,PSA 10,51.87,8,-534.9,0.33,poza_zakresem_rabatu
2026-09-01T18:51:27+00:00,9857760836,Arceus V 166 Psa 10,https://www.vinted.pl/items/9857760836-arceus-v-166-psa-10,879.03,PLN,PSA 10,1437.19,1,,0.67,za_mala_probka_sprzedazy
2026-09-01T18:51:27+00:00,9857740907,N’s Zoroark Ex 185 Psa 10,https://www.vinted.pl/items/9857740907-ns-zoroark-ex-185-psa-10,644.62,PLN,PSA 10,160.00,246,-7.8,1.00,poza_zakresem_rabatu
2026-09-01T18:51:29+00:00,9857875505,One Piece Card Game - OP17 Special Foil Don Rocks D. Xebec,https://www.vinted.pl/items/9857875505-one-piece-card-game-op17-special-foil-don-rocks-d-xebec,54.7,PLN,,,,,,brak_gradingu_w_tytule_ani_opisie
2026-09-01T18:51:31+00:00,9857722658,Pokemon Glaceon SWSH192 – Swirl – Sword & Shield Promo,https://www.vinted.pl/items/9857722658-pokemon-glaceon-swsh192-swirl-sword-shield-promo,26.24,PLN,,,,,,brak_gradingu_w_tytule_ani_opisie
2026-09-01T19:36:06+00:00,9858499841,Pikachu #25 Japanese Jungle 1997 PSA 8,https://www.vinted.pl/items/9858499841-pikachu-25-japanese-jungle-1997-psa-8,289.0,PLN,PSA 8,46.00,36,-68.1,0.40,poza_zakresem_rabatu
2026-09-01T19:36:06+00:00,9858392665,Gastly Gengar psa 10,https://www.vinted.pl/items/9858392665-gastly-gengar-psa-10,732.52,PLN,PSA 10,5700.00,11,96.6,0.50,poza_zakresem_rabatu
2026-09-01T19:36:06+00:00,9858343760,"Tämä on Milotic V 179/192 – Rebel Clash, PSA 9 MINT",https://www.vinted.pl/items/9858343760-tama-on-milotic-v-179192-rebel-clash-psa-9-mint,153.31,PLN,PSA 9,20.50,5,-100.1,0.75,poza_zakresem_rabatu
2026-09-01T19:36:06+00:00,9858303727,PSA 9 - Mega Charizard X ex - Phantasmal Flames 109/094,https://www.vinted.pl/items/9858303727-psa-9-mega-charizard-x-ex-phantasmal-flames-109094,328.47,PLN,PSA 9,52.00,720,-69.0,1.00,poza_zakresem_rabatu
2026-09-01T19:36:07+00:00,9858252294,Umbreon Gold Star 2021 Pokémon Celebrations 17/17 – PSA 9,https://www.vinted.pl/items/9858252294-umbreon-gold-star-2021-pokemon-celebrations-1717-psa-9,613.23,PLN,PSA 9,,,,,brak_ceny_referencyjnej
2026-09-01T19:36:07+00:00,9858210189,Zapdos articuno moltres psa 9,https://www.vinted.pl/items/9858210189-zapdos-articuno-moltres-psa-9,700.0,PLN,PSA 9,155.00,446,-20.8,1.00,poza_zakresem_rabatu
2026-09-01T19:36:07+00:00,9858202328,Pikachu card psa 10,https://www.vinted.pl/items/9858202328-pikachu-card-psa-10,1051.25,PLN,PSA 10,2650.00,2,,1.00,za_mala_probka_sprzedazy
2026-09-01T19:36:07+00:00,9858200343,Moltres zapdos articuno psa 9,https://www.vinted.pl/items/9858200343-moltres-zapdos-articuno-psa-9,240.0,PLN,PSA 9,155.00,446,58.6,1.00,poza_zakresem_rabatu
2026-09-01T19:36:07+00:00,9858189103,Mew psa8 (jp),https://www.vinted.pl/items/9858189103-mew-psa8-jp,600.0,PLN,PSA 8,212.47,53,24.4,0.50,wyslano_na_discord
2026-09-01T19:36:11+00:00,9858360565,Clefairy jp Beckett-9.5,https://www.vinted.pl/items/9858360565-clefairy-jp-beckett-95,289.09,PLN,,,,,,brak_gradingu_w_tytule_ani_opisie
2026-09-01T19:36:12+00:00,9858316048,"Team Rockets Mimikyu beckett-9,5",https://www.vinted.pl/items/9858316048-team-rockets-mimikyu-beckett-95,547.52,PLN,,,,,,brak_gradingu_w_tytule_ani_opisie
2026-09-01T20:00:59+00:00,9858702360,Iono (Pal 269) PSA 9,https://www.vinted.pl/items/9858702360-iono-pal-269-psa-9,271.81,PLN,PSA 9,57.54,232,-26.4,0.67,poza_zakresem_rabatu
2026-09-01T20:15:34+00:00,9858908051,Mega Rayquaza ex (JP) - Storm Emeralda Bgs. 9.5,https://www.vinted.pl/items/9858908051-mega-rayquaza-ex-jp-storm-emeralda-bgs-95,72347.4,PLN,,,,,,brak_gradingu_w_tytule_ani_opisie
2026-09-01T20:30:44+00:00,9859071946,Pikachu 25 PSA 10,https://www.vinted.pl/items/9859071946-pikachu-25-psa-10,300.0,PLN,PSA 10,2650.00,2,,0.50,za_mala_probka_sprzedazy
2026-09-01T21:00:54+00:00,9859351367,Mini Låda + 50 st Pokémon Kort,https://www.vinted.pl/items/9859351367-mini-lada-50-st-pokemon-kort,27.55,PLN,PSA 10,,,,,brak_ceny_referencyjnej
2026-09-01T21:15:34+00:00,9859439987,Pokemon tcg card japanese Unown vstar triple rare s12 036/098,https://www.vinted.pl/items/9859439987-pokemon-tcg-card-japanese-unown-vstar-triple-rare-s12-036098,11.0,PLN,PSA 10,181.25,2,,0.02,za_mala_probka_sprzedazy
2026-09-01T21:30:49+00:00,9859457237,Mini Låda + 50 st Pokémon Kort,https://www.vinted.pl/items/9859457237-mini-lada-50-st-pokemon-kort,27.55,PLN,PSA 10,,,,,brak_ceny_referencyjnej
2026-09-01T22:00:58+00:00,9859685644,Mew pokemon,https://www.vinted.pl/items/9859685644-mew-pokemon,2628.11,PLN,PSA 10,215.00,381,-227.1,0.40,poza_zakresem_rabatu
2026-09-01T22:01:00+00:00,9859673719,Pikachu,https://www.vinted.pl/items/9859673719-pikachu,3066.13,PLN,PSA 10,,,,,brak_ceny_referencyjnej
2026-09-02T00:45:31+00:00,9860174869,Charmander delta stamp PSA contender NM,https://www.vinted.pl/items/9860174869-charmander-delta-stamp-psa-contender-nm,673.92,PLN,,,,,,brak_gradingu_w_tytule_ani_opisie
2026-09-02T00:45:32+00:00,9860172901,Umbreon delta PSA contender EX/NM,https://www.vinted.pl/items/9860172901-umbreon-delta-psa-contender-exnm,1054.83,PLN,,,,,,brak_gradingu_w_tytule_ani_opisie
2026-09-02T05:00:54+00:00,9860642732,1996 - Charmander No Rarity - Japanese - PSA 5,https://www.vinted.pl/items/9860642732-1996-charmander-no-rarity-japanese-psa-5,490.16,PLN,PSA 5,,,,,brak_ceny_referencyjnej
2026-09-02T05:15:31+00:00,9860656805,1996 - No Rarity Bulbasaur - PSA 7,https://www.vinted.pl/items/9860656805-1996-no-rarity-bulbasaur-psa-7,1027.28,PLN,PSA 7,,,,,brak_ceny_referencyjnej
2026-09-02T05:15:31+00:00,9860646752,Pokemon Charmander Base Set 2 PSA 9,https://www.vinted.pl/items/9860646752-pokemon-charmander-base-set-2-psa-9,241.34,PLN,PSA 9,30.00,3,-115.3,1.00,poza_zakresem_rabatu
2026-09-02T05:15:31+00:00,9860646755,Pokemon Bulbasaur Base Set 2 PSA 9,https://www.vinted.pl/items/9860646755-pokemon-bulbasaur-base-set-2-psa-9,241.34,PLN,PSA 9,12.50,1,,1.00,za_mala_probka_sprzedazy
2026-09-02T05:15:33+00:00,9860646705,Pokemon Brock Sandshrew 1st edition,https://www.vinted.pl/items/9860646705-pokemon-brock-sandshrew-1st-edition,17.55,PLN,,,,,,brak_gradingu_w_tytule_ani_opisie
2026-09-02T05:15:35+00:00,9860646713,Pokemon Misty Horsea 1st edition,https://www.vinted.pl/items/9860646713-pokemon-misty-horsea-1st-edition,10.97,PLN,,,,,,brak_gradingu_w_tytule_ani_opisie
2026-09-02T05:15:36+00:00,9860646728,Pokemon Blaine Ponyta 1st edition,https://www.vinted.pl/items/9860646728-pokemon-blaine-ponyta-1st-edition,8.78,PLN,,,,,,brak_gradingu_w_tytule_ani_opisie
2026-09-02T05:15:37+00:00,9860646710,Pokemon Misty Seel 1st edition,https://www.vinted.pl/items/9860646710-pokemon-misty-seel-1st-edition,13.16,PLN,,,,,,brak_gradingu_w_tytule_ani_opisie
2026-09-02T05:15:39+00:00,9860646722,Pokemon Erika Oddish 1st ed,https://www.vinted.pl/items/9860646722-pokemon-erika-oddish-1st-ed,10.97,PLN,,,,,,brak_gradingu_w_tytule_ani_opisie
2026-09-02T05:15:40+00:00,9860646733,Pokemon Grimer 1st edition,https://www.vinted.pl/items/9860646733-pokemon-grimer-1st-edition,8.78,PLN,,,,,,brak_gradingu_w_tytule_ani_opisie
2026-09-02T05:15:41+00:00,9860646696,Pokemon Elekid 1st edition,https://www.vinted.pl/items/9860646696-pokemon-elekid-1st-edition,13.16,PLN,,,,,,brak_gradingu_w_tytule_ani_opisie
2026-09-02T05:15:42+00:00,9860646739,Pokemon Brock Zubas 1st edition,https://www.vinted.pl/items/9860646739-pokemon-brock-zubas-1st-edition,6.58,PLN,,,,,,brak_gradingu_w_tytule_ani_opisie
2026-09-02T05:15:43+00:00,9860646687,Pokemon Misdreavus Skyridge,https://www.vinted.pl/items/9860646687-pokemon-misdreavus-skyridge,13.16,PLN,,,,,,brak_gradingu_w_tytule_ani_opisie
2026-09-02T05:15:46+00:00,9860646744,Pokemon Charity 1st edition,https://www.vinted.pl/items/9860646744-pokemon-charity-1st-edition,35.1,PLN,,,,,,brak_gradingu_w_tytule_ani_opisie
2026-09-02T05:15:47+00:00,9860646725,Pokemon Sabrina Mr.Mime 1st edition,https://www.vinted.pl/items/9860646725-pokemon-sabrina-mrmime-1st-edition,8.78,PLN,,,,,,brak_gradingu_w_tytule_ani_opisie
2026-09-02T05:15:48+00:00,9860646736,Pokemon Cerulean City Gym 1st edition,https://www.vinted.pl/items/9860646736-pokemon-cerulean-city-gym-1st-edition,8.78,PLN,,,,,,brak_gradingu_w_tytule_ani_opisie
2026-09-02T05:15:49+00:00,9860646701,Pokemon Blaine Rapidash 1st edition,https://www.vinted.pl/items/9860646701-pokemon-blaine-rapidash-1st-edition,13.16,PLN,,,,,,brak_gradingu_w_tytule_ani_opisie
2026-09-02T05:15:50+00:00,9860646680,Pokemon Gym Bundle,https://www.vinted.pl/items/9860646680-pokemon-gym-bundle,24.13,PLN,,,,,,brak_gradingu_w_tytule_ani_opisie
2026-09-02T05:15:52+00:00,9860646669,Pokemon Neo Discovery Bundle,https://www.vinted.pl/items/9860646669-pokemon-neo-discovery-bundle,21.94,PLN,,,,,,brak_gradingu_w_tytule_ani_opisie
2026-09-02T05:15:53+00:00,9860646653,Pokemon Neo Genesis Bundle,https://www.vinted.pl/items/9860646653-pokemon-neo-genesis-bundle,8.78,PLN,,,,,,brak_gradingu_w_tytule_ani_opisie
2026-09-02T05:15:55+00:00,9860646595,Pokemon Base Set Bundle,https://www.vinted.pl/items/9860646595-pokemon-base-set-bundle,10.97,PLN,,,,,,brak_gradingu_w_tytule_ani_opisie
2026-09-02T05:15:56+00:00,9860646642,Pokemon Jungle Bundle,https://www.vinted.pl/items/9860646642-pokemon-jungle-bundle,13.16,PLN,,,,,,brak_gradingu_w_tytule_ani_opisie
2026-09-02T05:15:57+00:00,9860646692,Pokemon Legendary Collection Bundle,https://www.vinted.pl/items/9860646692-pokemon-legendary-collection-bundle,6.58,PLN,,,,,,brak_gradingu_w_tytule_ani_opisie
2026-09-02T05:15:58+00:00,9860646588,Pokemon Base Set Bundle,https://www.vinted.pl/items/9860646588-pokemon-base-set-bundle,21.94,PLN,,,,,,brak_gradingu_w_tytule_ani_opisie
2026-09-02T05:15:59+00:00,9860646586,Pokemon Ex Power Keepers Bundle,https://www.vinted.pl/items/9860646586-pokemon-ex-power-keepers-bundle,15.36,PLN,,,,,,brak_gradingu_w_tytule_ani_opisie
2026-09-02T05:16:01+00:00,9860646627,Pokemon Jungle Bundle,https://www.vinted.pl/items/9860646627-pokemon-jungle-bundle,21.94,PLN,,,,,,brak_gradingu_w_tytule_ani_opisie
2026-09-02T05:16:02+00:00,9860646660,Pokemon Neo Discovery Bundle,https://www.vinted.pl/items/9860646660-pokemon-neo-discovery-bundle,21.94,PLN,,,,,,brak_gradingu_w_tytule_ani_opisie
2026-09-02T05:16:03+00:00,9860646598,Pokemon Base Set Bundle 2,https://www.vinted.pl/items/9860646598-pokemon-base-set-bundle-2,21.94,PLN,,,,,,brak_gradingu_w_tytule_ani_opisie
2026-09-02T05:16:04+00:00,9860646621,Pokemon Jungle Bundle,https://www.vinted.pl/items/9860646621-pokemon-jungle-bundle,21.94,PLN,,,,,,brak_gradingu_w_tytule_ani_opisie
2026-09-02T05:16:05+00:00,9860646671,Pokemon Gym Bundle,https://www.vinted.pl/items/9860646671-pokemon-gym-bundle,21.94,PLN,,,,,,brak_gradingu_w_tytule_ani_opisie
2026-09-02T05:16:06+00:00,9860646606,Pokemon Jungle Bundle,https://www.vinted.pl/items/9860646606-pokemon-jungle-bundle,21.94,PLN,,,,,,brak_gradingu_w_tytule_ani_opisie
2026-09-02T05:16:08+00:00,9860646625,Pokemon Jungle Bundle,https://www.vinted.pl/items/9860646625-pokemon-jungle-bundle,21.94,PLN,,,,,,brak_gradingu_w_tytule_ani_opisie
2026-09-02T05:16:09+00:00,9860646602,Pokemon Jungle Bundle,https://www.vinted.pl/items/9860646602-pokemon-jungle-bundle,21.94,PLN,,,,,,brak_gradingu_w_tytule_ani_opisie
2026-09-02T05:16:10+00:00,9860646644,Pokemon Neo Destiny Bundle,https://www.vinted.pl/items/9860646644-pokemon-neo-destiny-bundle,13.16,PLN,,,,,,brak_gradingu_w_tytule_ani_opisie
2026-09-02T05:16:17+00:00,9860646631,Pokemon Jungle Bundle,https://www.vinted.pl/items/9860646631-pokemon-jungle-bundle,21.94,PLN,,,,,,brak_gradingu_w_tytule_ani_opisie
2026-09-02T05:16:24+00:00,9860646648,Pokemon Neo Genesis Bundle,https://www.vinted.pl/items/9860646648-pokemon-neo-genesis-bundle,17.55,PLN,,,,,,brak_gradingu_w_tytule_ani_opisie
2026-09-02T05:16:31+00:00,9860646577,Pokemon 2022 Energy Bundle,https://www.vinted.pl/items/9860646577-pokemon-2022-energy-bundle,4.39,PLN,,,,,,brak_gradingu_w_tytule_ani_opisie
2026-09-02T05:16:35+00:00,9860646634,Pokemon Jungle Bundle,https://www.vinted.pl/items/9860646634-pokemon-jungle-bundle,15.36,PLN,,,,,,brak_gradingu_w_tytule_ani_opisie
2026-09-02T05:16:36+00:00,9860646605,Pokemon Jungle Bundle,https://www.vinted.pl/items/9860646605-pokemon-jungle-bundle,21.94,PLN,,,,,,brak_gradingu_w_tytule_ani_opisie
2026-09-02T05:16:38+00:00,9860646611,Pokemon Jungle Bundle,https://www.vinted.pl/items/9860646611-pokemon-jungle-bundle,21.94,PLN,,,,,,brak_gradingu_w_tytule_ani_opisie
2026-09-02T05:16:39+00:00,9860646614,Pokemon Jungle Bundle,https://www.vinted.pl/items/9860646614-pokemon-jungle-bundle,21.94,PLN,,,,,,brak_gradingu_w_tytule_ani_opisie
2026-09-02T05:30:40+00:00,9860703380,103/100 - Wailord PSA 10,https://www.vinted.pl/items/9860703380-103100-wailord-psa-10,214.26,PLN,PSA 10,235.80,2,,0.67,za_mala_probka_sprzedazy
2026-09-02T05:30:40+00:00,9860692619,1997 - Dark Slowbro Japanese - PSA 8,https://www.vinted.pl/items/9860692619-1997-dark-slowbro-japanese-psa-8,322.86,PLN,PSA 8,31.98,8,-170.2,0.50,poza_zakresem_rabatu
2026-09-02T06:15:30+00:00,9860817518,Jolteon gold star psa 3,https://www.vinted.pl/items/9860817518-jolteon-gold-star-psa-3,4402.62,PLN,PSA 3,,,,,brak_ceny_referencyjnej
2026-09-02T06:15:31+00:00,9860784707,Squirtle SCR 148 PSA 10,https://www.vinted.pl/items/9860784707-squirtle-scr-148-psa-10,1755.21,PLN,PSA 10,410.00,557,-14.6,0.67,poza_zakresem_rabatu
2026-09-02T07:00:54+00:00,9861022045,Pokémon Celebrations Full Art Pikachu #005 (2021) PSA 8 NM-MT,https://www.vinted.pl/items/9861022045-pokemon-celebrations-full-art-pikachu-005-2021-psa-8-nm-mt,214.16,PLN,PSA 8,,,,,brak_ceny_referencyjnej
2026-09-02T08:00:53+00:00,9824435202,Sunkern 83/105 Neo Destiny Pokémon WOTC Pokemon kort,https://www.vinted.pl/items/9824435202-sunkern-83105-neo-destiny-pokemon-wotc-pokemon-kort,5.12,PLN,,,,,,brak_gradingu_w_tytule_ani_opisie
2026-09-02T08:00:54+00:00,9824482569,Hitmonchan 69/105 Neo Destiny Pokémon WOTC Pokemon kort,https://www.vinted.pl/items/9824482569-hitmonchan-69105-neo-destiny-pokemon-wotc-pokemon-kort,9.84,PLN,,,,,,brak_gradingu_w_tytule_ani_opisie
2026-09-02T08:00:55+00:00,9824477988,Ledyba 71/105 Neo Destiny Pokémon WOTC Pokemon kort,https://www.vinted.pl/items/9824477988-ledyba-71105-neo-destiny-pokemon-wotc-pokemon-kort,7.87,PLN,,,,,,brak_gradingu_w_tytule_ani_opisie
2026-09-02T08:00:57+00:00,9824527997,1st Edition - Light Wigglytuff 54/105 Neo Destiny Pokémon WOTC Pokemon kort,https://www.vinted.pl/items/9824527997-1st-edition-light-wigglytuff-54105-neo-destiny-pokemon-wotc-pokemon-kort,118.04,PLN,,,,,,brak_gradingu_w_tytule_ani_opisie
2026-09-02T08:01:03+00:00,9861307698,Mega gardevoir ex angielska PSA9,https://www.vinted.pl/items/9861307698-mega-gardevoir-ex-angielska-psa9,184.46,PLN,PSA 9,222.50,267,77.8,0.75,poza_zakresem_rabatu
2026-09-02T08:30:45+00:00,9861633739,Pokémon Samling - 300 st Pokémon Kort,https://www.vinted.pl/items/9861633739-pokemon-samling-300-st-pokemon-kort,98.37,PLN,PSA 10,,,,,brak_ceny_referencyjnej
2026-09-02T08:30:47+00:00,9861623407,Lugia EX 102/113 - Legendary Treasures - Hyper Rare Holo - Pokémon Kort,https://www.vinted.pl/items/9861623407-lugia-ex-102113-legendary-treasures-hyper-rare-holo-pokemon-kort,47.22,PLN,PSA 10,3675.00,14,99.7,0.05,poza_zakresem_rabatu
2026-09-02T08:45:31+00:00,9861762154,PSA holder - Slabs/PSA/cgc,https://www.vinted.pl/items/9861762154-psa-holder-slabspsacgc,87.47,PLN,,,,,,brak_gradingu_w_tytule_ani_opisie
2026-09-02T08:45:34+00:00,9861695602,"Victini Beckett 9
White Flare
Black White Rare
172/086
PLN 2,126.84
+PLN 12.56(+0,59%)",https://www.vinted.pl/items/9861695602-victini-beckett-9-white-flare-black-white-rare-172086-pln-212684-pln-1256059,2000.0,PLN,,,,,,brak_gradingu_w_tytule_ani_opisie
2026-09-02T09:00:54+00:00,9861908422,Pokemon tcg card simplified chinese Leafy camo poncho gold cs5bC 177/128,https://www.vinted.pl/items/9861908422-pokemon-tcg-card-simplified-chinese-leafy-camo-poncho-gold-cs5bc-177128,20.0,PLN,PSA 10,,,,,brak_ceny_referencyjnej
2026-09-02T09:15:41+00:00,9862016398,Brock’s Ninetales gym challenge tcg Pokémon retro,https://www.vinted.pl/items/9862016398-brocks-ninetales-gym-challenge-tcg-pokemon-retro,200.0,PLN,PSA 9,10.92,16,-390.1,0.06,poza_zakresem_rabatu
2026-09-02T09:15:42+00:00,9862014623,Clefairy 132/214 - Unbroken Bonds Pokémon Sun & Moon,https://www.vinted.pl/items/9862014623-clefairy-132214-unbroken-bonds-pokemon-sun-moon,11.41,PLN,,,,,,brak_gradingu_w_tytule_ani_opisie
2026-09-02T09:15:43+00:00,9861988570,Cleffa 131/214 - Unbroken Bonds Pokémon Sun & Moon,https://www.vinted.pl/items/9861988570-cleffa-131214-unbroken-bonds-pokemon-sun-moon,38.95,PLN,,,,,,brak_gradingu_w_tytule_ani_opisie
2026-09-02T09:15:45+00:00,9861966337,Surprise Box 187/214 - Unbroken Bonds Pokémon Sun & Moon,https://www.vinted.pl/items/9861966337-surprise-box-187214-unbroken-bonds-pokemon-sun-moon,19.28,PLN,,,,,,brak_gradingu_w_tytule_ani_opisie
2026-09-02T09:15:46+00:00,9861948708,Wynaut 77/236 Reverse Holo - Unified Minds Pokémon Sun & Moon,https://www.vinted.pl/items/9861948708-wynaut-77236-reverse-holo-unified-minds-pokemon-sun-moon,31.08,PLN,,,,,,brak_gradingu_w_tytule_ani_opisie
2026-09-02T09:15:48+00:00,9861922746,Pikachu 027/078 Reverse Holo - Pokémon GO Sword & Shield,https://www.vinted.pl/items/9861922746-pikachu-027078-reverse-holo-pokemon-go-sword-shield,19.28,PLN,,,,,,brak_gradingu_w_tytule_ani_opisie
2026-09-02T09:15:51+00:00,9861903818,"Victini 172 Beckett 9
White Flare
Black White Rare
172/086",https://www.vinted.pl/items/9861903818-victini-172-beckett-9-white-flare-black-white-rare-172086,1950.0,PLN,,,,,,brak_gradingu_w_tytule_ani_opisie
2026-09-02T09:30:47+00:00,9862190348,Ursaring neo Discovery holo tcg Pokémon retro vintage,https://www.vinted.pl/items/9862190348-ursaring-neo-discovery-holo-tcg-pokemon-retro-vintage,80.0,PLN,PSA 8,33.91,6,36.9,0.30,wyslano_na_discord
2026-09-02T09:30:48+00:00,9862165953,Dark weezing team rocket x2 tcg Pokémon retro vintage,https://www.vinted.pl/items/9862165953-dark-weezing-team-rocket-x2-tcg-pokemon-retro-vintage,80.0,PLN,PSA 6,,,,,brak_ceny_referencyjnej
2026-09-02T09:30:50+00:00,9862141825,Fomantis 15/236 - Unified Minds Pokémon Sun & Moon,https://www.vinted.pl/items/9862141825-fomantis-15236-unified-minds-pokemon-sun-moon,7.48,PLN,,,,,,brak_gradingu_w_tytule_ani_opisie
2026-09-02T09:30:52+00:00,9862139279,Pidgeot Base set 2 holo Pokémon tcg retro,https://www.vinted.pl/items/9862139279-pidgeot-base-set-2-holo-pokemon-tcg-retro,110.0,PLN,PSA 7,35.00,3,15.9,0.36,wyslano_na_discord
2026-09-02T09:30:53+00:00,9862116007,Meowth 147/214 - Unbroken Bonds Pokémon Sun & Moon,https://www.vinted.pl/items/9862116007-meowth-147214-unbroken-bonds-pokemon-sun-moon,11.41,PLN,,,,,,brak_gradingu_w_tytule_ani_opisie
2026-09-02T09:30:56+00:00,9862029268,Entei promo holo tcg Pokémon karty,https://www.vinted.pl/items/9862029268-entei-promo-holo-tcg-pokemon-karty,70.0,PLN,PSA 5,26.55,19,29.4,0.13,wyslano_na_discord
2026-09-02T09:30:57+00:00,9862026280,Clefable 133/214 - Unbroken Bonds Pokémon Sun & Moon,https://www.vinted.pl/items/9862026280-clefable-133214-unbroken-bonds-pokemon-sun-moon,11.41,PLN,,,,,,brak_gradingu_w_tytule_ani_opisie
2026-09-02T09:45:36+00:00,9862267317,Pokemon tcg card korean Mew V double rare s12a 053/172,https://www.vinted.pl/items/9862267317-pokemon-tcg-card-korean-mew-v-double-rare-s12a-053172,12.0,PLN,PSA 10,,,,,brak_ceny_referencyjnej
2026-09-02T09:45:38+00:00,9862246301,Pokemon tcg card simplified chinese Lugia ex double rare csv7C 163/204,https://www.vinted.pl/items/9862246301-pokemon-tcg-card-simplified-chinese-lugia-ex-double-rare-csv7c-163204,15.0,PLN,PSA 10,,,,,brak_ceny_referencyjnej
2026-09-02T09:45:39+00:00,9862209856,Jumpluff neo revelations holo retro Pokémon tcg,https://www.vinted.pl/items/9862209856-jumpluff-neo-revelations-holo-retro-pokemon-tcg,100.0,PLN,PSA 9,,,,,brak_ceny_referencyjnej
2026-09-02T10:00:54+00:00,9862510510,Muk fossil holo tcg Pokémon retro,https://www.vinted.pl/items/9862510510-muk-fossil-holo-tcg-pokemon-retro,30.0,PLN,PSA 4,14.50,1,,0.17,za_mala_probka_sprzedazy
2026-09-02T10:00:54+00:00,9862471113,Palkia V Star PSA 10 | Crown Zenith ( GG67/GG70,https://www.vinted.pl/items/9862471113-palkia-v-star-psa-10-crown-zenith-gg67gg70,2174.49,PLN,PSA 10,,,,,brak_ceny_referencyjnej
2026-09-02T10:15:35+00:00,9862665607,Pokemon tcg card Unown v ultra rare sit 176/195,https://www.vinted.pl/items/9862665607-pokemon-tcg-card-unown-v-ultra-rare-sit-176195,15.0,PLN,PSA 10,49.76,16,91.9,0.04,poza_zakresem_rabatu
2026-09-02T10:15:36+00:00,9862627466,Giovanni’s Persian gym challenge tcg holo retro Pokémon,https://www.vinted.pl/items/9862627466-giovannis-persian-gym-challenge-tcg-holo-retro-pokemon,200.0,PLN,PSA 7,,,,,brak_ceny_referencyjnej
2026-09-02T10:15:38+00:00,9862606341,Blaine gym challenge tcg Pokémon holo retro,https://www.vinted.pl/items/9862606341-blaine-gym-challenge-tcg-pokemon-holo-retro,200.0,PLN,PSA 8,825.00,18,93.5,0.38,poza_zakresem_rabatu
2026-09-02T10:15:40+00:00,9862582904,Dark muk team rocket tcg Pokémon retro,https://www.vinted.pl/items/9862582904-dark-muk-team-rocket-tcg-pokemon-retro,25.0,PLN,PSA 8,22.00,20,69.6,0.44,poza_zakresem_rabatu
2026-09-02T10:15:41+00:00,9862572264,Dragonair Base set tcg retro pokemon,https://www.vinted.pl/items/9862572264-dragonair-base-set-tcg-retro-pokemon,40.0,PLN,PSA 5,,,,,brak_ceny_referencyjnej
2026-09-02T10:30:41+00:00,9862758447,Pokemon kort,https://www.vinted.pl/items/9862758447-pokemon-kort,58701.0,PLN,,,,,,brak_gradingu_w_tytule_ani_opisie
2026-09-02T10:30:43+00:00,9862722991,Pokemon tcg card simplified chinese Miltank trainer gallery cs6aC 134/131,https://www.vinted.pl/items/9862722991-pokemon-tcg-card-simplified-chinese-miltank-trainer-gallery-cs6ac-134131,37.0,PLN,PSA 10,,,,,brak_ceny_referencyjnej
2026-09-02T10:30:45+00:00,9862690831,Pokemon tcg card simplified chinese Incineroar gx double rare rr csm1.5c 029/060,https://www.vinted.pl/items/9862690831-pokemon-tcg-card-simplified-chinese-incineroar-gx-double-rare-rr-csm15c-029060,15.0,PLN,PSA 10,,,,,brak_ceny_referencyjnej
2026-09-02T10:45:31+00:00,9824371113,Trainer - Radio Tower 95/105 Neo Destiny Pokémon WOTC Pokemon kort,https://www.vinted.pl/items/9824371113-trainer-radio-tower-95105-neo-destiny-pokemon-wotc-pokemon-kort,31.48,PLN,,,,,,brak_gradingu_w_tytule_ani_opisie
2026-09-02T10:45:33+00:00,9862971410,Dark Arbok team rocket non holo tcg Pokémon,https://www.vinted.pl/items/9862971410-dark-arbok-team-rocket-non-holo-tcg-pokemon,100.0,PLN,PSA 7,37.75,2,,0.36,za_mala_probka_sprzedazy
2026-09-02T10:45:34+00:00,9824377390,Venonat 90/105 Neo Destiny Pokémon WOTC Pokemon kort,https://www.vinted.pl/items/9824377390-venonat-90105-neo-destiny-pokemon-wotc-pokemon-kort,5.9,PLN,,,,,,brak_gradingu_w_tytule_ani_opisie
2026-09-02T10:45:36+00:00,9862957205,Ditto fossil tcg Pokémon non holo retro,https://www.vinted.pl/items/9862957205-ditto-fossil-tcg-pokemon-non-holo-retro,100.0,PLN,PSA 7,45.00,13,40.5,0.20,poza_zakresem_rabatu
2026-09-02T10:45:37+00:00,9862951131,Tea Party Pikachu - Kyoto Exklusive - Super skick!,https://www.vinted.pl/items/9862951131-tea-party-pikachu-kyoto-exklusive-super-skick,983.29,PLN,,,,,,brak_gradingu_w_tytule_ani_opisie
2026-09-02T10:45:39+00:00,9862936588,Pokemon tcg card Paldean Clodsire ex shiny Secret Rare paf 219/091,https://www.vinted.pl/items/9862936588-pokemon-tcg-card-paldean-clodsire-ex-shiny-secret-rare-paf-219091,15.0,PLN,PSA 10,75.00,3,94.6,0.04,poza_zakresem_rabatu
2026-09-02T10:45:40+00:00,9789459494,"Dark Gloom 36/82 Base set, Team Rocket Pokemon kort WOTC vintage 1999-2000",https://www.vinted.pl/items/9789459494-dark-gloom-3682-base-set-team-rocket-pokemon-kort-wotc-vintage-1999-2000,9.84,PLN,,,,,,brak_gradingu_w_tytule_ani_opisie
2026-09-02T10:45:42+00:00,9824373479,Vulpix 91/105 Neo Destiny Pokémon WOTC Pokemon kort,https://www.vinted.pl/items/9824373479-vulpix-91105-neo-destiny-pokemon-wotc-pokemon-kort,11.8,PLN,,,,,,brak_gradingu_w_tytule_ani_opisie
2026-09-02T10:45:43+00:00,9824380064,1st Edition - Unown (V) 89/105 Neo Destiny Pokémon WOTC Pokemon kort,https://www.vinted.pl/items/9824380064-1st-edition-unown-v-89105-neo-destiny-pokemon-wotc-pokemon-kort,9.84,PLN,,,,,,brak_gradingu_w_tytule_ani_opisie
2026-09-02T10:45:45+00:00,9862904735,Pokemon tcg card japanese Ethan's magcargo art rare m2a 197/193,https://www.vinted.pl/items/9862904735-pokemon-tcg-card-japanese-ethans-magcargo-art-rare-m2a-197193,10.0,PLN,PSA 10,145.00,40,98.2,0.01,poza_zakresem_rabatu
2026-09-02T10:45:47+00:00,9862872256,Pokemon tcg card japanese Worker Secret Rare s12 111/098,https://www.vinted.pl/items/9862872256-pokemon-tcg-card-japanese-worker-secret-rare-s12-111098,25.0,PLN,PSA 10,,,,,brak_ceny_referencyjnej
2026-09-02T10:45:48+00:00,9862838423,Pokemon tcg card simplified chinese Hisuian lilligant v Secret Rare cs6aC 137/131,https://www.vinted.pl/items/9862838423-pokemon-tcg-card-simplified-chinese-hisuian-lilligant-v-secret-rare-cs6ac-137131,25.0,PLN,PSA 10,,,,,brak_ceny_referencyjnej
2026-09-02T11:01:03+00:00,9863136660,Pigeotto Base set non holo tcg Pokémon retro,https://www.vinted.pl/items/9863136660-pigeotto-base-set-non-holo-tcg-pokemon-retro,50.0,PLN,PSA 7,,,,,brak_ceny_referencyjnej
2026-09-02T11:01:05+00:00,9863132227,Pokemon tcg card japanese Team rocket's mimikyu art rare m2a 205/193,https://www.vinted.pl/items/9863132227-pokemon-tcg-card-japanese-team-rockets-mimikyu-art-rare-m2a-205193,25.0,PLN,PSA 10,146.25,38,95.4,0.01,poza_zakresem_rabatu
2026-09-02T11:01:07+00:00,9863113452,Togepi promo tcg Pokémon retro,https://www.vinted.pl/items/9863113452-togepi-promo-tcg-pokemon-retro,90.0,PLN,PSA 8,40.00,26,39.8,0.22,wyslano_na_discord
2026-09-02T11:01:09+00:00,9863107218,Sudowoodo neo revelation tcg non holo Pokémon retro,https://www.vinted.pl/items/9863107218-sudowoodo-neo-revelation-tcg-non-holo-pokemon-retro,50.0,PLN,PSA 8,40.00,3,66.6,0.27,poza_zakresem_rabatu
2026-09-02T11:01:10+00:00,9863104957,Pokemon tcg card simplified chinese Palafin art rare csv4C 132/129,https://www.vinted.pl/items/9863104957-pokemon-tcg-card-simplified-chinese-palafin-art-rare-csv4c-132129,15.0,PLN,PSA 10,,,,,brak_ceny_referencyjnej
2026-09-02T11:01:12+00:00,9863095372,Togepi promo tcg Pokémon retro vintage,https://www.vinted.pl/items/9863095372-togepi-promo-tcg-pokemon-retro-vintage,100.0,PLN,PSA 8,40.00,26,33.1,0.20,wyslano_na_discord
2026-09-02T11:01:14+00:00,9863081346,Pokemon tcg card Maractus illustration rare jtg 160/159,https://www.vinted.pl/items/9863081346-pokemon-tcg-card-maractus-illustration-rare-jtg-160159,15.0,PLN,PSA 10,44.00,80,90.9,0.03,poza_zakresem_rabatu
2026-09-02T11:01:16+00:00,9863067028,Blane’s ninetales gym challenge non holo tcg Pokémon,https://www.vinted.pl/items/9863067028-blanes-ninetales-gym-challenge-non-holo-tcg-pokemon,100.0,PLN,PSA 10,,,,,brak_ceny_referencyjnej
2026-09-02T11:01:17+00:00,9863055498,Murkrow neo Genesis non holo tcg retro Pokémon,https://www.vinted.pl/items/9863055498-murkrow-neo-genesis-non-holo-tcg-retro-pokemon,75.0,PLN,PSA 10,,,,,brak_ceny_referencyjnej
2026-09-02T11:01:20+00:00,9863053058,"Pokemon tcg cards bundle Togepi Togetic Togekiss obf 083,084,085/197",https://www.vinted.pl/items/9863053058-pokemon-tcg-cards-bundle-togepi-togetic-togekiss-obf-083084085197,15.0,PLN,PSA 10,,,,,brak_ceny_referencyjnej
2026-09-02T11:01:22+00:00,9863016458,Mr Mike base set 2 tcg Pokémon retro,https://www.vinted.pl/items/9863016458-mr-mike-base-set-2-tcg-pokemon-retro,60.0,PLN,PSA 7,,,,,brak_ceny_referencyjnej
2026-09-02T11:01:23+00:00,9863013394,Pokemon tcg card Slowpoke promo mep 086,https://www.vinted.pl/items/9863013394-pokemon-tcg-card-slowpoke-promo-mep-086,15.0,PLN,PSA 10,,,,,brak_ceny_referencyjnej
2026-09-02T11:01:25+00:00,9863005292,Flareon jungle non holo tcg retro Pokémon,https://www.vinted.pl/items/9863005292-flareon-jungle-non-holo-tcg-retro-pokemon,150.0,PLN,PSA 8,,,,,brak_ceny_referencyjnej
2026-09-02T11:01:27+00:00,9862990268,Starmie neo revelation tcg non holo Pokémon retro,https://www.vinted.pl/items/9862990268-starmie-neo-revelation-tcg-non-holo-pokemon-retro,100.0,PLN,PSA 9,,,,,brak_ceny_referencyjnej
2026-09-02T11:01:29+00:00,9862990467,Pokemon tcg card korean Paldean Tauros art rare sv1a 084/073,https://www.vinted.pl/items/9862990467-pokemon-tcg-card-korean-paldean-tauros-art-rare-sv1a-084073,20.0,PLN,PSA 10,,,,,brak_ceny_referencyjnej
2026-09-02T11:01:30+00:00,9822974938,Trainer - Energy Amplifier 98/105 Neo Destiny Pokémon WOTC Pokemon kort,https://www.vinted.pl/items/9822974938-trainer-energy-amplifier-98105-neo-destiny-pokemon-wotc-pokemon-kort,5.9,PLN,,,,,,brak_gradingu_w_tytule_ani_opisie
2026-09-02T11:15:34+00:00,9863289164,Pokemon tcg card Team Rocket's handiwork reverse holo 112/124,https://www.vinted.pl/items/9863289164-pokemon-tcg-card-team-rockets-handiwork-reverse-holo-112124,15.0,PLN,PSA 10,,,,,brak_ceny_referencyjnej
2026-09-02T11:15:35+00:00,9863281517,Clefairy doll base set Pokémon tcg retro,https://www.vinted.pl/items/9863281517-clefairy-doll-base-set-pokemon-tcg-retro,35.0,PLN,PSA 8,,,,,brak_ceny_referencyjnej
2026-09-02T11:15:37+00:00,9863267189,Clefs promo tcg Pokémon retro 2 sztuki,https://www.vinted.pl/items/9863267189-clefs-promo-tcg-pokemon-retro-2-sztuki,150.0,PLN,PSA 8,74.90,4,46.4,0.08,poza_zakresem_rabatu
2026-09-02T11:15:39+00:00,9863252623,Smeargle promo tcg Pokémon retro zestaw 4 sztuk,https://www.vinted.pl/items/9863252623-smeargle-promo-tcg-pokemon-retro-zestaw-4-sztuk,200.0,PLN,PSA 8,29.99,11,-78.5,0.12,poza_zakresem_rabatu
2026-09-02T11:15:41+00:00,9863196003,Pokemon tcg card simplified chinese Gengar holo rare cs1aC 053/135,https://www.vinted.pl/items/9863196003-pokemon-tcg-card-simplified-chinese-gengar-holo-rare-cs1ac-053135,20.0,PLN,PSA 10,,,,,brak_ceny_referencyjnej
2026-09-02T11:15:42+00:00,9863168552,Pigeotto Base set tcg non holo Pokémon retro,https://www.vinted.pl/items/9863168552-pigeotto-base-set-tcg-non-holo-pokemon-retro,25.0,PLN,PSA 5,,,,,brak_ceny_referencyjnej
2026-09-02T11:15:44+00:00,9863155431,Pokemon tcg card korean Pyroar art rare sv1a 077/073,https://www.vinted.pl/items/9863155431-pokemon-tcg-card-korean-pyroar-art-rare-sv1a-077073,15.0,PLN,PSA 10,,,,,brak_ceny_referencyjnej
2026-09-02T11:15:45+00:00,9863151074,Dark slowbro team rocket tcg retro Pokémon non holo,https://www.vinted.pl/items/9863151074-dark-slowbro-team-rocket-tcg-retro-pokemon-non-holo,50.0,PLN,PSA 7,,,,,brak_ceny_referencyjnej
2026-09-02T11:15:46+00:00,9863287502,🔥 Sælger dette fantastiske Mega Rayquaza ex SAR – BGS 9.5! 🔥,https://www.vinted.pl/items/9863287502-saelger-dette-fantastiske-mega-rayquaza-ex-sar-bgs-95,4109.11,PLN,BGS 9.5,,,,,brak_ceny_referencyjnej
2026-09-02T11:30:46+00:00,9863419409,Pokemon tcg card korean Marshadow art rare m1L 069/063,https://www.vinted.pl/items/9863419409-pokemon-tcg-card-korean-marshadow-art-rare-m1l-069063,25.0,PLN,PSA 10,,,,,brak_ceny_referencyjnej
2026-09-02T11:30:47+00:00,9863387431,Happiny 161/214 - Unbroken Bonds Pokémon Sun & Moon,https://www.vinted.pl/items/9863387431-happiny-161214-unbroken-bonds-pokemon-sun-moon,15.35,PLN,,,,,,brak_gradingu_w_tytule_ani_opisie
2026-09-02T11:30:49+00:00,9863384189,Pokemon tcg card Sylveon fairy uncommon csm2.5c 035/061,https://www.vinted.pl/items/9863384189-pokemon-tcg-card-sylveon-fairy-uncommon-csm25c-035061,15.0,PLN,PSA 10,,,,,brak_ceny_referencyjnej
2026-09-02T11:30:51+00:00,9863355473,Pokemon tcg card simplified chinese Enamorus art rare cBB4C 2707/07,https://www.vinted.pl/items/9863355473-pokemon-tcg-card-simplified-chinese-enamorus-art-rare-cbb4c-270707,25.0,PLN,PSA 10,,,,,brak_ceny_referencyjnej
2026-09-02T11:30:53+00:00,9863314973,Pokemon tcg card Jigglypuff fairy common 65/124,https://www.vinted.pl/items/9863314973-pokemon-tcg-card-jigglypuff-fairy-common-65124,15.0,PLN,PSA 10,,,,,brak_ceny_referencyjnej
2026-09-02T11:36:25+00:00,9863512252,Psyduck team rocket tcg Pokémon retro,https://www.vinted.pl/items/9863512252-psyduck-team-rocket-tcg-pokemon-retro,20.0,PLN,PSA 7,,,,,brak_ceny_referencyjnej
2026-09-02T11:36:27+00:00,9863510083,Pokemon zbierka,https://www.vinted.pl/items/9863510083-pokemon-zbierka,1755.21,PLN,,,,,,brak_gradingu_w_tytule_ani_opisie
2026-09-02T11:36:28+00:00,9863501736,Yanma non holo neo Discovery tcg Pokémon retro,https://www.vinted.pl/items/9863501736-yanma-non-holo-neo-discovery-tcg-pokemon-retro,50.0,PLN,PSA 7,,,,,brak_ceny_referencyjnej
2026-09-02T11:36:30+00:00,9863499693,Pokemon tcg card Jirachi V ultra rare 170/189,https://www.vinted.pl/items/9863499693-pokemon-tcg-card-jirachi-v-ultra-rare-170189,50.0,PLN,PSA 10,154.16,35,91.3,0.04,poza_zakresem_rabatu
2026-09-02T11:45:36+00:00,9863611753,Shuckle 1th edition neo Genesis tcg Pokémon,https://www.vinted.pl/items/9863611753-shuckle-1th-edition-neo-genesis-tcg-pokemon,50.0,PLN,,,,,,brak_gradingu_w_tytule_ani_opisie
2026-09-02T11:45:38+00:00,9863593263,Pokemon tcg card simplified chinese Mimikyu holo rare csm1.5c 014/060,https://www.vinted.pl/items/9863593263-pokemon-tcg-card-simplified-chinese-mimikyu-holo-rare-csm15c-014060,40.0,PLN,PSA 10,,,,,brak_ceny_referencyjnej
2026-09-02T11:45:40+00:00,9863559995,Pokemon tcg card simplified chinese Hisuian goodra art rare cs5bC 132/128,https://www.vinted.pl/items/9863559995-pokemon-tcg-card-simplified-chinese-hisuian-goodra-art-rare-cs5bc-132128,15.0,PLN,PSA 10,,,,,brak_ceny_referencyjnej
2026-09-02T12:01:01+00:00,9863694565,Pokemon tcg card simplified chinese Greninja ex secret rare csv7C 223/204,https://www.vinted.pl/items/9863694565-pokemon-tcg-card-simplified-chinese-greninja-ex-secret-rare-csv7c-223204,45.0,PLN,PSA 10,,,,,brak_ceny_referencyjnej
2026-09-02T12:01:03+00:00,9863677675,Mew ex 205/165 (151) - PSA 10 - 2023 Japanese Pokemonkort (w/Slab Guard),https://www.vinted.pl/items/9863677675-mew-ex-205165-151-psa-10-2023-japanese-pokemonkort-wslab-guard,2085.02,PLN,PSA 10,249.99,202,-123.2,0.50,poza_zakresem_rabatu
2026-09-02T12:01:04+00:00,9863668233,Cleffa promo Pokémon tcg,https://www.vinted.pl/items/9863668233-cleffa-promo-pokemon-tcg,50.0,PLN,,,,,,brak_gradingu_w_tytule_ani_opisie
2026-09-02T12:01:05+00:00,9863659463,Magmar Fossil Pokémon tcg retro,https://www.vinted.pl/items/9863659463-magmar-fossil-pokemon-tcg-retro,35.0,PLN,,,,,,brak_gradingu_w_tytule_ani_opisie
2026-09-02T12:01:07+00:00,9863656053,Pokemon tcg card japanese Radiant Gardevoir s12a 055/172,https://www.vinted.pl/items/9863656053-pokemon-tcg-card-japanese-radiant-gardevoir-s12a-055172,12.0,PLN,PSA 10,39.99,9,92.0,0.01,poza_zakresem_rabatu
2026-09-02T12:01:09+00:00,9863646722,Moo moo milk 1th edition neo Genesis tcg Pokémon,https://www.vinted.pl/items/9863646722-moo-moo-milk-1th-edition-neo-genesis-tcg-pokemon,40.0,PLN,,,,,,brak_gradingu_w_tytule_ani_opisie
2026-09-02T12:01:10+00:00,9863634698,Cyndaquil 1th edition neo Genesis tcg Pokémon,https://www.vinted.pl/items/9863634698-cyndaquil-1th-edition-neo-genesis-tcg-pokemon,50.0,PLN,,,,,,brak_gradingu_w_tytule_ani_opisie
2026-09-02T12:01:12+00:00,9863628871,Pokemon tcg card japanese Primarina holo rare 019/sm-p,https://www.vinted.pl/items/9863628871-pokemon-tcg-card-japanese-primarina-holo-rare-019sm-p,50.0,PLN,PSA 10,,,,,brak_ceny_referencyjnej
2026-09-02T12:01:14+00:00,9863621949,Girafarig 1th edition neo Genesis Pokémon tcg retro,https://www.vinted.pl/items/9863621949-girafarig-1th-edition-neo-genesis-pokemon-tcg-retro,50.0,PLN,,,,,,brak_gradingu_w_tytule_ani_opisie
2026-09-02T12:15:35+00:00,9863859154,Mega Charizard X ex #130 bgs 8.5,https://www.vinted.pl/items/9863859154-mega-charizard-x-ex-130-bgs-85,1691.94,PLN,BGS 8.5,294.14,13,-53.9,1.00,poza_zakresem_rabatu
2026-09-02T12:30:44+00:00,9864049374,Japanese neo 3 starmie holo psa 5,https://www.vinted.pl/items/9864049374-japanese-neo-3-starmie-holo-psa-5,164.36,PLN,PSA 5,,,,,brak_ceny_referencyjnej
2026-09-02T12:45:40+00:00,9864155327,Pokemon Boss Orders ECA 10 grading,https://www.vinted.pl/items/9864155327-pokemon-boss-orders-eca-10-grading,180.0,PLN,,,,,,brak_gradingu_w_tytule_ani_opisie
2026-09-02T13:15:36+00:00,9864659955,Pokemon tcg card korean Magneton art rare sv8 112/106,https://www.vinted.pl/items/9864659955-pokemon-tcg-card-korean-magneton-art-rare-sv8-112106,45.0,PLN,PSA 10,,,,,brak_ceny_referencyjnej
2026-09-02T13:15:39+00:00,9864632683,Pokemon tcg card Rabsca illustration rare pal 215/193,https://www.vinted.pl/items/9864632683-pokemon-tcg-card-rabsca-illustration-rare-pal-215193,20.0,PLN,PSA 10,74.50,17,92.8,0.03,poza_zakresem_rabatu
2026-09-02T13:15:41+00:00,9864605269,Pokemon tcg simplified chinese Lugia V double rare cs6aC 102/131,https://www.vinted.pl/items/9864605269-pokemon-tcg-simplified-chinese-lugia-v-double-rare-cs6ac-102131,40.0,PLN,PSA 10,,,,,brak_ceny_referencyjnej
2026-09-02T13:15:43+00:00,9864550639,Pokemon tcg cards cramorant bundle english,https://www.vinted.pl/items/9864550639-pokemon-tcg-cards-cramorant-bundle-english,35.0,PLN,PSA 10,,,,,brak_ceny_referencyjnej
2026-09-02T13:30:47+00:00,9864858706,Pokemon tcg card Tyranitar holo rare 56/124,https://www.vinted.pl/items/9864858706-pokemon-tcg-card-tyranitar-holo-rare-56124,45.0,PLN,PSA 10,414.50,4,97.1,0.04,poza_zakresem_rabatu
2026-09-02T13:30:47+00:00,9864830726,Psa 10 tradin  card Charmander,https://www.vinted.pl/items/9864830726-psa-10-tradin-card-charmander,207.62,PLN,PSA 10,71.50,85,22.3,0.50,wyslano_na_discord
2026-09-02T13:30:50+00:00,9864821506,Pokemon tcg cards bundle Dipplin english Flapple japanese,https://www.vinted.pl/items/9864821506-pokemon-tcg-cards-bundle-dipplin-english-flapple-japanese,85.0,PLN,PSA 10,,,,,brak_ceny_referencyjnej
2026-09-02T13:30:50+00:00,9864815490,Mew 53/108 Psa 9! Mint XY evolutions reverse Holo!,https://www.vinted.pl/items/9864815490-mew-53108-psa-9-mint-xy-evolutions-reverse-holo,307.12,PLN,PSA 9,77.00,209,-6.7,1.00,poza_zakresem_rabatu
2026-09-02T13:30:52+00:00,9864754102,Pokemon tcg simplified chinese Lugia V double rare cs6aC 102/131,https://www.vinted.pl/items/9864754102-pokemon-tcg-simplified-chinese-lugia-v-double-rare-cs6ac-102131,40.0,PLN,PSA 10,,,,,brak_ceny_referencyjnej
2026-09-02T13:30:53+00:00,9864743200,Pokemon tcg cards victini bundle japanese and simplified chinese,https://www.vinted.pl/items/9864743200-pokemon-tcg-cards-victini-bundle-japanese-and-simplified-chinese,50.0,PLN,PSA 10,,,,,brak_ceny_referencyjnej
2026-09-02T13:30:53+00:00,9864690657,Koraidon ex 247 SVI PSA 8,https://www.vinted.pl/items/9864690657-koraidon-ex-247-svi-psa-8,160.16,PLN,PSA 8,25.00,4,-71.4,0.75,poza_zakresem_rabatu
2026-09-02T13:45:36+00:00,9865008567,Pokemon tcg card japanese Iris's fighting spirit special art rare m2a 247/193,https://www.vinted.pl/items/9865008567-pokemon-tcg-card-japanese-iriss-fighting-spirit-special-art-rare-m2a-247193,110.0,PLN,PSA 10,35.00,4,15.9,0.02,wyslano_na_discord
2026-09-02T13:45:37+00:00,9864969771,Pokemon tcg card japanese Dragonair art rare sv2a 182/165,https://www.vinted.pl/items/9864969771-pokemon-tcg-card-japanese-dragonair-art-rare-sv2a-182165,85.0,PLN,PSA 10,92.31,67,75.4,0.04,poza_zakresem_rabatu
2026-09-02T13:45:39+00:00,9864937452,Pokemon tcg card Hisuian Samurott V galarian gallery gg51/gg70,https://www.vinted.pl/items/9864937452-pokemon-tcg-card-hisuian-samurott-v-galarian-gallery-gg51gg70,100.0,PLN,PSA 10,46.00,5,41.8,0.03,poza_zakresem_rabatu
2026-09-02T13:45:41+00:00,9864907954,Pokémon kort,https://www.vinted.pl/items/9864907954-pokemon-kort,786.95,PLN,PSA 10,,,,,brak_ceny_referencyjnej
2026-09-02T13:45:43+00:00,9864899954,Pokemon tcg card simplified chinese Zamazenta V special art rare cs6aC 157/131,https://www.vinted.pl/items/9864899954-pokemon-tcg-card-simplified-chinese-zamazenta-v-special-art-rare-cs6ac-157131,100.0,PLN,PSA 10,,,,,brak_ceny_referencyjnej
2026-09-02T14:01:12+00:00,9865242107,Sylveon SIR a Terastal Gathering szettből,https://www.vinted.pl/items/9865242107-sylveon-sir-a-terastal-gathering-szettbol,1666.64,PLN,PSA 10,,,,,brak_ceny_referencyjnej
2026-09-02T14:15:36+00:00,9865322536,Iono (Pal 269) PSA 9,https://www.vinted.pl/items/9865322536-iono-pal-269-psa-9,271.65,PLN,PSA 9,57.54,232,-26.3,0.67,poza_zakresem_rabatu
2026-09-02T14:30:47+00:00,9865581794,bulbasaur mega evolution psa 8 stamped pokemon karta,https://www.vinted.pl/items/9865581794-bulbasaur-mega-evolution-psa-8-stamped-pokemon-karta,197.46,PLN,PSA 8,,,,,brak_ceny_referencyjnej
2026-09-02T14:30:47+00:00,9865497476,Ylveltal PSA 1 eller o contender,https://www.vinted.pl/items/9865497476-ylveltal-psa-1-eller-o-contender,4.7,PLN,PSA 1,,,,,brak_ceny_referencyjnej
2026-09-02T14:30:47+00:00,9865437165,Lantern PSA 1 eller 0 contender,https://www.vinted.pl/items/9865437165-lantern-psa-1-eller-0-contender,11.15,PLN,PSA 1,,,,,brak_ceny_referencyjnej
2026-09-02T14:45:34+00:00,9865743512,Houndoom PSA 1 contender,https://www.vinted.pl/items/9865743512-houndoom-psa-1-contender,4.7,PLN,PSA 1,,,,,brak_ceny_referencyjnej
2026-09-02T15:15:36+00:00,9866037743,Jumpluff holo Psa 8.5 and Scyther holo Psa 8,https://www.vinted.pl/items/9866037743-jumpluff-holo-psa-85-and-scyther-holo-psa-8,724.03,PLN,PSA 8.5,,,,,brak_ceny_referencyjnej
2026-09-02T15:15:39+00:00,9866114472,Dragonite 43/165,https://www.vinted.pl/items/9866114472-dragonite-43165,507.24,PLN,,,,,,brak_gradingu_w_tytule_ani_opisie
2026-09-02T15:45:36+00:00,9866608307,slowpoke psyduck tag team 96 psa 10 japan pokemon,https://www.vinted.pl/items/9866608307-slowpoke-psyduck-tag-team-96-psa-10-japan-pokemon,5265.64,PLN,PSA 10,600.00,61,-134.9,0.33,poza_zakresem_rabatu
2026-09-02T15:45:36+00:00,9866573357,raichu 113 expedition japan psa 10 swirl psa 10 card pokemon,https://www.vinted.pl/items/9866573357-raichu-113-expedition-japan-psa-10-swirl-psa-10-card-pokemon,8337.26,PLN,PSA 10,125.00,5,-1684.9,0.40,poza_zakresem_rabatu
2026-09-02T15:45:36+00:00,9866553722,tyranitar wind from the sea  first edition psa 10,https://www.vinted.pl/items/9866553722-tyranitar-wind-from-the-sea-first-edition-psa-10,6143.24,PLN,PSA 10,,,,,brak_ceny_referencyjnej
2026-09-02T15:45:37+00:00,9866535278,electivire 39 japanese lv x lvl.x psa 10 pokemon card karta,https://www.vinted.pl/items/9866535278-electivire-39-japanese-lv-x-lvlx-psa-10-pokemon-card-karta,3949.23,PLN,PSA 10,7450.00,4,85.8,0.50,poza_zakresem_rabatu
2026-09-02T15:45:37+00:00,9866513771,machamp holo 1st edition psa 10 japanese 121 pokemon card,https://www.vinted.pl/items/9866513771-machamp-holo-1st-edition-psa-10-japanese-121-pokemon-card,3510.43,PLN,PSA 10,,,,,brak_ceny_referencyjnej
2026-09-02T15:45:39+00:00,9866497776,gengar pikachu 172 promo chinese pokemon bgs beckett 10 karta,https://www.vinted.pl/items/9866497776-gengar-pikachu-172-promo-chinese-pokemon-bgs-beckett-10-karta,15796.92,PLN,BGS 10,,,,,brak_ceny_referencyjnej
2026-09-02T16:00:59+00:00,9866761502,mega charizard japanese japan gold zlaty 116 psa 10 pokemon card,https://www.vinted.pl/items/9866761502-mega-charizard-japanese-japan-gold-zlaty-116-psa-10-pokemon-card,8771.68,PLN,PSA 10,2620.00,162,10.4,0.29,wyslano_na_discord
2026-09-02T16:00:59+00:00,9866747677,machamp lv.x lvx first edition psa 10 japanese japan pokemon cards,https://www.vinted.pl/items/9866747677-machamp-lvx-lvx-first-edition-psa-10-japanese-japan-pokemon-cards,3510.43,PLN,PSA 10,,,,,brak_ceny_referencyjnej
2026-09-02T16:00:59+00:00,9866728099,pikachu japan shiny collection psa 9 pokemon card,https://www.vinted.pl/items/9866728099-pikachu-japan-shiny-collection-psa-9-pokemon-card,1448.05,PLN,PSA 9,294.60,14,-31.5,0.67,poza_zakresem_rabatu
2026-09-02T16:00:59+00:00,9866710558,1997 pinsir japanese jungle psa 10 127 holo japan,https://www.vinted.pl/items/9866710558-1997-pinsir-japanese-jungle-psa-10-127-holo-japan,2194.02,PLN,PSA 10,295.00,15,-99.0,0.33,poza_zakresem_rabatu
2026-09-02T16:01:00+00:00,9866690515,Slowking 14/18 - Southern Islands,https://www.vinted.pl/items/9866690515-slowking-1418-southern-islands,668.51,PLN,,,,,,brak_gradingu_w_tytule_ani_opisie
2026-09-02T16:01:01+00:00,9866683739,umbreon moonbreon psa 9 pokemon card,https://www.vinted.pl/items/9866683739-umbreon-moonbreon-psa-9-pokemon-card,9653.67,PLN,PSA 9,875.00,8,-195.2,0.50,poza_zakresem_rabatu
2026-09-02T16:01:01+00:00,9866627512,sabrina porygon vintage first edition  2000 psa 10,https://www.vinted.pl/items/9866627512-sabrina-porygon-vintage-first-edition-2000-psa-10,1316.41,PLN,PSA 10,,,,,brak_ceny_referencyjnej
2026-09-02T16:01:02+00:00,9866803334,umbreon heartgold soulsilver prime holo beckett bgs 9,https://www.vinted.pl/items/9866803334-umbreon-heartgold-soulsilver-prime-holo-beckett-bgs-9,15358.11,PLN,BGS 9,199.99,2,,0.75,za_mala_probka_sprzedazy
2026-09-02T16:01:03+00:00,9866784079,2000 black star rally 11 eevee mewtwo beckett bgs 9 duo,https://www.vinted.pl/items/9866784079-2000-black-star-rally-11-eevee-mewtwo-beckett-bgs-9-duo,5265.64,PLN,BGS 9,,,,,brak_ceny_referencyjnej
2026-09-02T16:01:05+00:00,9866740907,Haxorus 152/086 Gem Mint 10 2025 JP,https://www.vinted.pl/items/9866740907-haxorus-152086-gem-mint-10-2025-jp,192.05,PLN,,,,,,brak_gradingu_w_tytule_ani_opisie
2026-09-02T16:15:36+00:00,9866935786,Flareon TG01/TG30 – Brilliant Stars,https://www.vinted.pl/items/9866935786-flareon-tg01tg30-brilliant-stars,109.66,PLN,,,,,,brak_gradingu_w_tytule_ani_opisie
2026-09-02T16:15:37+00:00,9866835093,Karta Pokemon Pikachu Vmax,https://www.vinted.pl/items/9866835093-karta-pokemon-pikachu-vmax,200.0,PLN,,,,,,brak_gradingu_w_tytule_ani_opisie
2026-09-02T16:30:47+00:00,9867074678,Jolteon TG04/TG30 – Brilliant Stars,https://www.vinted.pl/items/9867074678-jolteon-tg04tg30-brilliant-stars,87.72,PLN,,,,,,brak_gradingu_w_tytule_ani_opisie
2026-09-02T16:45:31+00:00,9867322727,Rapid Strike Urshifu V TG20/TG30 – Brilliant Stars,https://www.vinted.pl/items/9867322727-rapid-strike-urshifu-v-tg20tg30-brilliant-stars,30.67,PLN,,,,,,brak_gradingu_w_tytule_ani_opisie
2026-09-02T17:15:37+00:00,9867766971,Sabrina”s Alakazam PSA 8,https://www.vinted.pl/items/9867766971-sabrinas-alakazam-psa-8,600.0,PLN,PSA 8,90.00,19,-78.4,1.00,poza_zakresem_rabatu
2026-09-02T17:15:39+00:00,9867653246,Rockruff TG07/TG30 – Silver Tempest,https://www.vinted.pl/items/9867653246-rockruff-tg07tg30-silver-tempest,30.67,PLN,,,,,,brak_gradingu_w_tytule_ani_opisie
2026-09-02T17:30:48+00:00,9867865117,Pokémon Kortpaket 50st - Samling med Holo & Glansiga Kort (Inkl. Plåtlåda),https://www.vinted.pl/items/9867865117-pokemon-kortpaket-50st-samling-med-holo-glansiga-kort-inkl-platlada,19.67,PLN,PSA 10,,,,,brak_ceny_referencyjnej
2026-09-02T17:30:49+00:00,9781421151,"Eevee 55/82 Base set, Team Rocket Pokemon kort WOTC vintage 1999-2000",https://www.vinted.pl/items/9781421151-eevee-5582-base-set-team-rocket-pokemon-kort-wotc-vintage-1999-2000,11.8,PLN,,,,,,brak_gradingu_w_tytule_ani_opisie
2026-09-02T17:30:51+00:00,9824429984,Totodile 85/105 Neo Destiny Pokémon WOTC Pokemon kort,https://www.vinted.pl/items/9824429984-totodile-85105-neo-destiny-pokemon-wotc-pokemon-kort,15.74,PLN,,,,,,brak_gradingu_w_tytule_ani_opisie
2026-09-02T17:30:52+00:00,9824439520,Remoraid 80/105 Neo Destiny Pokémon WOTC Pokemon kort,https://www.vinted.pl/items/9824439520-remoraid-80105-neo-destiny-pokemon-wotc-pokemon-kort,5.12,PLN,,,,,,brak_gradingu_w_tytule_ani_opisie
2026-09-02T17:30:53+00:00,9824437967,Seel 81/105 Neo Destiny Pokémon WOTC Pokemon kort,https://www.vinted.pl/items/9824437967-seel-81105-neo-destiny-pokemon-wotc-pokemon-kort,5.51,PLN,,,,,,brak_gradingu_w_tytule_ani_opisie
2026-09-02T17:30:55+00:00,9824454243,Phanpy 76/105 Neo Destiny Pokémon WOTC Pokemon kort,https://www.vinted.pl/items/9824454243-phanpy-76105-neo-destiny-pokemon-wotc-pokemon-kort,7.87,PLN,,,,,,brak_gradingu_w_tytule_ani_opisie
2026-09-02T17:30:56+00:00,9867837568,Duraludon v,https://www.vinted.pl/items/9867837568-duraludon-v,131.64,PLN,,,,,,brak_gradingu_w_tytule_ani_opisie
2026-09-02T17:30:58+00:00,9867979290,Tangela,https://www.vinted.pl/items/9867979290-tangela,175.52,PLN,,,,,,brak_gradingu_w_tytule_ani_opisie
2026-09-02T17:45:31+00:00,9868141029,"PSA gradede kort, Absol, Greninja, Lucario, Rapidash",https://www.vinted.pl/items/9868141029-psa-gradede-kort-absol-greninja-lucario-rapidash,410.91,PLN,PSA 1,,,,,brak_ceny_referencyjnej
2026-09-02T17:45:31+00:00,9868043571,Karta Pokémon Umbreon ex SIR Prismatic Evolutions PSA 10,https://www.vinted.pl/items/9868043571-karta-pokemon-umbreon-ex-sir-prismatic-evolutions-psa-10,4500.0,PLN,PSA 10,,,,,brak_ceny_referencyjnej
2026-09-02T18:00:58+00:00,9868194147,PSA Slabs,https://www.vinted.pl/items/9868194147-psa-slabs,1878.45,PLN,PSA 1,,,,,brak_ceny_referencyjnej
2026-09-02T18:15:32+00:00,9868475382,JP Umbreon Ex PSA 9 Mint,https://www.vinted.pl/items/9868475382-jp-umbreon-ex-psa-9-mint,105.31,PLN,PSA 9,3500.00,19,99.2,0.67,poza_zakresem_rabatu
2026-09-02T18:15:34+00:00,9868396663,Pokémon Kortpaket 50st - Samling med Holo & Glansiga Kort (Inkl. Plåtlåda),https://www.vinted.pl/items/9868396663-pokemon-kortpaket-50st-samling-med-holo-glansiga-kort-inkl-platlada,19.67,PLN,,,,,,brak_gradingu_w_tytule_ani_opisie
2026-09-02T18:15:35+00:00,9868380242,Pokémon Kortpaket 50st - Samling med Holo & Glansiga Kort (Inkl. Plåtlåda),https://www.vinted.pl/items/9868380242-pokemon-kortpaket-50st-samling-med-holo-glansiga-kort-inkl-platlada,19.67,PLN,,,,,,brak_gradingu_w_tytule_ani_opisie
2026-09-02T18:15:38+00:00,9867990487,Krookodile,https://www.vinted.pl/items/9867990487-krookodile,329.1,PLN,,,,,,brak_gradingu_w_tytule_ani_opisie
2026-09-02T18:30:48+00:00,9868647187,Pokémon Kortpaket 50st - Samling med Holo & Glansiga Kort (Inkl. Plåtlåda),https://www.vinted.pl/items/9868647187-pokemon-kortpaket-50st-samling-med-holo-glansiga-kort-inkl-platlada,19.67,PLN,PSA 10,,,,,brak_ceny_referencyjnej
2026-09-02T19:00:55+00:00,9869055115,Tyrunt mep 070 PSA9,https://www.vinted.pl/items/9869055115-tyrunt-mep-070-psa9,172.0,PLN,PSA 9,25.00,82,-84.1,0.33,poza_zakresem_rabatu
2026-09-02T19:15:34+00:00,9869211211,Misty's Shellder 1st edition PSA 9,https://www.vinted.pl/items/9869211211-mistys-shellder-1st-edition-psa-9,263.28,PLN,PSA 9,,,,,brak_ceny_referencyjnej
2026-09-02T19:30:47+00:00,9869368254,Magikarp AR 080/073,https://www.vinted.pl/items/9869368254-magikarp-ar-080073,689.0,PLN,,,,,,brak_gradingu_w_tytule_ani_opisie
2026-09-02T19:30:47+00:00,9869223867,Blaine's Last Resort 1st edition PSA 9,https://www.vinted.pl/items/9869223867-blaines-last-resort-1st-edition-psa-9,263.28,PLN,PSA 9,,,,,brak_ceny_referencyjnej
2026-09-02T20:01:04+00:00,9869644611,Umbreon VMAX Brilliant Stars TG23,https://www.vinted.pl/items/9869644611-umbreon-vmax-brilliant-stars-tg23,649.0,PLN,PSA 9,,,,,brak_ceny_referencyjnej
2026-09-02T20:01:07+00:00,9869669041,Pokemon Pikachu 277 Graded 10 Beckett,https://www.vinted.pl/items/9869669041-pokemon-pikachu-277-graded-10-beckett,10970.08,PLN,,,,,,brak_gradingu_w_tytule_ani_opisie
2026-09-02T21:15:31+00:00,9870232071,Pokemon XY promo’s graded,https://www.vinted.pl/items/9870232071-pokemon-xy-promos-graded,6900.0,PLN,,,,,,brak_gradingu_w_tytule_ani_opisie
2026-09-02T23:45:30+00:00,9870856433,Mewtwo GX 39/73 Shining Legends,https://www.vinted.pl/items/9870856433-mewtwo-gx-3973-shining-legends,43.28,PLN,,,,,,brak_gradingu_w_tytule_ani_opisie
2026-09-02T23:45:31+00:00,9870853194,Mega Latios EX 102/108 Roaring Skies,https://www.vinted.pl/items/9870853194-mega-latios-ex-102108-roaring-skies,472.17,PLN,,,,,,brak_gradingu_w_tytule_ani_opisie
2026-09-02T23:45:33+00:00,9870849945,Mewtwo & Mew GX 71/236 Unified Minds,https://www.vinted.pl/items/9870849945-mewtwo-mew-gx-71236-unified-minds,334.45,PLN,,,,,,brak_gradingu_w_tytule_ani_opisie
2026-09-03T00:00:59+00:00,9870888416,Charmander 101/100 Stormfront,https://www.vinted.pl/items/9870888416-charmander-101100-stormfront,216.41,PLN,,,,,,brak_gradingu_w_tytule_ani_opisie
2026-09-03T00:01:00+00:00,9870885854,Mimikyu VMAX TG17/TG30 Brilliant Stars,https://www.vinted.pl/items/9870885854-mimikyu-vmax-tg17tg30-brilliant-stars,98.37,PLN,,,,,,brak_gradingu_w_tytule_ani_opisie
2026-09-03T00:01:02+00:00,9870881219,Ice Rider Calyrex V TG14/TG30 Astral Radiance,https://www.vinted.pl/items/9870881219-ice-rider-calyrex-v-tg14tg30-astral-radiance,35.41,PLN,,,,,,brak_gradingu_w_tytule_ani_opisie
2026-09-03T00:01:03+00:00,9870876539,Gengar 16/99 Arceus,https://www.vinted.pl/items/9870876539-gengar-1699-arceus,108.21,PLN,,,,,,brak_gradingu_w_tytule_ani_opisie
2026-09-03T00:01:05+00:00,9870873493,Umbreon VMAX 95/203 Evolving skies,https://www.vinted.pl/items/9870873493-umbreon-vmax-95203-evolving-skies,78.69,PLN,,,,,,brak_gradingu_w_tytule_ani_opisie
2026-09-03T00:01:06+00:00,9870870382,Charizard EX 11/106 Flashfire,https://www.vinted.pl/items/9870870382-charizard-ex-11106-flashfire,18.49,PLN,,,,,,brak_gradingu_w_tytule_ani_opisie
2026-09-03T00:01:07+00:00,9870865707,Larvitar 203/197 Obsidian Flames,https://www.vinted.pl/items/9870865707-larvitar-203197-obsidian-flames,19.67,PLN,,,,,,brak_gradingu_w_tytule_ani_opisie
2026-09-03T00:01:09+00:00,9870863029,Gengar EX 34/119 Phantom Forces,https://www.vinted.pl/items/9870863029-gengar-ex-34119-phantom-forces,216.41,PLN,,,,,,brak_gradingu_w_tytule_ani_opisie
2026-09-03T00:01:10+00:00,9870860160,Mega Charizard EX 13/108 Evolutions,https://www.vinted.pl/items/9870860160-mega-charizard-ex-13108-evolutions,129.85,PLN,,,,,,brak_gradingu_w_tytule_ani_opisie
2026-09-03T01:00:53+00:00,9871012370,Minun psa 10,https://www.vinted.pl/items/9871012370-minun-psa-10,1082.06,PLN,PSA 10,399.99,2,,1.00,za_mala_probka_sprzedazy
2026-09-03T04:45:36+00:00,9824480923,Larvitar 70/105 Neo Destiny Pokémon WOTC Pokemon kort,https://www.vinted.pl/items/9824480923-larvitar-70105-neo-destiny-pokemon-wotc-pokemon-kort,5.89,PLN,,,,,,brak_gradingu_w_tytule_ani_opisie
2026-09-03T05:15:31+00:00,9871471588,Iono (Pal 269) PSA 9,https://www.vinted.pl/items/9871471588-iono-pal-269-psa-9,253.44,PLN,PSA 9,57.54,232,-17.9,0.67,poza_zakresem_rabatu
2026-09-03T06:00:56+00:00,9871567529,Mega Clefable ex 119/086 BGS 9.5,https://www.vinted.pl/items/9871567529-mega-clefable-ex-119086-bgs-95,469.01,PLN,BGS 9.5,171.25,6,26.7,0.80,wyslano_na_discord
2026-09-03T06:00:56+00:00,9871553963,Xerneas 091/086 BGS 9.5,https://www.vinted.pl/items/9871553963-xerneas-091086-bgs-95,249.84,PLN,BGS 9.5,63.00,1,,1.00,za_mala_probka_sprzedazy
2026-09-03T07:15:47+00:00,9871869639,2021 Pokemon Rayquaza #284,https://www.vinted.pl/items/9871869639-2021-pokemon-rayquaza-284,1086.95,PLN,PSA 10,430.00,502,32.4,0.29,wyslano_na_discord
2026-09-03T07:30:47+00:00,9871971905,PSA 10 Gold Mega Gardevoir M1S JP #092,https://www.vinted.pl/items/9871971905-psa-10-gold-mega-gardevoir-m1s-jp-092,2434.84,PLN,PSA 10,,,,,brak_ceny_referencyjnej
2026-09-03T07:30:47+00:00,9871960040,"Crobat 093/086 BGS 9,5",https://www.vinted.pl/items/9871960040-crobat-093086-bgs-95,249.84,PLN,"BGS 9,5",50.00,1,,1.00,za_mala_probka_sprzedazy
2026-09-03T07:30:47+00:00,9871924250,Origin Forme Palkia VSTAR (Secret) GG67/GG70 BGS 9,https://www.vinted.pl/items/9871924250-origin-forme-palkia-vstar-secret-gg67gg70-bgs-9,653.1,PLN,BGS 9,,,,,brak_ceny_referencyjnej
2026-09-03T07:45:51+00:00,9872056586,Mega Gengar ex ASC 269/217 BGS 10,https://www.vinted.pl/items/9872056586-mega-gengar-ex-asc-269217-bgs-10,3063.87,PLN,BGS 10,535.50,28,-53.1,0.83,poza_zakresem_rabatu
2026-09-03T08:30:45+00:00,9872328156,White Flare Booster Bundle Booster Boxes,https://www.vinted.pl/items/9872328156-white-flare-booster-bundle-booster-boxes,390.0,PLN,PSA 10,,,,,brak_ceny_referencyjnej
2026-09-03T08:30:46+00:00,9872323799,Black Bolt Booster Bundle Booster Boxes,https://www.vinted.pl/items/9872323799-black-bolt-booster-bundle-booster-boxes,400.0,PLN,PSA 10,,,,,brak_ceny_referencyjnej
2026-09-03T08:30:49+00:00,9872302812,Rayquaza #SL10 - PSA 6,https://www.vinted.pl/items/9872302812-rayquaza-sl10-psa-6,5541.22,PLN,PSA 6,55.00,11,-2596.2,0.50,poza_zakresem_rabatu
2026-09-03T08:30:49+00:00,9872299849,Mega Lucario PSA 9,https://www.vinted.pl/items/9872299849-mega-lucario-psa-9,205.0,PLN,PSA 9,265.00,379,79.3,1.00,poza_zakresem_rabatu
2026-09-03T09:01:03+00:00,9872524166,Steven Gerrard Graded 9,https://www.vinted.pl/items/9872524166-steven-gerrard-graded-9,54.22,PLN,,,,,,brak_gradingu_w_tytule_ani_opisie
2026-09-03T09:15:32+00:00,9872682967,Abra psa 10,https://www.vinted.pl/items/9872682967-abra-psa-10,165.99,PLN,PSA 10,,,,,brak_ceny_referencyjnej
2026-09-03T09:45:35+00:00,9873034781,Karta Pokemon Zapdos ex (MEW 202) PSA 10,https://www.vinted.pl/items/9873034781-karta-pokemon-zapdos-ex-mew-202-psa-10,2050.0,PLN,PSA 10,120.00,198,-357.2,0.50,poza_zakresem_rabatu
2026-09-03T09:45:36+00:00,9873031869,Pokémon Bulbasaur #50 Japanese SVG Special Set – PSA 8,https://www.vinted.pl/items/9873031869-pokemon-bulbasaur-50-japanese-svg-special-set-psa-8,285.88,PLN,PSA 8,,,,,brak_ceny_referencyjnej
2026-09-03T10:00:58+00:00,9873206211,Charizard VMAX #SV107 Pokemon Shining Fates PSA 10,https://www.vinted.pl/items/9873206211-charizard-vmax-sv107-pokemon-shining-fates-psa-10,1000.0,PLN,PSA 10,285.50,373,6.3,1.00,wyslano_na_discord
2026-09-03T10:00:58+00:00,9873180799,First Partner Charmander 010 PSA 10 GEM MT,https://www.vinted.pl/items/9873180799-first-partner-charmander-010-psa-10-gem-mt,701.27,PLN,PSA 10,874.37,1,,0.50,za_mala_probka_sprzedazy
2026-09-03T10:01:01+00:00,9873238888,Shiinotic (sv7a 066) - Rubin 9.5,https://www.vinted.pl/items/9873238888-shiinotic-sv7a-066-rubin-95,79.73,PLN,,,,,,brak_gradingu_w_tytule_ani_opisie
2026-09-03T10:15:33+00:00,9873322668,Psa kort holder,https://www.vinted.pl/items/9873322668-psa-kort-holder,52.77,PLN,,,,,,brak_gradingu_w_tytule_ani_opisie
2026-09-03T10:15:34+00:00,9873312999,Mega charizard x ex PSA 9,https://www.vinted.pl/items/9873312999-mega-charizard-x-ex-psa-9,3927.4,PLN,PSA 9,440.00,489,-138.9,1.00,poza_zakresem_rabatu
2026-09-03T10:30:44+00:00,9873438689,Zacian V GG48/GG70 BGS 9,https://www.vinted.pl/items/9873438689-zacian-v-gg48gg70-bgs-9,258.61,PLN,BGS 9,,,,,brak_ceny_referencyjnej
2026-09-03T10:45:44+00:00,9873581811,Vaporeon gold star PSA 5🔥,https://www.vinted.pl/items/9873581811-vaporeon-gold-star-psa-5,6450.1,PLN,PSA 5,1387.49,24,,0.67,blad_kursu_walut
2026-09-03T11:00:59+00:00,9873769745,Tyranitar ex holofoil,https://www.vinted.pl/items/9873769745-tyranitar-ex-holofoil,879.56,PLN,,,,,,brak_gradingu_w_tytule_ani_opisie
2026-09-03T11:15:31+00:00,9873878993,Pikachu mc donalds psa 10,https://www.vinted.pl/items/9873878993-pikachu-mc-donalds-psa-10,657.48,PLN,PSA 10,,,,,brak_ceny_referencyjnej
2026-09-03T11:35:16+00:00,9874092833,Venusaur EX XY123 - PSA 7 - 2016 English Promo Pokemonkort,https://www.vinted.pl/items/9874092833-venusaur-ex-xy123-psa-7-2016-english-promo-pokemonkort,922.64,PLN,PSA 7,231.49,58,-6.7,0.43,poza_zakresem_rabatu
2026-09-03T11:45:34+00:00,9874265411,Geodude Pokemon kort,https://www.vinted.pl/items/9874265411-geodude-pokemon-kort,105.55,PLN,,,,,,brak_gradingu_w_tytule_ani_opisie
2026-09-03T12:00:57+00:00,9874423108,Totodile Pokemon kort,https://www.vinted.pl/items/9874423108-totodile-pokemon-kort,64.5,PLN,,,,,,brak_gradingu_w_tytule_ani_opisie
2026-09-03T12:00:59+00:00,9874419031,Kartička,https://www.vinted.pl/items/9874419031-karticka,12.68,PLN,PSA 10,,,,,brak_ceny_referencyjnej
2026-09-03T12:01:00+00:00,9874393920,Seel Pokemon kort,https://www.vinted.pl/items/9874393920-seel-pokemon-kort,105.55,PLN,,,,,,brak_gradingu_w_tytule_ani_opisie
2026-09-03T12:01:02+00:00,9874354898,Hoppip,https://www.vinted.pl/items/9874354898-hoppip,32.25,PLN,,,,,,brak_gradingu_w_tytule_ani_opisie
2026-09-03T12:01:04+00:00,9874339349,Pichu Pokemon kort,https://www.vinted.pl/items/9874339349-pichu-pokemon-kort,26.39,PLN,,,,,,brak_gradingu_w_tytule_ani_opisie
2026-09-03T12:01:05+00:00,9835191024,Holo - Ho-oh 7/64 Neo Revelation Pokemon kort WOTC vintage 1995-2001,https://www.vinted.pl/items/9835191024-holo-ho-oh-764-neo-revelation-pokemon-kort-wotc-vintage-1995-2001,510.61,PLN,,,,,,brak_gradingu_w_tytule_ani_opisie
2026-09-03T12:01:06+00:00,9874320404,Rhydon Pokemon kort,https://www.vinted.pl/items/9874320404-rhydon-pokemon-kort,93.82,PLN,,,,,,brak_gradingu_w_tytule_ani_opisie
2026-09-03T12:01:08+00:00,9874308192,Dragonite Pokemon kort,https://www.vinted.pl/items/9874308192-dragonite-pokemon-kort,76.23,PLN,,,,,,brak_gradingu_w_tytule_ani_opisie
2026-09-03T12:01:09+00:00,9874281081,Kingdra Pokemon kort,https://www.vinted.pl/items/9874281081-kingdra-pokemon-kort,41.05,PLN,,,,,,brak_gradingu_w_tytule_ani_opisie
2026-09-03T12:15:35+00:00,9834603733,Kingdra 19/64 Neo Revelation Pokemon kort WOTC vintage 1995-2001,https://www.vinted.pl/items/9834603733-kingdra-1964-neo-revelation-pokemon-kort-wotc-vintage-1995-2001,19.64,PLN,,,,,,brak_gradingu_w_tytule_ani_opisie
2026-09-03T12:15:36+00:00,9834617112,Entei 17/64 Neo Revelation Pokemon kort WOTC vintage 1995-2001,https://www.vinted.pl/items/9834617112-entei-1764-neo-revelation-pokemon-kort-wotc-vintage-1995-2001,66.77,PLN,,,,,,brak_gradingu_w_tytule_ani_opisie
2026-09-03T12:15:38+00:00,9834635539,Aerodactyl 15/64 Neo Revelation Pokemon kort WOTC vintage 1995-2001,https://www.vinted.pl/items/9834635539-aerodactyl-1564-neo-revelation-pokemon-kort-wotc-vintage-1995-2001,29.46,PLN,,,,,,brak_gradingu_w_tytule_ani_opisie
2026-09-03T12:30:49+00:00,9831381014,Jynx 31/64 Neo Revelation Pokemon kort WOTC vintage 1995-2001,https://www.vinted.pl/items/9831381014-jynx-3164-neo-revelation-pokemon-kort-wotc-vintage-1995-2001,13.75,PLN,,,,,,brak_gradingu_w_tytule_ani_opisie
2026-09-03T12:30:52+00:00,9831412988,Graveler 30/64 Neo Revelation Pokemon kort WOTC vintage 1995-2001,https://www.vinted.pl/items/9831412988-graveler-3064-neo-revelation-pokemon-kort-wotc-vintage-1995-2001,5.89,PLN,,,,,,brak_gradingu_w_tytule_ani_opisie
2026-09-03T12:30:54+00:00,9831471126,Flaaffy 28/64 Neo Revelation Pokemon kort WOTC vintage 1995-2001,https://www.vinted.pl/items/9831471126-flaaffy-2864-neo-revelation-pokemon-kort-wotc-vintage-1995-2001,9.82,PLN,,,,,,brak_gradingu_w_tytule_ani_opisie
2026-09-03T12:30:56+00:00,9874640592,Bezrękawnik pokemony r.110,https://www.vinted.pl/items/9874640592-bezrekawnik-pokemony-r110,6.0,PLN,,,,,,brak_gradingu_w_tytule_ani_opisie
2026-09-03T12:30:57+00:00,9834139635,Raikou 22/64 Neo Revelation Pokemon kort WOTC vintage 1995-2001,https://www.vinted.pl/items/9834139635-raikou-2264-neo-revelation-pokemon-kort-wotc-vintage-1995-2001,70.7,PLN,,,,,,brak_gradingu_w_tytule_ani_opisie
2026-09-03T12:31:00+00:00,9874278436,Tiger woods cards,https://www.vinted.pl/items/9874278436-tiger-woods-cards,657.48,PLN,,,,,,brak_gradingu_w_tytule_ani_opisie
2026-09-03T12:45:41+00:00,9831310680,Piloswine 36/64 Neo Revelation Pokemon kort WOTC vintage 1995-2001,https://www.vinted.pl/items/9831310680-piloswine-3664-neo-revelation-pokemon-kort-wotc-vintage-1995-2001,7.46,PLN,,,,,,brak_gradingu_w_tytule_ani_opisie
2026-09-03T12:45:42+00:00,9874897927,Houndoom Holo PSA 5 Aquapolis 2003 Vintage Pokemon,https://www.vinted.pl/items/9874897927-houndoom-holo-psa-5-aquapolis-2003-vintage-pokemon,2749.07,PLN,PSA 5,811.79,3,9.4,0.50,wyslano_na_discord
2026-09-03T12:45:43+00:00,9831337208,Parasect 35/64 Neo Revelation Pokemon kort WOTC vintage 1995-2001,https://www.vinted.pl/items/9831337208-parasect-3564-neo-revelation-pokemon-kort-wotc-vintage-1995-2001,6.68,PLN,,,,,,brak_gradingu_w_tytule_ani_opisie
2026-09-03T12:45:43+00:00,9874856364,Giovanni's Persian #53 Japanease PSA 9 MINT Challenge from the Darkness,https://www.vinted.pl/items/9874856364-giovannis-persian-53-japanease-psa-9-mint-challenge-from-the-darkness,903.39,PLN,PSA 9,,,,,brak_ceny_referencyjnej
2026-09-03T12:45:45+00:00,9874814601,Pikachu SWSH234 – Pokémon GO Promo,https://www.vinted.pl/items/9874814601-pikachu-swsh234-pokemon-go-promo,35.02,PLN,,,,,,brak_gradingu_w_tytule_ani_opisie
2026-09-03T12:45:46+00:00,9831367681,Magcargo 33/64 Neo Revelation Pokemon kort WOTC vintage 1995-2001,https://www.vinted.pl/items/9831367681-magcargo-3364-neo-revelation-pokemon-kort-wotc-vintage-1995-2001,7.07,PLN,,,,,,brak_gradingu_w_tytule_ani_opisie
2026-09-03T13:01:09+00:00,9831154010,Geodude 44/64 Neo Revelation Pokemon kort WOTC vintage 1995-2001,https://www.vinted.pl/items/9831154010-geodude-4464-neo-revelation-pokemon-kort-wotc-vintage-1995-2001,5.11,PLN,,,,,,brak_gradingu_w_tytule_ani_opisie
2026-09-03T13:01:10+00:00,9831203805,Unown (Y) 40/64 Neo Revelation Pokemon kort WOTC vintage 1995-2001,https://www.vinted.pl/items/9831203805-unown-y-4064-neo-revelation-pokemon-kort-wotc-vintage-1995-2001,9.82,PLN,,,,,,brak_gradingu_w_tytule_ani_opisie
2026-09-03T13:01:12+00:00,9831213905,Unown 39/64 Neo Revelation Pokemon kort WOTC vintage 1995-2001,https://www.vinted.pl/items/9831213905-unown-3964-neo-revelation-pokemon-kort-wotc-vintage-1995-2001,7.86,PLN,,,,,,brak_gradingu_w_tytule_ani_opisie
2026-09-03T13:01:14+00:00,9831300426,Seaking 37/64 Neo Revelation Pokemon kort WOTC vintage 1995-2001,https://www.vinted.pl/items/9831300426-seaking-3764-neo-revelation-pokemon-kort-wotc-vintage-1995-2001,9.82,PLN,,,,,,brak_gradingu_w_tytule_ani_opisie
2026-09-03T13:15:34+00:00,9830878476,Slugma 53/64 Neo Revelation Pokemon kort WOTC vintage 1995-2001,https://www.vinted.pl/items/9830878476-slugma-5364-neo-revelation-pokemon-kort-wotc-vintage-1995-2001,5.5,PLN,,,,,,brak_gradingu_w_tytule_ani_opisie
2026-09-03T13:15:36+00:00,9830885474,Skiploom 52/64 Neo Revelation Pokemon kort WOTC vintage 1995-2001,https://www.vinted.pl/items/9830885474-skiploom-5264-neo-revelation-pokemon-kort-wotc-vintage-1995-2001,5.5,PLN,,,,,,brak_gradingu_w_tytule_ani_opisie
2026-09-03T13:15:37+00:00,9831003326,Qwilfish 49/64 Neo Revelation Pokemon kort WOTC vintage 1995-2001,https://www.vinted.pl/items/9831003326-qwilfish-4964-neo-revelation-pokemon-kort-wotc-vintage-1995-2001,5.11,PLN,,,,,,brak_gradingu_w_tytule_ani_opisie
2026-09-03T13:15:39+00:00,9831071316,Quagsire 48/64 Neo Revelation Pokemon kort WOTC vintage 1995-2001,https://www.vinted.pl/items/9831071316-quagsire-4864-neo-revelation-pokemon-kort-wotc-vintage-1995-2001,9.82,PLN,,,,,,brak_gradingu_w_tytule_ani_opisie
2026-09-03T13:15:40+00:00,9831102246,Paras 47/64 Neo Revelation Pokemon kort WOTC vintage 1995-2001,https://www.vinted.pl/items/9831102246-paras-4764-neo-revelation-pokemon-kort-wotc-vintage-1995-2001,5.11,PLN,,,,,,brak_gradingu_w_tytule_ani_opisie
2026-09-03T13:15:42+00:00,9875134982,Gyarados EX 123/122 Holo Secret Rare - Vintage Pokemon Kort - XY Breakpoint,https://www.vinted.pl/items/9875134982-gyarados-ex-123122-holo-secret-rare-vintage-pokemon-kort-xy-breakpoint,351.82,PLN,PSA 10,,,,,brak_ceny_referencyjnej
2026-09-03T13:15:43+00:00,9831113643,Murkrow 46/64 Neo Revelation Pokemon kort WOTC vintage 1995-2001,https://www.vinted.pl/items/9831113643-murkrow-4664-neo-revelation-pokemon-kort-wotc-vintage-1995-2001,7.86,PLN,,,,,,brak_gradingu_w_tytule_ani_opisie
2026-09-03T13:15:45+00:00,9831121391,Goldeen 45/64 Neo Revelation Pokemon kort WOTC vintage 1995-2001,https://www.vinted.pl/items/9831121391-goldeen-4564-neo-revelation-pokemon-kort-wotc-vintage-1995-2001,7.86,PLN,,,,,,brak_gradingu_w_tytule_ani_opisie
2026-09-03T13:30:48+00:00,9875426170,Scyther holo psa 8,https://www.vinted.pl/items/9875426170-scyther-holo-psa-8,372.57,PLN,PSA 8,8.99,3,-1009.0,1.00,poza_zakresem_rabatu
2026-09-03T13:30:48+00:00,9875420611,Jumpluff psa 8.5,https://www.vinted.pl/items/9875420611-jumpluff-psa-85,372.57,PLN,PSA 8.5,,,,,brak_ceny_referencyjnej
2026-09-03T13:30:48+00:00,9875414880,Pokemon Card Dedenne ex Tera APG nie psa cgc 9.5 Mint+ Paldea Evolved English,https://www.vinted.pl/items/9875414880-pokemon-card-dedenne-ex-tera-apg-nie-psa-cgc-95-mint-paldea-evolved-english,99.99,PLN,CGC 9.5,,,,,brak_ceny_referencyjnej
2026-09-03T13:30:50+00:00,9830484445,1st Edition - Trainer - Old Rod 64/64 Neo Revelation Pokemon kort WOTC vintage 1995-2001,https://www.vinted.pl/items/9830484445-1st-edition-trainer-old-rod-6464-neo-revelation-pokemon-kort-wotc-vintage-1995-2001,9.82,PLN,,,,,,brak_gradingu_w_tytule_ani_opisie
2026-09-03T13:30:51+00:00,9830609249,Trainer - Healing Field 61/64 Neo Revelation Pokemon kort WOTC vintage 1995-2001,https://www.vinted.pl/items/9830609249-trainer-healing-field-6164-neo-revelation-pokemon-kort-wotc-vintage-1995-2001,4.71,PLN,,,,,,brak_gradingu_w_tytule_ani_opisie
2026-09-03T13:30:55+00:00,9830643839,Zubat 59/64 Neo Revelation Pokemon kort WOTC vintage 1995-2001,https://www.vinted.pl/items/9830643839-zubat-5964-neo-revelation-pokemon-kort-wotc-vintage-1995-2001,5.11,PLN,,,,,,brak_gradingu_w_tytule_ani_opisie
2026-09-03T13:45:48+00:00,9875616336,Japońska Karta Pokémon Mankey Delta Species CGC 9 Mint 1st Ed 2006 Japanese,https://www.vinted.pl/items/9875616336-japonska-karta-pokemon-mankey-delta-species-cgc-9-mint-1st-ed-2006-japanese,129.99,PLN,CGC 9,,,,,brak_ceny_referencyjnej
2026-09-03T14:01:04+00:00,9875747955,Japońska Karta Pokémon Solrock Holo CGC nie psa 9 Mint 1st Ed 2010 Clash at the Summit,https://www.vinted.pl/items/9875747955-japonska-karta-pokemon-solrock-holo-cgc-nie-psa-9-mint-1st-ed-2010-clash-at-the-summit,129.99,PLN,PSA 9,,,,,brak_ceny_referencyjnej
2026-09-03T14:01:06+00:00,9875483210,pokemon karta,https://www.vinted.pl/items/9875483210-pokemon-karta,543.48,PLN,,,,,,brak_gradingu_w_tytule_ani_opisie
2026-09-03T14:15:33+00:00,9875941660,Jolteon,https://www.vinted.pl/items/9875941660-jolteon,175.91,PLN,,,,,,brak_gradingu_w_tytule_ani_opisie
2026-09-03T14:15:34+00:00,9875887395,Iono (Pal 269) PSA 9,https://www.vinted.pl/items/9875887395-iono-pal-269-psa-9,253.44,PLN,PSA 9,57.54,232,-18.2,0.67,poza_zakresem_rabatu
2026-09-03T14:15:34+00:00,9875876194,2023 pokemon sv2a JP Ivysaur master ball reverse holo PSA 10,https://www.vinted.pl/items/9875876194-2023-pokemon-sv2a-jp-ivysaur-master-ball-reverse-holo-psa-10,438.32,PLN,PSA 10,,,,,brak_ceny_referencyjnej
2026-09-03T14:15:37+00:00,9875856777,"Lillie's Determination (MEG 184), BGS 9.5",https://www.vinted.pl/items/9875856777-lillies-determination-meg-184-bgs-95,635.57,PLN,BGS 9.5,165.00,5,-3.4,0.80,poza_zakresem_rabatu
2026-09-03T14:15:37+00:00,9875829745,"Meowth (PFL 106), BGS 9.5",https://www.vinted.pl/items/9875829745-meowth-pfl-106-bgs-95,767.06,PLN,BGS 9.5,,,,,brak_ceny_referencyjnej
2026-09-03T14:15:38+00:00,9875810666,"Mega Zygarde ex (POR 120), BGS 9.5",https://www.vinted.pl/items/9875810666-mega-zygarde-ex-por-120-bgs-95,767.06,PLN,BGS 9.5,137.50,5,-49.8,0.80,poza_zakresem_rabatu
2026-09-03T14:15:39+00:00,9875351899,Karta Pokémon Ambidiffel G Reverse Holo PCA 6 Platin 2009 Ambipom,https://www.vinted.pl/items/9875351899-karta-pokemon-ambidiffel-g-reverse-holo-pca-6-platin-2009-ambipom,69.99,PLN,,,,,,brak_gradingu_w_tytule_ani_opisie
2026-09-03T14:30:49+00:00,9876083256,Pikachu,https://www.vinted.pl/items/9876083256-pikachu,131.5,PLN,,,,,,brak_gradingu_w_tytule_ani_opisie
2026-09-03T14:30:52+00:00,9875977130,Karta pokemon sandy shocks ex,https://www.vinted.pl/items/9875977130-karta-pokemon-sandy-shocks-ex,100.0,PLN,PSA 10,100.00,76,73.2,0.32,poza_zakresem_rabatu
2026-09-03T14:30:53+00:00,9827223769,Umbreon ex #176 BGS 9,https://www.vinted.pl/items/9827223769-umbreon-ex-176-bgs-9,219.16,PLN,BGS 9,37.50,3,-56.9,1.00,poza_zakresem_rabatu
2026-09-03T15:01:04+00:00,9876445882,2023 Pokemon SV2a JP Pikachu art rare PSA 10,https://www.vinted.pl/items/9876445882-2023-pokemon-sv2a-jp-pikachu-art-rare-psa-10,832.81,PLN,PSA 10,413.50,683,45.9,0.20,poza_zakresem_rabatu
2026-09-03T15:01:05+00:00,9876358186,Pokémon vintage,https://www.vinted.pl/items/9876358186-pokemon-vintage,274.95,PLN,,,,,,brak_gradingu_w_tytule_ani_opisie
2026-09-03T15:12:38+00:00,9834629304,Holo - Porygon 2 12/64 Neo Revelation Pokemon kort WOTC vintage 1995-2001,https://www.vinted.pl/items/9834629304-holo-porygon-2-1264-neo-revelation-pokemon-kort-wotc-vintage-1995-2001,235.67,PLN,,,,,,brak_gradingu_w_tytule_ani_opisie
2026-09-03T15:15:51+00:00,9831373641,Lanturn 32/64 Neo Revelation Pokemon kort WOTC vintage 1995-2001,https://www.vinted.pl/items/9831373641-lanturn-3264-neo-revelation-pokemon-kort-wotc-vintage-1995-2001,6.68,PLN,,,,,,brak_gradingu_w_tytule_ani_opisie
2026-09-03T15:15:52+00:00,9835166972,Holo - Jumpluff 9/64 Neo Revelation Pokemon kort WOTC vintage 1995-2001,https://www.vinted.pl/items/9835166972-holo-jumpluff-964-neo-revelation-pokemon-kort-wotc-vintage-1995-2001,98.19,PLN,,,,,,brak_gradingu_w_tytule_ani_opisie
2026-09-03T15:15:54+00:00,9831450333,Golbat 29/64 Neo Revelation Pokemon kort WOTC vintage 1995-2001,https://www.vinted.pl/items/9831450333-golbat-2964-neo-revelation-pokemon-kort-wotc-vintage-1995-2001,6.68,PLN,,,,,,brak_gradingu_w_tytule_ani_opisie
2026-09-03T15:15:55+00:00,9831516442,Starmie 25/64 Neo Revelation Pokemon kort WOTC vintage 1995-2001,https://www.vinted.pl/items/9831516442-starmie-2564-neo-revelation-pokemon-kort-wotc-vintage-1995-2001,23.57,PLN,,,,,,brak_gradingu_w_tytule_ani_opisie
2026-09-03T15:15:56+00:00,9831530258,Sneasel 24/64 Neo Revelation Pokemon kort WOTC vintage 1995-2001,https://www.vinted.pl/items/9831530258-sneasel-2464-neo-revelation-pokemon-kort-wotc-vintage-1995-2001,11.78,PLN,,,,,,brak_gradingu_w_tytule_ani_opisie
2026-09-03T15:15:58+00:00,9835066895,Holo - Suicune 14/64 Neo Revelation Pokemon kort WOTC vintage 1995-2001,https://www.vinted.pl/items/9835066895-holo-suicune-1464-neo-revelation-pokemon-kort-wotc-vintage-1995-2001,255.31,PLN,,,,,,brak_gradingu_w_tytule_ani_opisie
2026-09-03T15:30:51+00:00,9876682964,Sealed dash pack series 9,https://www.vinted.pl/items/9876682964-sealed-dash-pack-series-9,40.0,PLN,,,,,,brak_gradingu_w_tytule_ani_opisie
2026-09-03T15:45:38+00:00,9876506244,Bluza Nike,https://www.vinted.pl/items/9876506244-bluza-nike,30.0,PLN,,,,,,brak_gradingu_w_tytule_ani_opisie
2026-09-03T16:01:02+00:00,9830495332,Trainer - Rocket's Hideout 63/64 Neo Revelation Pokemon kort WOTC vintage 1995-2001,https://www.vinted.pl/items/9830495332-trainer-rockets-hideout-6364-neo-revelation-pokemon-kort-wotc-vintage-1995-2001,27.49,PLN,,,,,,brak_gradingu_w_tytule_ani_opisie
2026-09-03T16:01:04+00:00,9830901473,Shuckle 51/64 Neo Revelation Pokemon kort WOTC vintage 1995-2001,https://www.vinted.pl/items/9830901473-shuckle-5164-neo-revelation-pokemon-kort-wotc-vintage-1995-2001,6.68,PLN,,,,,,brak_gradingu_w_tytule_ani_opisie
2026-09-03T16:01:05+00:00,9831349155,Octillery 34/64 Neo Revelation Pokemon kort WOTC vintage 1995-2001,https://www.vinted.pl/items/9831349155-octillery-3464-neo-revelation-pokemon-kort-wotc-vintage-1995-2001,9.82,PLN,,,,,,brak_gradingu_w_tytule_ani_opisie
2026-09-03T16:01:07+00:00,9831270972,Stantler 38/64 Neo Revelation Pokemon kort WOTC vintage 1995-2001,https://www.vinted.pl/items/9831270972-stantler-3864-neo-revelation-pokemon-kort-wotc-vintage-1995-2001,7.86,PLN,,,,,,brak_gradingu_w_tytule_ani_opisie
2026-09-03T16:30:47+00:00,9877480601,Charizard EX - XY Flashfire (2014),https://www.vinted.pl/items/9877480601-charizard-ex-xy-flashfire-2014,2629.94,PLN,,,,,,brak_gradingu_w_tytule_ani_opisie
2026-09-03T16:30:50+00:00,9877560679,Pokemon FireRed Nintendo Gameboy Advance,https://www.vinted.pl/items/9877560679-pokemon-firered-nintendo-gameboy-advance,438.32,PLN,,,,,,brak_gradingu_w_tytule_ani_opisie
2026-09-03T16:45:33+00:00,9877720971,Mew Evolutions Reverse Holo PSA 10,https://www.vinted.pl/items/9877720971-mew-evolutions-reverse-holo-psa-10,3019.82,PLN,PSA 10,1307.00,32,38.0,1.00,wyslano_na_discord
2026-09-03T16:45:34+00:00,9877742781,Nintendo Gameboy Advance SP Rayquaza IPS screen,https://www.vinted.pl/items/9877742781-nintendo-gameboy-advance-sp-rayquaza-ips-screen,964.31,PLN,,,,,,brak_gradingu_w_tytule_ani_opisie
2026-09-03T16:45:36+00:00,9877610633,Pokemon Emerald Nintendo Gameboy Advance,https://www.vinted.pl/items/9877610633-pokemon-emerald-nintendo-gameboy-advance,964.31,PLN,,,,,,brak_gradingu_w_tytule_ani_opisie
2026-09-03T16:45:40+00:00,9877723407,Karta Pokemon Charizard EX P 056 Beckett 9.5,https://www.vinted.pl/items/9877723407-karta-pokemon-charizard-ex-p-056-beckett-95,500.0,PLN,,,,,,brak_gradingu_w_tytule_ani_opisie
2026-09-03T17:01:00+00:00,9877843058,Peonia 219/198,https://www.vinted.pl/items/9877843058-peonia-219198,30.0,PLN,PSA 10,43.73,8,81.6,0.03,poza_zakresem_rabatu
2026-09-03T17:01:02+00:00,9877813281,Mewtwo V promo,https://www.vinted.pl/items/9877813281-mewtwo-v-promo,32.0,PLN,PSA 10,,,,,brak_ceny_referencyjnej
2026-09-03T17:01:03+00:00,9877780714,Celebi & Venusaur GX (TEU 159) Tag team,https://www.vinted.pl/items/9877780714-celebi-venusaur-gx-teu-159-tag-team,125.0,PLN,PSA 10,236.25,4,85.8,0.03,poza_zakresem_rabatu
2026-09-03T17:01:07+00:00,9877926271,Karta Pokemon Lumineon V ggcur GG39 beckett 9,https://www.vinted.pl/items/9877926271-karta-pokemon-lumineon-v-ggcur-gg39-beckett-9,380.0,PLN,,,,,,brak_gradingu_w_tytule_ani_opisie
2026-09-03T17:15:32+00:00,9877983400,Raquaza psa 10,https://www.vinted.pl/items/9877983400-raquaza-psa-10,5000.0,PLN,PSA 10,,,,,brak_ceny_referencyjnej
2026-09-03T17:30:46+00:00,9834625367,Celebi 16/64 Neo Revelation Pokemon kort WOTC vintage 1995-2001,https://www.vinted.pl/items/9834625367-celebi-1664-neo-revelation-pokemon-kort-wotc-vintage-1995-2001,27.49,PLN,,,,,,brak_gradingu_w_tytule_ani_opisie
2026-09-03T17:30:47+00:00,9878278524,Kabutops #150 Skyridge Crystal Double Swirl PSA 1,https://www.vinted.pl/items/9878278524-kabutops-150-skyridge-crystal-double-swirl-psa-1,3518.24,PLN,PSA 1,557.50,12,-69.4,0.50,poza_zakresem_rabatu
2026-09-03T17:30:47+00:00,9878262106,Dark Celebi #4 PSA 8,https://www.vinted.pl/items/9878262106-dark-celebi-4-psa-8,762.28,PLN,PSA 8,83.33,24,-145.6,1.00,poza_zakresem_rabatu
2026-09-03T17:30:47+00:00,9878250805,Electabuzz Game Winner Promo Double Swirl PSA 9,https://www.vinted.pl/items/9878250805-electabuzz-game-winner-promo-double-swirl-psa-9,1641.84,PLN,PSA 9,,,,,brak_ceny_referencyjnej
2026-09-03T17:30:47+00:00,9878238122,Charmander #97 Expedition PSA 10,https://www.vinted.pl/items/9878238122-charmander-97-expedition-psa-10,2052.3,PLN,PSA 10,320.00,12,-72.2,1.00,poza_zakresem_rabatu
2026-09-03T17:30:47+00:00,9878195554,Squirtle #132 Expedition PSA 10,https://www.vinted.pl/items/9878195554-squirtle-132-expedition-psa-10,4339.16,PLN,PSA 10,805.50,16,-44.6,1.00,poza_zakresem_rabatu
2026-09-03T17:30:48+00:00,9878182541,Typhlosion #12 Holo PSA 9,https://www.vinted.pl/items/9878182541-typhlosion-12-holo-psa-9,1172.75,PLN,PSA 9,,,,,brak_ceny_referencyjnej
2026-09-03T17:30:48+00:00,9878164109,Houndoom #15 Aquapolis Reverse Holo PSA 6,https://www.vinted.pl/items/9878164109-houndoom-15-aquapolis-reverse-holo-psa-6,879.56,PLN,PSA 6,,,,,brak_ceny_referencyjnej
2026-09-03T17:45:38+00:00,9878457824,Latios #046 Holo Japansk PSA 9,https://www.vinted.pl/items/9878457824-latios-046-holo-japansk-psa-9,938.2,PLN,PSA 9,,,,,brak_ceny_referencyjnej
2026-09-03T17:45:39+00:00,9878444583,Gyarados GX #16 Hidden Fates Promo PSA 10,https://www.vinted.pl/items/9878444583-gyarados-gx-16-hidden-fates-promo-psa-10,469.1,PLN,PSA 10,75.00,195,-67.9,0.83,poza_zakresem_rabatu
2026-09-03T17:45:39+00:00,9878431725,Kangaskhan #115 Vending Series 3 Japansk PSA 10,https://www.vinted.pl/items/9878431725-kangaskhan-115-vending-series-3-japansk-psa-10,1700.48,PLN,PSA 10,65.00,5,-602.3,0.33,poza_zakresem_rabatu
2026-09-03T17:45:39+00:00,9878394545,Yanmega #010 Holo Japansk PSA 10,https://www.vinted.pl/items/9878394545-yanmega-010-holo-japansk-psa-10,879.56,PLN,PSA 10,,,,,brak_ceny_referencyjnej
2026-09-03T17:45:39+00:00,9878382688,Ho-Oh #224 Japansk PSA 10,https://www.vinted.pl/items/9878382688-ho-oh-224-japansk-psa-10,1641.84,PLN,PSA 10,122.50,67,-259.8,0.50,poza_zakresem_rabatu
2026-09-03T17:45:39+00:00,9878365824,Pichu #031 Japansk PSA 9,https://www.vinted.pl/items/9878365824-pichu-031-japansk-psa-9,498.42,PLN,PSA 9,67.50,2,,0.33,za_mala_probka_sprzedazy
2026-09-03T17:45:40+00:00,9878346763,Porygon2 #25 Reverse Holo Stamped PSA 9,https://www.vinted.pl/items/9878346763-porygon2-25-reverse-holo-stamped-psa-9,703.65,PLN,PSA 9,,,,,brak_ceny_referencyjnej
2026-09-03T17:45:43+00:00,9781535500,"Dark Electrode 34/82 Base set, Team Rocket Pokemon kort WOTC vintage 1999-2000",https://www.vinted.pl/items/9781535500-dark-electrode-3482-base-set-team-rocket-pokemon-kort-wotc-vintage-1999-2000,11.78,PLN,,,,,,brak_gradingu_w_tytule_ani_opisie
2026-09-03T17:45:44+00:00,9824476295,Light Sunflora 72/105 Neo Destiny Pokémon WOTC Pokemon kort,https://www.vinted.pl/items/9824476295-light-sunflora-72105-neo-destiny-pokemon-wotc-pokemon-kort,5.89,PLN,,,,,,brak_gradingu_w_tytule_ani_opisie
2026-09-03T17:45:46+00:00,9830506526,Trainer - Pokémon Breeder Fields 62/64 Neo Revelation Pokemon kort WOTC vintage 1995-2001,https://www.vinted.pl/items/9830506526-trainer-pokemon-breeder-fields-6264-neo-revelation-pokemon-kort-wotc-vintage-1995-2001,9.82,PLN,,,,,,brak_gradingu_w_tytule_ani_opisie
2026-09-03T17:45:48+00:00,9831193892,Aipom 41/64 Neo Revelation Pokemon kort WOTC vintage 1995-2001,https://www.vinted.pl/items/9831193892-aipom-4164-neo-revelation-pokemon-kort-wotc-vintage-1995-2001,5.11,PLN,,,,,,brak_gradingu_w_tytule_ani_opisie
2026-09-03T17:45:51+00:00,9831494943,Sudowoodo 26/64 Neo Revelation Pokemon kort WOTC vintage 1995-2001,https://www.vinted.pl/items/9831494943-sudowoodo-2664-neo-revelation-pokemon-kort-wotc-vintage-1995-2001,23.57,PLN,,,,,,brak_gradingu_w_tytule_ani_opisie
2026-09-03T17:45:52+00:00,9835183832,Holo - Houndoom 8/64 Neo Revelation Pokemon kort WOTC vintage 1995-2001,https://www.vinted.pl/items/9835183832-holo-houndoom-864-neo-revelation-pokemon-kort-wotc-vintage-1995-2001,1178.34,PLN,,,,,,brak_gradingu_w_tytule_ani_opisie
2026-09-03T18:01:06+00:00,9878635269,Riolu - CSVL1C 104,https://www.vinted.pl/items/9878635269-riolu-csvl1c-104,81.34,PLN,PSA 10,,,,,brak_ceny_referencyjnej
2026-09-03T18:01:06+00:00,9878521954,Pokemon PSA 8,https://www.vinted.pl/items/9878521954-pokemon-psa-8,175.33,PLN,PSA 8,,,,,brak_ceny_referencyjnej
2026-09-03T18:15:33+00:00,9878695821,Ivysaur beckett 9 from 151,https://www.vinted.pl/items/9878695821-ivysaur-beckett-9-from-151,284.91,PLN,,,,,,brak_gradingu_w_tytule_ani_opisie
2026-09-03T18:30:57+00:00,9878984267,Zamazenta DRI PSA 10,https://www.vinted.pl/items/9878984267-zamazenta-dri-psa-10,569.82,PLN,PSA 10,,,,,brak_ceny_referencyjnej
2026-09-03T19:15:37+00:00,9879351237,Lapras,https://www.vinted.pl/items/9879351237-lapras,438.32,PLN,CGC 10,,,,,brak_ceny_referencyjnej
2026-09-03T19:30:51+00:00,9879439751,"Pokemon Heracross No.214 Japanese 4,5",https://www.vinted.pl/items/9879439751-pokemon-heracross-no214-japanese-45,98.19,PLN,,,,,,brak_gradingu_w_tytule_ani_opisie
2026-09-03T19:45:33+00:00,9830688320,Swinub 57/64 Neo Revelation Pokemon kort WOTC vintage 1995-2001,https://www.vinted.pl/items/9830688320-swinub-5764-neo-revelation-pokemon-kort-wotc-vintage-1995-2001,5.89,PLN,,,,,,brak_gradingu_w_tytule_ani_opisie
2026-09-03T19:45:34+00:00,9830802313,Smoochum 54/64 Neo Revelation Pokemon kort WOTC vintage 1995-2001,https://www.vinted.pl/items/9830802313-smoochum-5464-neo-revelation-pokemon-kort-wotc-vintage-1995-2001,6.68,PLN,,,,,,brak_gradingu_w_tytule_ani_opisie
2026-09-03T20:30:44+00:00,9880075362,Wigglytuff PSA9 - Mint,https://www.vinted.pl/items/9880075362-wigglytuff-psa9-mint,184.75,PLN,PSA 9,,,,,brak_ceny_referencyjnej
2026-09-03T21:01:03+00:00,9880350099,Karta pokemon,https://www.vinted.pl/items/9880350099-karta-pokemon,90.0,PLN,,,,,,brak_gradingu_w_tytule_ani_opisie
2026-09-03T21:01:06+00:00,9880345791,Karta pokemon,https://www.vinted.pl/items/9880345791-karta-pokemon,140.0,PLN,,,,,,brak_gradingu_w_tytule_ani_opisie
2026-09-03T21:01:07+00:00,9880329251,Karta pokemon,https://www.vinted.pl/items/9880329251-karta-pokemon,100.0,PLN,,,,,,brak_gradingu_w_tytule_ani_opisie
2026-09-03T21:01:09+00:00,9880324779,Karta pokemon,https://www.vinted.pl/items/9880324779-karta-pokemon,130.0,PLN,,,,,,brak_gradingu_w_tytule_ani_opisie
2026-09-03T21:01:11+00:00,9880315227,Karta pokemon,https://www.vinted.pl/items/9880315227-karta-pokemon,300.0,PLN,,,,,,brak_gradingu_w_tytule_ani_opisie
2026-09-03T21:01:12+00:00,9880308688,Karta pokemon,https://www.vinted.pl/items/9880308688-karta-pokemon,82.0,PLN,,,,,,brak_gradingu_w_tytule_ani_opisie
2026-09-03T21:01:14+00:00,9880302602,Flareon ex,https://www.vinted.pl/items/9880302602-flareon-ex,170.0,PLN,,,,,,brak_gradingu_w_tytule_ani_opisie
2026-09-03T21:01:15+00:00,9880298126,Karta pokemon,https://www.vinted.pl/items/9880298126-karta-pokemon,250.0,PLN,,,,,,brak_gradingu_w_tytule_ani_opisie
2026-09-03T21:01:16+00:00,9880262134,Shining Mew #40 Pokemon Shining Legends  PSA 10,https://www.vinted.pl/items/9880262134-shining-mew-40-pokemon-shining-legends-psa-10,6660.0,PLN,PSA 10,862.50,268,-107.3,1.00,poza_zakresem_rabatu
2026-09-03T21:01:19+00:00,9880329991,Raichu GC Holo,https://www.vinted.pl/items/9880329991-raichu-gc-holo,657.48,PLN,,,,,,brak_gradingu_w_tytule_ani_opisie
2026-09-03T21:15:33+00:00,9880353731,Karta pokemon,https://www.vinted.pl/items/9880353731-karta-pokemon,65.0,PLN,,,,,,brak_gradingu_w_tytule_ani_opisie
2026-09-03T21:45:32+00:00,9880593110,N’s Zoroark EX jpn PSA 9,https://www.vinted.pl/items/9880593110-ns-zoroark-ex-jpn-psa-9,76.59,PLN,PSA 9,,,,,brak_ceny_referencyjnej
2026-09-03T21:45:32+00:00,9880579959,Pikachu Gym Event PSA 9,https://www.vinted.pl/items/9880579959-pikachu-gym-event-psa-9,155.15,PLN,PSA 9,35.60,5,-17.0,0.67,poza_zakresem_rabatu
2026-09-03T21:45:33+00:00,9880569522,Mega Charizard UPC Promo PSA 9,https://www.vinted.pl/items/9880569522-mega-charizard-upc-promo-psa-9,214.06,PLN,PSA 9,27.00,85,-112.8,0.75,poza_zakresem_rabatu
2026-09-04T05:00:55+00:00,9830616787,Trainer - Balloon Berry 60/64 Neo Revelation Pokemon kort WOTC vintage 1995-2001,https://www.vinted.pl/items/9830616787-trainer-balloon-berry-6064-neo-revelation-pokemon-kort-wotc-vintage-1995-2001,5.13,PLN,,,,,,brak_gradingu_w_tytule_ani_opisie
2026-09-04T05:00:56+00:00,9830929352,Remoraid 50/64 Neo Revelation Pokemon kort WOTC vintage 1995-2001,https://www.vinted.pl/items/9830929352-remoraid-5064-neo-revelation-pokemon-kort-wotc-vintage-1995-2001,5.13,PLN,,,,,,brak_gradingu_w_tytule_ani_opisie
2026-09-04T05:45:35+00:00,9881674108,Piplup 098/094 PSA 10,https://www.vinted.pl/items/9881674108-piplup-098094-psa-10,584.81,PLN,PSA 10,149.99,408,-4.7,1.00,poza_zakresem_rabatu
2026-09-04T05:45:35+00:00,9881659401,Vulpix 138/132 PSA 10,https://www.vinted.pl/items/9881659401-vulpix-138132-psa-10,409.37,PLN,PSA 10,85.00,783,-29.3,1.00,poza_zakresem_rabatu
2026-09-04T05:45:36+00:00,9881655888,Pinsir 168/167 PSA 10,https://www.vinted.pl/items/9881655888-pinsir-168167-psa-10,584.81,PLN,PSA 10,92.99,213,-68.8,1.00,poza_zakresem_rabatu
2026-09-04T06:01:00+00:00,9881703194,Dewgong 097 PSA 10,https://www.vinted.pl/items/9881703194-dewgong-097-psa-10,350.89,PLN,PSA 10,83.00,236,-13.5,0.50,poza_zakresem_rabatu
2026-09-04T06:01:00+00:00,9881700839,Dawn 129 PSA 10,https://www.vinted.pl/items/9881700839-dawn-129-psa-10,467.85,PLN,PSA 10,110.00,469,-14.2,1.00,poza_zakresem_rabatu
2026-09-04T06:01:00+00:00,9881695376,Arven Mabosstiff 235/182 PSA 10,https://www.vinted.pl/items/9881695376-arven-mabosstiff-235182-psa-10,409.37,PLN,PSA 10,80.00,137,-37.4,1.00,poza_zakresem_rabatu
2026-09-04T06:01:00+00:00,9881690895,Mega Charizard Y ex MEP 030 PSA 10,https://www.vinted.pl/items/9881690895-mega-charizard-y-ex-mep-030-psa-10,409.37,PLN,PSA 10,2610.00,163,95.8,0.67,poza_zakresem_rabatu
2026-09-04T06:30:49+00:00,9881806002,Rezerwacja FB pokemon,https://www.vinted.pl/items/9881806002-rezerwacja-fb-pokemon,255.0,PLN,,,,,,brak_gradingu_w_tytule_ani_opisie
2026-09-04T06:45:34+00:00,9881803548,Karta Pokemon Magnemite 2003 EX Dragon 63/97 CGC Authentic Vintage Regular,https://www.vinted.pl/items/9881803548-karta-pokemon-magnemite-2003-ex-dragon-6397-cgc-authentic-vintage-regular,79.99,PLN,,,,,,brak_gradingu_w_tytule_ani_opisie
2026-09-04T07:15:34+00:00,9882020358,PSA10 Slowking Ex,https://www.vinted.pl/items/9882020358-psa10-slowking-ex,665.4,PLN,PSA 10,1519.00,6,88.2,1.00,poza_zakresem_rabatu
2026-09-04T07:15:35+00:00,9881986742,1996 pokemon kort,https://www.vinted.pl/items/9881986742-1996-pokemon-kort,87.72,PLN,PSA 8,,,,,brak_ceny_referencyjnej
2026-09-04T07:30:50+00:00,9882054212,Rotom V,https://www.vinted.pl/items/9882054212-rotom-v,4.37,PLN,,,,,,brak_gradingu_w_tytule_ani_opisie
2026-09-04T07:45:35+00:00,9882176405,Team rocket psa 10 DRI,https://www.vinted.pl/items/9882176405-team-rocket-psa-10-dri,174.84,PLN,PSA 10,352.50,14,86.7,0.67,poza_zakresem_rabatu
2026-09-04T08:01:06+00:00,9882296552,Magazyn time na 25 lecie Pokémon,https://www.vinted.pl/items/9882296552-magazyn-time-na-25-lecie-pokemon,1000.0,PLN,,,,,,brak_gradingu_w_tytule_ani_opisie
2026-09-04T08:15:41+00:00,9882388875,"Sabrina Alakazam 1st edition bgs 9,5 swirl",https://www.vinted.pl/items/9882388875-sabrina-alakazam-1st-edition-bgs-95-swirl,7500.0,PLN,"BGS 9,5",,,,,brak_ceny_referencyjnej
2026-09-04T09:01:05+00:00,9882792054,PSA 10 SV5a-Crimson Haze Eevee | Art Rare JP,https://www.vinted.pl/items/9882792054-psa-10-sv5a-crimson-haze-eevee-art-rare-jp,502.67,PLN,PSA 10,,,,,brak_ceny_referencyjnej
2026-09-04T09:15:34+00:00,9882904545,PSA 9 Chansey SV6 Art Rare JP,https://www.vinted.pl/items/9882904545-psa-9-chansey-sv6-art-rare-jp,183.59,PLN,PSA 9,287.99,34,82.9,0.25,poza_zakresem_rabatu
2026-09-04T09:30:47+00:00,9882979253,Pikachu McDonald PSA 10,https://www.vinted.pl/items/9882979253-pikachu-mcdonald-psa-10,530.0,PLN,PSA 10,205.19,751,30.7,0.50,wyslano_na_discord
2026-09-04T09:30:50+00:00,9883055501,Snorlax 118/162,https://www.vinted.pl/items/9883055501-snorlax-118162,1182.71,PLN,BGS 9,,,,,brak_ceny_referencyjnej
2026-09-04T09:45:32+00:00,9883103742,Light Jolteon (NDE 48) Neo Destiny PSA 8,https://www.vinted.pl/items/9883103742-light-jolteon-nde-48-neo-destiny-psa-8,568.24,PLN,PSA 8,107.50,3,-41.9,0.83,poza_zakresem_rabatu
2026-09-04T10:00:59+00:00,9883288761,Prismatic Evolutions SPC,https://www.vinted.pl/items/9883288761-prismatic-evolutions-spc,1250.0,PLN,,,,,,brak_gradingu_w_tytule_ani_opisie
2026-09-04T10:30:48+00:00,9883623777,Mismagius Gem pack 3,https://www.vinted.pl/items/9883623777-mismagius-gem-pack-3,43.27,PLN,,,,,,brak_gradingu_w_tytule_ani_opisie
2026-09-04T10:30:50+00:00,9883598885,Greavard Gem Pack 3,https://www.vinted.pl/items/9883598885-greavard-gem-pack-3,43.27,PLN,,,,,,brak_gradingu_w_tytule_ani_opisie
2026-09-04T10:30:51+00:00,9883578930,Galarian Articuno 182,https://www.vinted.pl/items/9883578930-galarian-articuno-182,30.16,PLN,,,,,,brak_gradingu_w_tytule_ani_opisie
2026-09-04T10:30:52+00:00,9883560043,Budew 221,https://www.vinted.pl/items/9883560043-budew-221,43.27,PLN,,,,,,brak_gradingu_w_tytule_ani_opisie
2026-09-04T10:30:53+00:00,9883541497,Gengar vmax (FST 271) PSA 9,https://www.vinted.pl/items/9883541497-gengar-vmax-fst-271-psa-9,3933.97,PLN,PSA 9,911.69,288,-15.8,0.75,poza_zakresem_rabatu
2026-09-04T10:30:55+00:00,9883537819,Mega Audino ex 253,https://www.vinted.pl/items/9883537819-mega-audino-ex-253,17.05,PLN,,,,,,brak_gradingu_w_tytule_ani_opisie
2026-09-04T10:45:32+00:00,9883759630,Raichu 074 PSA 10,https://www.vinted.pl/items/9883759630-raichu-074-psa-10,433.66,PLN,PSA 10,,,,,brak_ceny_referencyjnej
2026-09-04T11:30:46+00:00,9884225992,Piplup 042 First Partner,https://www.vinted.pl/items/9884225992-piplup-042-first-partner,69.5,PLN,,,,,,brak_gradingu_w_tytule_ani_opisie
2026-09-04T11:30:48+00:00,9884209472,Rowlet 043 First Partner,https://www.vinted.pl/items/9884209472-rowlet-043-first-partner,37.15,PLN,,,,,,brak_gradingu_w_tytule_ani_opisie
2026-09-04T11:30:49+00:00,9884186153,Litten 044 First Partner,https://www.vinted.pl/items/9884186153-litten-044-first-partner,38.9,PLN,,,,,,brak_gradingu_w_tytule_ani_opisie
2026-09-04T11:30:50+00:00,9884164837,Turtwig 040 First Partner,https://www.vinted.pl/items/9884164837-turtwig-040-first-partner,38.9,PLN,,,,,,brak_gradingu_w_tytule_ani_opisie
2026-09-04T11:30:51+00:00,9884142914,Chimchar 041 First Partner,https://www.vinted.pl/items/9884142914-chimchar-041-first-partner,43.27,PLN,,,,,,brak_gradingu_w_tytule_ani_opisie
2026-09-04T11:36:20+00:00,9884297546,Pokémon Wugtrio (PAF 224) Oryginalna Karta TCG,https://www.vinted.pl/items/9884297546-pokemon-wugtrio-paf-224-oryginalna-karta-tcg,13.0,PLN,,,,,,brak_gradingu_w_tytule_ani_opisie
2026-09-04T11:36:21+00:00,9884288500,Mega Lucario ex 033,https://www.vinted.pl/items/9884288500-mega-lucario-ex-033,86.98,PLN,,,,,,brak_gradingu_w_tytule_ani_opisie
2026-09-04T11:36:23+00:00,9884253171,Popplio 045 First Partner,https://www.vinted.pl/items/9884253171-popplio-045-first-partner,32.78,PLN,,,,,,brak_gradingu_w_tytule_ani_opisie
2026-09-04T11:45:35+00:00,9884392426,Pokémon Ambipom (M2 092) Oryginalna Karta TCG,https://www.vinted.pl/items/9884392426-pokemon-ambipom-m2-092-oryginalna-karta-tcg,10.0,PLN,,,,,,brak_gradingu_w_tytule_ani_opisie
2026-09-04T11:45:37+00:00,9884375251,Pokémon Ludicolo #1 (PFL 095) Oryginalna Karta TCG,https://www.vinted.pl/items/9884375251-pokemon-ludicolo-1-pfl-095-oryginalna-karta-tcg,15.0,PLN,,,,,,brak_gradingu_w_tytule_ani_opisie
2026-09-04T11:45:38+00:00,9884364768,Pokémon Galarian Obstagoon #2 (TG10 TG30) Oryginalna Karta TCG,https://www.vinted.pl/items/9884364768-pokemon-galarian-obstagoon-2-tg10-tg30-oryginalna-karta-tcg,19.0,PLN,,,,,,brak_gradingu_w_tytule_ani_opisie
2026-09-04T11:45:39+00:00,9884350267,Pokémon Yamper #1 (PFL 099) Oryginalna Karta TCG,https://www.vinted.pl/items/9884350267-pokemon-yamper-1-pfl-099-oryginalna-karta-tcg,18.0,PLN,,,,,,brak_gradingu_w_tytule_ani_opisie
2026-09-04T11:45:41+00:00,9884337881,Pokémon Snover #4 (MEG 140) Oryginalna Karta TCG,https://www.vinted.pl/items/9884337881-pokemon-snover-4-meg-140-oryginalna-karta-tcg,15.0,PLN,,,,,,brak_gradingu_w_tytule_ani_opisie
2026-09-04T11:45:42+00:00,9884324876,Pokémon Toxtricity (PFL 103) Oryginalna Karta TCG,https://www.vinted.pl/items/9884324876-pokemon-toxtricity-pfl-103-oryginalna-karta-tcg,14.0,PLN,,,,,,brak_gradingu_w_tytule_ani_opisie
2026-09-04T11:45:44+00:00,9884316908,Mega Gardevoir ex 032,https://www.vinted.pl/items/9884316908-mega-gardevoir-ex-032,43.27,PLN,,,,,,brak_gradingu_w_tytule_ani_opisie
2026-09-04T11:45:45+00:00,9884306978,Pokémon Zacian (PFL 100) Oryginalna Karta TCG,https://www.vinted.pl/items/9884306978-pokemon-zacian-pfl-100-oryginalna-karta-tcg,20.0,PLN,,,,,,brak_gradingu_w_tytule_ani_opisie
2026-09-04T12:01:01+00:00,9884543624,Steelix 150,https://www.vinted.pl/items/9884543624-steelix-150,43.27,PLN,,,,,,brak_gradingu_w_tytule_ani_opisie
2026-09-04T12:01:02+00:00,9884518952,Mega Froslass ex 265,https://www.vinted.pl/items/9884518952-mega-froslass-ex-265,56.39,PLN,,,,,,brak_gradingu_w_tytule_ani_opisie
2026-09-04T12:01:03+00:00,9884515510,Pokémon Wugtrio (PAF 224) Oryginalna Karta TCG,https://www.vinted.pl/items/9884515510-pokemon-wugtrio-paf-224-oryginalna-karta-tcg,13.0,PLN,,,,,,brak_gradingu_w_tytule_ani_opisie
2026-09-04T12:01:05+00:00,9884478202,Mega Scrafty ex 270,https://www.vinted.pl/items/9884478202-mega-scrafty-ex-270,34.53,PLN,,,,,,brak_gradingu_w_tytule_ani_opisie
2026-09-04T12:01:06+00:00,9884458371,Conkeldurr v,https://www.vinted.pl/items/9884458371-conkeldurr-v,4.37,PLN,PSA 10,,,,,brak_ceny_referencyjnej
2026-09-04T12:01:07+00:00,9884444729,Mega Hawlucha ex 268,https://www.vinted.pl/items/9884444729-mega-hawlucha-ex-268,43.27,PLN,,,,,,brak_gradingu_w_tytule_ani_opisie
2026-09-04T12:01:09+00:00,9884436639,Okidogi ex,https://www.vinted.pl/items/9884436639-okidogi-ex,4.37,PLN,PSA 10,,,,,brak_ceny_referencyjnej
2026-09-04T12:01:10+00:00,9884423641,Pokémon Mega Charizard X ex (PFL 013) Oryginalna Karta TCG,https://www.vinted.pl/items/9884423641-pokemon-mega-charizard-x-ex-pfl-013-oryginalna-karta-tcg,15.0,PLN,,,,,,brak_gradingu_w_tytule_ani_opisie
2026-09-04T12:01:12+00:00,9884412484,Pokémon Mega Gengar ex (PFL 056) Oryginalna Karta TCG,https://www.vinted.pl/items/9884412484-pokemon-mega-gengar-ex-pfl-056-oryginalna-karta-tcg,13.0,PLN,,,,,,brak_gradingu_w_tytule_ani_opisie
2026-09-04T12:01:13+00:00,9884402561,Pokémon Gengar ex (TEF 104) Oryginalna Karta TCG,https://www.vinted.pl/items/9884402561-pokemon-gengar-ex-tef-104-oryginalna-karta-tcg,30.0,PLN,,,,,,brak_gradingu_w_tytule_ani_opisie
2026-09-04T12:01:14+00:00,9884511993,BGS 9 2021 Pokemon SWSH Promo Rebel Clash Magikarp Cosmos Holo 039/192,https://www.vinted.pl/items/9884511993-bgs-9-2021-pokemon-swsh-promo-rebel-clash-magikarp-cosmos-holo-039192,2404.09,PLN,BGS 9,,,,,brak_ceny_referencyjnej
2026-09-04T12:01:14+00:00,9884478711,BGS 10 Charizard Celebration Classic Collection 4/102 Base Set Holo Pokemon Card,https://www.vinted.pl/items/9884478711-bgs-10-charizard-celebration-classic-collection-4102-base-set-holo-pokemon-card,786.79,PLN,BGS 10,,,,,brak_ceny_referencyjnej
2026-09-04T12:15:37+00:00,9884693107,Zamazenta V 18/25 Celebrations Pokemonkort,https://www.vinted.pl/items/9884693107-zamazenta-v-1825-celebrations-pokemonkort,7.49,PLN,,,,,,brak_gradingu_w_tytule_ani_opisie
2026-09-04T12:15:38+00:00,9884682130,Mew 11/25 Holo - Celebrations Pokémon Sword & Shield,https://www.vinted.pl/items/9884682130-mew-1125-holo-celebrations-pokemon-sword-shield,19.32,PLN,,,,,,brak_gradingu_w_tytule_ani_opisie
2026-09-04T12:15:39+00:00,9884652602,Origin forme Dialga V 177/189 Astral Radiance PSA 10,https://www.vinted.pl/items/9884652602-origin-forme-dialga-v-177189-astral-radiance-psa-10,876.63,PLN,PSA 10,203.00,176,-15.9,1.00,poza_zakresem_rabatu
2026-09-04T12:15:40+00:00,9884650621,Wigglytuff 72/111 - Crimson Invasion Pokémon Sun & Moon,https://www.vinted.pl/items/9884650621-wigglytuff-72111-crimson-invasion-pokemon-sun-moon,19.32,PLN,,,,,,brak_gradingu_w_tytule_ani_opisie
2026-09-04T12:15:42+00:00,9884604855,Mega Gengar EX #040 - ACE 10 (Perfect Subgrades) - Pokemonkort (w/Slab Guard),https://www.vinted.pl/items/9884604855-mega-gengar-ex-040-ace-10-perfect-subgrades-pokemonkort-wslab-guard,393.84,PLN,,,,,,brak_gradingu_w_tytule_ani_opisie
2026-09-04T12:15:44+00:00,9884592634,Reshiram EX #174 - ACE 10 (Perfect Subgrades) - Japanese Pokemonkort,https://www.vinted.pl/items/9884592634-reshiram-ex-174-ace-10-perfect-subgrades-japanese-pokemonkort,1773.66,PLN,,,,,,brak_gradingu_w_tytule_ani_opisie
2026-09-04T12:15:44+00:00,9884583454,Darkrai VSTAR #228 - PSA 10 - 2022 Japanese Pokemonkort (w/Slab Guard),https://www.vinted.pl/items/9884583454-darkrai-vstar-228-psa-10-2022-japanese-pokemonkort-wslab-guard,630.38,PLN,PSA 10,,,,,brak_ceny_referencyjnej
2026-09-04T12:15:45+00:00,9884570603,Sprigatito ex 251,https://www.vinted.pl/items/9884570603-sprigatito-ex-251,25.79,PLN,,,,,,brak_gradingu_w_tytule_ani_opisie
2026-09-04T12:15:46+00:00,9884565316,N's Zoroark Ex #242 - PSA 10 - 2025 Japanese Pokemonkort (w/Slab Guard),https://www.vinted.pl/items/9884565316-ns-zoroark-ex-242-psa-10-2025-japanese-pokemonkort-wslab-guard,709.23,PLN,PSA 10,162.66,18,-17.1,0.20,poza_zakresem_rabatu
2026-09-04T12:15:46+00:00,9884556574,Oricorio Ex #111 - PSA 10 - 2025 Japanese Pokemonkort (w/Slab Guard),https://www.vinted.pl/items/9884556574-oricorio-ex-111-psa-10-2025-japanese-pokemonkort-wslab-guard,630.38,PLN,PSA 10,,,,,brak_ceny_referencyjnej
2026-09-04T12:15:47+00:00,9884706394,Beckett (BGS 9) 2022 Pokemon SWSH Black Star Promo #262 Full Art/Charizard VSTAR,https://www.vinted.pl/items/9884706394-beckett-bgs-9-2022-pokemon-swsh-black-star-promo-262-full-artcharizard-vstar,568.24,PLN,BGS 9,110.00,16,-38.7,0.50,poza_zakresem_rabatu
2026-09-04T12:15:48+00:00,9884612409,BGS 9.5 Litten #44 First Partners Mega Evolution Promo,https://www.vinted.pl/items/9884612409-bgs-95-litten-44-first-partners-mega-evolution-promo,174.84,PLN,BGS 9.5,25.00,3,-87.8,0.71,poza_zakresem_rabatu
2026-09-04T12:30:53+00:00,9884840100,Beckett (BGS 9.5) Pokemon Celebrations Mew Ex 88/92,https://www.vinted.pl/items/9884840100-beckett-bgs-95-pokemon-celebrations-mew-ex-8892,327.83,PLN,BGS 9.5,76.50,2,,1.00,za_mala_probka_sprzedazy
2026-09-04T12:30:53+00:00,9884778788,Beckett (BGS 9.5) Shining Magikarp 66/64 Holo - 2021 Pokemon Celebrations,https://www.vinted.pl/items/9884778788-beckett-bgs-95-shining-magikarp-6664-holo-2021-pokemon-celebrations,437.11,PLN,BGS 9.5,114.99,3,-2.0,0.83,poza_zakresem_rabatu
2026-09-04T12:30:54+00:00,9884742933,Beckett (BGS 9) Mega Gengar ex 269/217 Pokemon Ascended Heroes Mega Attack Rare Holo EN 2026,https://www.vinted.pl/items/9884742933-beckett-bgs-9-mega-gengar-ex-269217-pokemon-ascended-heroes-mega-attack-rare-holo-en-2026,349.69,PLN,BGS 9,63.39,6,-48.1,0.64,poza_zakresem_rabatu
2026-09-04T12:45:34+00:00,9885018675,PSA 9 Yveltal Pokemon Illustration Rare #205 2023 Paradox rift,https://www.vinted.pl/items/9885018675-psa-9-yveltal-pokemon-illustration-rare-205-2023-paradox-rift,152.99,PLN,PSA 9,30.00,206,-36.9,0.57,poza_zakresem_rabatu
2026-09-04T12:45:34+00:00,9884937757,PSA 10 2025 Pokemon m1L JP Mega Venusaur EX Special Art Rare #087,https://www.vinted.pl/items/9884937757-psa-10-2025-pokemon-m1l-jp-mega-venusaur-ex-special-art-rare-087,327.83,PLN,PSA 10,270.64,669,67.5,0.33,poza_zakresem_rabatu
2026-09-04T12:45:35+00:00,9884920768,PSA 10 Pokemon Cynthias’s Garchomp EX #241 Hype Rare Destined Rivals,https://www.vinted.pl/items/9884920768-psa-10-pokemon-cynthiass-garchomp-ex-241-hype-rare-destined-rivals,349.69,PLN,PSA 10,94.99,318,1.2,0.67,wyslano_na_discord
2026-09-04T12:45:36+00:00,9884899762,Zapdos Pokemon 1997 Holo Fossil Japanese 145 PSA 7,https://www.vinted.pl/items/9884899762-zapdos-pokemon-1997-holo-fossil-japanese-145-psa-7,174.84,PLN,PSA 7,35.50,22,-32.2,0.40,poza_zakresem_rabatu
2026-09-04T12:45:37+00:00,9884899957,Vand 3 cartonase rara,https://www.vinted.pl/items/9884899957-vand-3-cartonase-rara,85.71,PLN,,,,,,brak_gradingu_w_tytule_ani_opisie
2026-09-04T12:45:39+00:00,9884876602,Beckett (BGS 8) Pikachu - 48/162 - Pokemon Breakthrough XY Reverse Holo,https://www.vinted.pl/items/9884876602-beckett-bgs-8-pikachu-48162-pokemon-breakthrough-xy-reverse-holo,174.84,PLN,BGS 8,,,,,brak_ceny_referencyjnej
2026-09-04T13:01:03+00:00,9885119961,Baltoy 53/107 Deoxys,https://www.vinted.pl/items/9885119961-baltoy-53107-deoxys,11.04,PLN,,,,,,brak_gradingu_w_tytule_ani_opisie
2026-09-04T13:01:05+00:00,9885110399,Eevee 12/12 McDonalds 2016,https://www.vinted.pl/items/9885110399-eevee-1212-mcdonalds-2016,130.1,PLN,,,,,,brak_gradingu_w_tytule_ani_opisie
2026-09-04T13:01:06+00:00,9885086812,Hoopa EX XY71 Promo,https://www.vinted.pl/items/9885086812-hoopa-ex-xy71-promo,17.74,PLN,,,,,,brak_gradingu_w_tytule_ani_opisie
2026-09-04T13:01:08+00:00,9885076871,Bulbasaur 12/17 Pop Series,https://www.vinted.pl/items/9885076871-bulbasaur-1217-pop-series,88.7,PLN,,,,,,brak_gradingu_w_tytule_ani_opisie
2026-09-04T13:01:09+00:00,9885066876,M Blastoise EX 30/146 XY,https://www.vinted.pl/items/9885066876-m-blastoise-ex-30146-xy,88.7,PLN,,,,,,brak_gradingu_w_tytule_ani_opisie
2026-09-04T13:01:11+00:00,9885052824,Mudkip 57/100 Crystal Guardians,https://www.vinted.pl/items/9885052824-mudkip-57100-crystal-guardians,275.96,PLN,,,,,,brak_gradingu_w_tytule_ani_opisie
2026-09-04T13:01:12+00:00,9885042703,Pidgeot 14/110 Holon Phantoms,https://www.vinted.pl/items/9885042703-pidgeot-14110-holon-phantoms,262.56,PLN,,,,,,brak_gradingu_w_tytule_ani_opisie
2026-09-04T13:01:13+00:00,9885031494,Dragonite 3/113 Delta Species Pokémonkort,https://www.vinted.pl/items/9885031494-dragonite-3113-delta-species-pokemonkort,218.8,PLN,,,,,,brak_gradingu_w_tytule_ani_opisie
2026-09-04T13:01:15+00:00,9767919485,Banette ex (LM 85) Legend Maker / Vintage - BGS 8.0,https://www.vinted.pl/items/9767919485-banette-ex-lm-85-legend-maker-vintage-bgs-80,1300.0,PLN,BGS 8,,,,,brak_ceny_referencyjnej
2026-09-04T13:01:15+00:00,9885038159,Beckett Pristine 10 (BGS 10) Mega Gardevoir SIR 178/132: Mega Evolution Holo,https://www.vinted.pl/items/9885038159-beckett-pristine-10-bgs-10-mega-gardevoir-sir-178132-mega-evolution-holo,3059.76,PLN,BGS 10,,,,,brak_ceny_referencyjnej
2026-09-04T13:30:50+00:00,9885445817,Pikachu rumble psa 7,https://www.vinted.pl/items/9885445817-pikachu-rumble-psa-7,4678.49,PLN,PSA 7,341.50,27,-267.8,1.00,poza_zakresem_rabatu
2026-09-04T13:30:51+00:00,9885429126,Pokémon 2002 Charizard Expedition PSA 8,https://www.vinted.pl/items/9885429126-pokemon-2002-charizard-expedition-psa-8,1200.0,PLN,PSA 8,,,,,brak_ceny_referencyjnej
2026-09-04T14:15:35+00:00,9885898850,Dark Dragonair PSA 8 38/110 vintage Pokémon Card,https://www.vinted.pl/items/9885898850-dark-dragonair-psa-8-38110-vintage-pokemon-card,290.0,PLN,PSA 8,,,,,brak_ceny_referencyjnej
2026-09-04T14:30:48+00:00,9781449567,"Abra 49/82 Base set, Team Rocket Pokemon kort WOTC vintage 1999-2000",https://www.vinted.pl/items/9781449567-abra-4982-base-set-team-rocket-pokemon-kort-wotc-vintage-1999-2000,6.7,PLN,,,,,,brak_gradingu_w_tytule_ani_opisie
2026-09-04T14:30:49+00:00,9781458999,"Dark Vaporeon 45/82 Base set, Team Rocket Pokemon kort WOTC vintage 1999-2000",https://www.vinted.pl/items/9781458999-dark-vaporeon-4582-base-set-team-rocket-pokemon-kort-wotc-vintage-1999-2000,31.54,PLN,,,,,,brak_gradingu_w_tytule_ani_opisie
2026-09-04T14:30:51+00:00,9781455720,"Dark Wartortle 46/82 Base set, Team Rocket Pokemon kort WOTC vintage 1999-2000",https://www.vinted.pl/items/9781455720-dark-wartortle-4682-base-set-team-rocket-pokemon-kort-wotc-vintage-1999-2000,15.77,PLN,,,,,,brak_gradingu_w_tytule_ani_opisie
2026-09-04T14:30:53+00:00,9781511196,"Dark Gloom 36/82 Base set, Team Rocket Pokemon kort WOTC vintage 1999-2000",https://www.vinted.pl/items/9781511196-dark-gloom-3682-base-set-team-rocket-pokemon-kort-wotc-vintage-1999-2000,7.88,PLN,,,,,,brak_gradingu_w_tytule_ani_opisie
2026-09-04T14:30:54+00:00,9831184264,Chinchou 42/64 Neo Revelation Pokemon kort WOTC vintage 1995-2001,https://www.vinted.pl/items/9831184264-chinchou-4264-neo-revelation-pokemon-kort-wotc-vintage-1995-2001,5.13,PLN,,,,,,brak_gradingu_w_tytule_ani_opisie
2026-09-04T14:30:56+00:00,9834612400,Entei 17/64 Neo Revelation Pokemon kort WOTC vintage 1995-2001,https://www.vinted.pl/items/9834612400-entei-1764-neo-revelation-pokemon-kort-wotc-vintage-1995-2001,47.31,PLN,,,,,,brak_gradingu_w_tytule_ani_opisie
2026-09-04T14:30:57+00:00,9831483023,Suicune 27/64 Neo Revelation Pokemon kort WOTC vintage 1995-2001,https://www.vinted.pl/items/9831483023-suicune-2764-neo-revelation-pokemon-kort-wotc-vintage-1995-2001,70.96,PLN,,,,,,brak_gradingu_w_tytule_ani_opisie
2026-09-04T15:07:00+00:00,9824378735,Unown (V) 89/105 Neo Destiny Pokémon WOTC Pokemon kort,https://www.vinted.pl/items/9824378735-unown-v-89105-neo-destiny-pokemon-wotc-pokemon-kort,7.88,PLN,,,,,,brak_gradingu_w_tytule_ani_opisie
2026-09-04T15:07:01+00:00,9779662786,"Psyduck 65/82 Base set, Team Rocket Pokemon kort WOTC vintage 1999-2000",https://www.vinted.pl/items/9779662786-psyduck-6582-base-set-team-rocket-pokemon-kort-wotc-vintage-1999-2000,13.8,PLN,,,,,,brak_gradingu_w_tytule_ani_opisie
2026-09-04T15:07:03+00:00,9779846354,"Grimer 57/82 Base set, Team Rocket Pokemon kort WOTC vintage 1999-2000",https://www.vinted.pl/items/9779846354-grimer-5782-base-set-team-rocket-pokemon-kort-wotc-vintage-1999-2000,6.7,PLN,,,,,,brak_gradingu_w_tytule_ani_opisie
2026-09-04T15:07:04+00:00,9781548076,"Dark Machamp 27/82 Base set, Team Rocket Pokemon kort WOTC vintage 1999-2000",https://www.vinted.pl/items/9781548076-dark-machamp-2782-base-set-team-rocket-pokemon-kort-wotc-vintage-1999-2000,43.37,PLN,,,,,,brak_gradingu_w_tytule_ani_opisie
2026-09-04T15:07:06+00:00,9824442260,Porygon 78/105 Neo Destiny Pokémon WOTC Pokemon kort,https://www.vinted.pl/items/9824442260-porygon-78105-neo-destiny-pokemon-wotc-pokemon-kort,5.13,PLN,,,,,,brak_gradingu_w_tytule_ani_opisie
2026-09-04T15:07:07+00:00,9824452519,Pineco 77/105 Neo Destiny Pokémon WOTC Pokemon kort,https://www.vinted.pl/items/9824452519-pineco-77105-neo-destiny-pokemon-wotc-pokemon-kort,5.91,PLN,,,,,,brak_gradingu_w_tytule_ani_opisie
2026-09-04T15:07:08+00:00,9824529803,Light Wigglytuff 54/105 Neo Destiny Pokémon WOTC Pokemon kort,https://www.vinted.pl/items/9824529803-light-wigglytuff-54105-neo-destiny-pokemon-wotc-pokemon-kort,59.14,PLN,,,,,,brak_gradingu_w_tytule_ani_opisie
2026-09-04T15:07:10+00:00,9824558593,Light Flareon 46/105 Neo Destiny Pokémon WOTC Pokemon kort,https://www.vinted.pl/items/9824558593-light-flareon-46105-neo-destiny-pokemon-wotc-pokemon-kort,51.25,PLN,,,,,,brak_gradingu_w_tytule_ani_opisie
2026-09-04T15:07:11+00:00,9824474730,Machop 73/105 Neo Destiny Pokémon WOTC Pokemon kort,https://www.vinted.pl/items/9824474730-machop-73105-neo-destiny-pokemon-wotc-pokemon-kort,5.13,PLN,,,,,,brak_gradingu_w_tytule_ani_opisie
2026-09-04T15:07:13+00:00,9824545225,Light Ninetales 50/105 Neo Destiny Pokémon WOTC Pokemon kort,https://www.vinted.pl/items/9824545225-light-ninetales-50105-neo-destiny-pokemon-wotc-pokemon-kort,47.31,PLN,,,,,,brak_gradingu_w_tytule_ani_opisie
2026-09-04T15:07:14+00:00,9830760240,Snubbull 55/64 Neo Revelation Pokemon kort WOTC vintage 1995-2001,https://www.vinted.pl/items/9830760240-snubbull-5564-neo-revelation-pokemon-kort-wotc-vintage-1995-2001,5.13,PLN,,,,,,brak_gradingu_w_tytule_ani_opisie
2026-09-04T15:07:16+00:00,9830653866,Unown (K) 58/64 Neo Revelation Pokemon kort WOTC vintage 1995-2001,https://www.vinted.pl/items/9830653866-unown-k-5864-neo-revelation-pokemon-kort-wotc-vintage-1995-2001,7.88,PLN,,,,,,brak_gradingu_w_tytule_ani_opisie
2026-09-04T15:07:18+00:00,9830703379,Staryu 56/64 Neo Revelation Pokemon kort WOTC vintage 1995-2001,https://www.vinted.pl/items/9830703379-staryu-5664-neo-revelation-pokemon-kort-wotc-vintage-1995-2001,7.1,PLN,,,,,,brak_gradingu_w_tytule_ani_opisie
2026-09-04T15:07:19+00:00,9886487239,PSA 10 Mewtwo,https://www.vinted.pl/items/9886487239-psa-10-mewtwo,900.0,PLN,PSA 10,1499.90,4,83.8,1.00,poza_zakresem_rabatu
2026-09-04T15:07:19+00:00,9886472720,Pokemon Rayquaza 138/185 PSA 10,https://www.vinted.pl/items/9886472720-pokemon-rayquaza-138185-psa-10,1381.27,PLN,PSA 10,199.00,914,-87.0,1.00,poza_zakresem_rabatu
2026-09-04T15:07:19+00:00,9886455786,PSA 10 Charizard,https://www.vinted.pl/items/9886455786-psa-10-charizard,800.0,PLN,PSA 10,500.00,40,56.9,1.00,poza_zakresem_rabatu
2026-09-04T15:07:20+00:00,9886447600,Pokemon Starmie 94/130 PSA 9,https://www.vinted.pl/items/9886447600-pokemon-starmie-94130-psa-9,153.94,PLN,PSA 9,125.00,184,66.8,0.33,poza_zakresem_rabatu
2026-09-04T15:07:20+00:00,9886405527,Blastoise 142 PSA 7,https://www.vinted.pl/items/9886405527-blastoise-142-psa-7,581.89,PLN,PSA 7,159.92,4,2.0,1.00,wyslano_na_discord
2026-09-04T15:07:21+00:00,9886396096,Gardevoir 204 PSA 9,https://www.vinted.pl/items/9886396096-gardevoir-204-psa-9,464.92,PLN,PSA 9,124.97,5,-0.2,1.00,wyslano_na_discord
2026-09-04T15:07:21+00:00,9886354875,Rocket's Moltres Ex #124 - PSA 10 - 2025 Japanese Pokemonkort (w/Slab Guard),https://www.vinted.pl/items/9886354875-rockets-moltres-ex-124-psa-10-2025-japanese-pokemonkort-wslab-guard,1182.31,PLN,PSA 10,,,,,brak_ceny_referencyjnej
2026-09-04T15:07:22+00:00,9886344627,Glaceon V #077 - PSA 10 - Japanese Pokemonkort (w/Extended Art & Slab Guard),https://www.vinted.pl/items/9886344627-glaceon-v-077-psa-10-japanese-pokemonkort-wextended-art-slab-guard,1142.89,PLN,PSA 10,115.99,14,-165.4,0.12,poza_zakresem_rabatu
2026-09-04T15:07:22+00:00,9886335073,Magikarp #080 - PSA 10 - Japanese Pokemonkort (w/Extended Art & Slab Guard),https://www.vinted.pl/items/9886335073-magikarp-080-psa-10-japanese-pokemonkort-wextended-art-slab-guard,1497.7,PLN,PSA 10,,,,,brak_ceny_referencyjnej
2026-09-04T15:07:22+00:00,9886255059,Pikachu PSA 8,https://www.vinted.pl/items/9886255059-pikachu-psa-8,174.84,PLN,PSA 8,235.00,39,80.0,1.00,poza_zakresem_rabatu
2026-09-04T15:07:23+00:00,9886323492,Giratina V #111 - PSA 10 - Japanese Pokemonkort (w/Extended Art & Guard),https://www.vinted.pl/items/9886323492-giratina-v-111-psa-10-japanese-pokemonkort-wextended-art-guard,8672.78,PLN,PSA 10,103.00,2,,0.12,za_mala_probka_sprzedazy
2026-09-04T15:30:47+00:00,9886854234,Brock's training PSA 9,https://www.vinted.pl/items/9886854234-brocks-training-psa-9,131.13,PLN,PSA 9,,,,,brak_ceny_referencyjnej
2026-09-04T15:30:49+00:00,9886790637,Jumbo Charizard EX 125/197,https://www.vinted.pl/items/9886790637-jumbo-charizard-ex-125197,354.42,PLN,PSA 10,,,,,brak_ceny_referencyjnej
2026-09-04T15:30:52+00:00,9886907251,Lapras GG05 Beckett 9,https://www.vinted.pl/items/9886907251-lapras-gg05-beckett-9,174.84,PLN,,,,,,brak_gradingu_w_tytule_ani_opisie
2026-09-04T15:45:31+00:00,9887057393,Charizard 143 Grand Prix PSA 10,https://www.vinted.pl/items/9887057393-charizard-143-grand-prix-psa-10,393.4,PLN,PSA 10,62.50,2,,1.00,za_mala_probka_sprzedazy
2026-09-04T15:45:33+00:00,9887057475,Pokemon kort,https://www.vinted.pl/items/9887057475-pokemon-kort,350.89,PLN,PSA 9,,,,,brak_ceny_referencyjnej
2026-09-04T15:45:34+00:00,9887013709,Cynthia's Spiritomb m2a 208/193 PSA 9,https://www.vinted.pl/items/9887013709-cynthias-spiritomb-m2a-208193-psa-9,200.0,PLN,PSA 9,29.68,31,-81.5,0.50,poza_zakresem_rabatu
2026-09-04T15:45:34+00:00,9887003604,Pikachu&Zekrom PSA 9,https://www.vinted.pl/items/9887003604-pikachuzekrom-psa-9,568.24,PLN,PSA 9,60.00,12,-155.1,1.00,poza_zakresem_rabatu
2026-09-04T15:45:35+00:00,9886951689,Gengar mimikyu gx tag team,https://www.vinted.pl/items/9886951689-gengar-mimikyu-gx-tag-team,2631.65,PLN,PSA 10,,,,,brak_ceny_referencyjnej
2026-09-04T16:01:05+00:00,9887172990,Sealed prize pack series 9,https://www.vinted.pl/items/9887172990-sealed-prize-pack-series-9,30.0,PLN,,,,,,brak_gradingu_w_tytule_ani_opisie
2026-09-04T16:01:06+00:00,9887152948,Mega Charizard X ex #023 PSA 9,https://www.vinted.pl/items/9887152948-mega-charizard-x-ex-023-psa-9,350.89,PLN,PSA 9,439.99,493,78.5,0.80,poza_zakresem_rabatu
2026-09-04T16:01:08+00:00,9887100288,Mewtwo Vstar (CRZ GG44) PSA9 and Charizard Vstar(SWSH 262) Beckett 9,https://www.vinted.pl/items/9887100288-mewtwo-vstar-crz-gg44-psa9-and-charizard-vstarswsh-262-beckett-9,1446.78,PLN,PSA 9,259.31,454,-50.3,0.50,poza_zakresem_rabatu
2026-09-04T16:15:37+00:00,9887407634,Wartortle 171 Japanese,https://www.vinted.pl/items/9887407634-wartortle-171-japanese,152.99,PLN,PSA 8,44.00,44,6.3,0.15,wyslano_na_discord
2026-09-04T16:15:38+00:00,9887366064,Advanced Tower 2 PSA 6,https://www.vinted.pl/items/9887366064-advanced-tower-2-psa-6,131.13,PLN,PSA 6,,,,,brak_ceny_referencyjnej
2026-09-04T16:15:38+00:00,9887334804,Tyranitar 29/165 PSA 2,https://www.vinted.pl/items/9887334804-tyranitar-29165-psa-2,994.18,PLN,PSA 2,205.00,4,-30.6,1.00,poza_zakresem_rabatu
2026-09-04T16:15:39+00:00,9887304263,Reshiram GX PSA 9,https://www.vinted.pl/items/9887304263-reshiram-gx-psa-9,350.89,PLN,PSA 9,50.00,43,-89.0,1.00,poza_zakresem_rabatu
2026-09-04T16:15:39+00:00,9887286895,Mew ex PSA9,https://www.vinted.pl/items/9887286895-mew-ex-psa9,4159.49,PLN,PSA 9,1075.00,16,-4.2,1.00,poza_zakresem_rabatu
2026-09-04T16:15:39+00:00,9887279641,Blastoise ex 009/165 CGC 10,https://www.vinted.pl/items/9887279641-blastoise-ex-009165-cgc-10,467.85,PLN,CGC 10,26.00,50,-384.7,1.00,poza_zakresem_rabatu
2026-09-04T16:15:40+00:00,9887274347,Rayquaza gold star NM,https://www.vinted.pl/items/9887274347-rayquaza-gold-star-nm,72933.48,PLN,PSA 10,,,,,brak_ceny_referencyjnej
2026-09-04T16:15:42+00:00,9887240678,Light Arcanine 12/105 Holo,https://www.vinted.pl/items/9887240678-light-arcanine-12105-holo,467.85,PLN,PSA 10,10834.25,2,,0.07,za_mala_probka_sprzedazy
2026-09-04T16:30:51+00:00,9887605441,Pokemon gengar ex holo psa 8,https://www.vinted.pl/items/9887605441-pokemon-gengar-ex-holo-psa-8,19883.57,PLN,PSA 8,338.00,67,-1484.5,1.00,poza_zakresem_rabatu
2026-09-04T16:30:51+00:00,9887601171,Umbreon 32/144 PSA 5,https://www.vinted.pl/items/9887601171-umbreon-32144-psa-5,1052.66,PLN,PSA 5,86.00,1,,1.00,za_mala_probka_sprzedazy
2026-09-04T16:30:52+00:00,9887594419,Magnezone psa 10 japanese 2008,https://www.vinted.pl/items/9887594419-magnezone-psa-10-japanese-2008,1462.03,PLN,PSA 10,,,,,brak_ceny_referencyjnej
2026-09-04T16:30:52+00:00,9887584446,Charizard special delivery psa  8,https://www.vinted.pl/items/9887584446-charizard-special-delivery-psa-8,1754.43,PLN,PSA 8,200.00,88,-136.3,1.00,poza_zakresem_rabatu
2026-09-04T16:30:52+00:00,9887562352,Deoxys 17/107 PSA 6,https://www.vinted.pl/items/9887562352-deoxys-17107-psa-6,877.22,PLN,PSA 6,263.75,2,,1.00,za_mala_probka_sprzedazy
2026-09-04T16:30:52+00:00,9887542907,Pokemon Legendary Collection Jolteon Reverse holo psa 6,https://www.vinted.pl/items/9887542907-pokemon-legendary-collection-jolteon-reverse-holo-psa-6,2500.0,PLN,PSA 6,46.02,1,,1.00,za_mala_probka_sprzedazy
2026-09-04T16:30:53+00:00,9887528420,Pokemon Legendary Collection Seadra 63 Reverse holo PSA 7,https://www.vinted.pl/items/9887528420-pokemon-legendary-collection-seadra-63-reverse-holo-psa-7,1150.0,PLN,PSA 7,,,,,brak_ceny_referencyjnej
2026-09-04T16:30:53+00:00,9887509509,Pokemon Neo Revelation Suicune 14/64 PSA 9 Holo,https://www.vinted.pl/items/9887509509-pokemon-neo-revelation-suicune-1464-psa-9-holo,4500.0,PLN,PSA 9,799.00,37,-51.7,1.00,poza_zakresem_rabatu
2026-09-04T16:30:53+00:00,9887472165,Zamazenta 201 PSA 8,https://www.vinted.pl/items/9887472165-zamazenta-201-psa-8,131.13,PLN,PSA 8,11.75,36,-200.7,1.00,poza_zakresem_rabatu
2026-09-04T16:30:55+00:00,9887465733,Scizor ex 108/115,https://www.vinted.pl/items/9887465733-scizor-ex-108115,1052.66,PLN,PSA 10,8988.00,4,96.8,0.05,poza_zakresem_rabatu
2026-09-04T16:45:34+00:00,9887766351,Gengar CBB3C 03,https://www.vinted.pl/items/9887766351-gengar-cbb3c-03,877.22,PLN,PSA 10,,,,,brak_ceny_referencyjnej
2026-09-04T16:45:36+00:00,9887702929,Snorlax 15/112 Reverse Holo,https://www.vinted.pl/items/9887702929-snorlax-15112-reverse-holo,935.7,PLN,PSA 10,3487.00,2,,0.05,za_mala_probka_sprzedazy
2026-09-04T16:45:38+00:00,9887672986,Ditto (Bulbasaur) 36/113 Delta Species,https://www.vinted.pl/items/9887672986-ditto-bulbasaur-36113-delta-species,409.37,PLN,PSA 10,1772.02,5,93.8,0.08,poza_zakresem_rabatu
2026-09-04T17:00:59+00:00,9887947983,Dragonite 9/165 Holo PSA 4,https://www.vinted.pl/items/9887947983-dragonite-9165-holo-psa-4,1520.51,PLN,PSA 4,,,,,brak_ceny_referencyjnej
2026-09-04T17:00:59+00:00,9887929165,Ancient Mew PSA 8,https://www.vinted.pl/items/9887929165-ancient-mew-psa-8,850.0,PLN,PSA 8,133.75,22,-71.2,1.00,poza_zakresem_rabatu
2026-09-04T17:00:59+00:00,9887918049,Charizard Secret Wonders Holo PSA 8,https://www.vinted.pl/items/9887918049-charizard-secret-wonders-holo-psa-8,2000.0,PLN,PSA 8,305.00,55,-76.6,1.00,poza_zakresem_rabatu
2026-09-04T17:01:01+00:00,9869855219,Pokemon: Poliwrath 24/165 Expedition Base Set,https://www.vinted.pl/items/9869855219-pokemon-poliwrath-24165-expedition-base-set,1044.72,PLN,,,,,,brak_gradingu_w_tytule_ani_opisie
2026-09-04T17:01:03+00:00,9887882687,Electabuzz ex 97/109,https://www.vinted.pl/items/9887882687-electabuzz-ex-97109,292.41,PLN,PSA 10,3656.31,10,97.8,0.06,poza_zakresem_rabatu
2026-09-04T17:01:05+00:00,9887846331,Dark Gyarados 36/109 Reverse Holo,https://www.vinted.pl/items/9887846331-dark-gyarados-36109-reverse-holo,1169.62,PLN,PSA 10,452.72,15,30.4,0.08,wyslano_na_discord
2026-09-04T17:01:06+00:00,9869914713,Pokemon: Magikarp 203/193 Paldea Evolved,https://www.vinted.pl/items/9869914713-pokemon-magikarp-203193-paldea-evolved,847.61,PLN,,,,,,brak_gradingu_w_tytule_ani_opisie
2026-09-04T17:15:35+00:00,9888121883,Ralts Pokemon TCG: Scarlet and Violet,https://www.vinted.pl/items/9888121883-ralts-pokemon-tcg-scarlet-and-violet,54.09,PLN,PSA 8,,,,,brak_ceny_referencyjnej
2026-09-04T17:15:38+00:00,9888068931,Grimer Fossil 1999,https://www.vinted.pl/items/9888068931-grimer-fossil-1999,16.64,PLN,PSA 10,200.00,23,97.8,0.50,poza_zakresem_rabatu
2026-09-04T17:15:40+00:00,9888039666,Mega Charizard  X ex Phantasmal Flames,https://www.vinted.pl/items/9888039666-mega-charizard-x-ex-phantasmal-flames,24.96,PLN,PSA 9,439.99,493,98.5,0.86,poza_zakresem_rabatu
2026-09-04T17:15:42+00:00,9888009381,Wooper 81/109 Reverse Holo,https://www.vinted.pl/items/9888009381-wooper-81109-reverse-holo,760.25,PLN,PSA 10,,,,,brak_ceny_referencyjnej
2026-09-04T17:15:42+00:00,9887986122,Charizard Base Set 2 PSA 7,https://www.vinted.pl/items/9887986122-charizard-base-set-2-psa-7,2800.0,PLN,PSA 7,449.99,39,-67.6,1.00,poza_zakresem_rabatu
2026-09-04T17:30:56+00:00,9888179498,Pokémon Pikachu ex Ultra rare 136/106 PSA 10,https://www.vinted.pl/items/9888179498-pokemon-pikachu-ex-ultra-rare-136106-psa-10,1095.0,PLN,PSA 10,,,,,brak_ceny_referencyjnej
2026-09-04T17:45:37+00:00,9888363120,OP17 One Piece World's Strongest Warriors,https://www.vinted.pl/items/9888363120-op17-one-piece-worlds-strongest-warriors,62.68,PLN,,,,,,brak_gradingu_w_tytule_ani_opisie
2026-09-04T18:01:04+00:00,9888611346,Gyarados GX SM212 Promo - Hidden Fates Pokémon Sun & Moon,https://www.vinted.pl/items/9888611346-gyarados-gx-sm212-promo-hidden-fates-pokemon-sun-moon,23.26,PLN,,,,,,brak_gradingu_w_tytule_ani_opisie
2026-09-04T18:01:05+00:00,9888592303,Jessie & James 58/68 Holo - Hidden Fates Pokémon Sun & Moon,https://www.vinted.pl/items/9888592303-jessie-james-5868-holo-hidden-fates-pokemon-sun-moon,31.14,PLN,,,,,,brak_gradingu_w_tytule_ani_opisie
2026-09-04T18:01:05+00:00,9888553014,PSA 1 contender,https://www.vinted.pl/items/9888553014-psa-1-contender,4.68,PLN,PSA 1,,,,,brak_ceny_referencyjnej
2026-09-04T18:01:07+00:00,9888539123,Vaporeon 18/68 Holo - Hidden Fates Pokémon Sun & Moon,https://www.vinted.pl/items/9888539123-vaporeon-1868-holo-hidden-fates-pokemon-sun-moon,15.38,PLN,,,,,,brak_gradingu_w_tytule_ani_opisie
2026-09-04T18:01:09+00:00,9888516152,Eevee 48/68 Holo - Hidden Fates Pokémon Sun & Moon,https://www.vinted.pl/items/9888516152-eevee-4868-holo-hidden-fates-pokemon-sun-moon,23.26,PLN,,,,,,brak_gradingu_w_tytule_ani_opisie
2026-09-04T18:01:11+00:00,9888487023,"Pikachu #088 z edice Scarlet & Violet Black Star Promos,",https://www.vinted.pl/items/9888487023-pikachu-088-z-edice-scarlet-violet-black-star-promos,271.27,PLN,PSA 9,39.99,280,-82.7,0.25,poza_zakresem_rabatu
2026-09-04T18:01:14+00:00,9888478690,Tinkaton ex sr 9.5,https://www.vinted.pl/items/9888478690-tinkaton-ex-sr-95,108.17,PLN,,,,,,brak_gradingu_w_tytule_ani_opisie
2026-09-04T18:16:10+00:00,9888659486,Eevee (sv5a 078) PSA 10,https://www.vinted.pl/items/9888659486-eevee-sv5a-078-psa-10,499.0,PLN,PSA 10,253.50,65,47.0,0.33,poza_zakresem_rabatu
2026-09-04T19:01:02+00:00,9889113887,Captain Pikachu PSA 9 mint,https://www.vinted.pl/items/9889113887-captain-pikachu-psa-9-mint,168.4,PLN,PSA 9,86.91,1505,47.8,0.50,poza_zakresem_rabatu
2026-09-04T19:01:04+00:00,9889063464,Pikachu #GG30,https://www.vinted.pl/items/9889063464-pikachu-gg30,217.77,PLN,PSA 10,,,,,brak_ceny_referencyjnej
2026-09-04T19:15:35+00:00,9889320024,Karta Pokemon Lillie's Determination (m1L 091) Mega Brave,https://www.vinted.pl/items/9889320024-karta-pokemon-lillies-determination-m1l-091-mega-brave,1300.0,PLN,PSA 10,,,,,brak_ceny_referencyjnej
2026-09-04T19:15:36+00:00,9889259698,Jessie & James 58/68 Holo - Hidden Fates Pokémon Sun & Moon,https://www.vinted.pl/items/9889259698-jessie-james-5868-holo-hidden-fates-pokemon-sun-moon,31.14,PLN,,,,,,brak_gradingu_w_tytule_ani_opisie
2026-09-04T19:15:38+00:00,9889249758,Raichu GX 20/68 Full Art - Hidden Fates Pokémon Sun & Moon,https://www.vinted.pl/items/9889249758-raichu-gx-2068-full-art-hidden-fates-pokemon-sun-moon,23.26,PLN,,,,,,brak_gradingu_w_tytule_ani_opisie
2026-09-04T19:45:33+00:00,9889563426,Light Togetic Holo PSA 5 Japanease Neo 4 Vintage Pokémon,https://www.vinted.pl/items/9889563426-light-togetic-holo-psa-5-japanease-neo-4-vintage-pokemon,354.81,PLN,PSA 5,91.83,3,-4.1,0.43,poza_zakresem_rabatu
2026-09-04T20:15:38+00:00,9889813189,Mega darkrai ex sir holo pitch black sett,https://www.vinted.pl/items/9889813189-mega-darkrai-ex-sir-holo-pitch-black-sett,830.46,PLN,PSA 9,,,,,brak_ceny_referencyjnej
2026-09-04T20:15:40+00:00,9889777679,Pokemon 2023 My first battle,https://www.vinted.pl/items/9889777679-pokemon-2023-my-first-battle,135.5,PLN,,,,,,brak_gradingu_w_tytule_ani_opisie
2026-09-04T20:45:34+00:00,9890001229,Eevee 2025 pokemon graded card psa 9 cbb2 cs kártya,https://www.vinted.pl/items/9890001229-eevee-2025-pokemon-graded-card-psa-9-cbb2-cs-kartya,181.47,PLN,PSA 9,,,,,brak_ceny_referencyjnej
2026-09-04T22:30:50+00:00,9890570428,Team Rocket's Meowth (DRI 203),https://www.vinted.pl/items/9890570428-team-rockets-meowth-dri-203,340.0,PLN,PSA 9,35.00,330,-161.7,0.16,poza_zakresem_rabatu
2026-09-04T22:30:52+00:00,9890565991,N's Zekrom (MEP 031),https://www.vinted.pl/items/9890565991-ns-zekrom-mep-031,240.0,PLN,PSA 9,,,,,brak_ceny_referencyjnej
2026-09-04T22:30:54+00:00,9890560272,Charmander (sv2a 168),https://www.vinted.pl/items/9890560272-charmander-sv2a-168,320.0,PLN,PSA 9,125.25,379,31.2,0.06,wyslano_na_discord
2026-09-05T06:15:36+00:00,9891570890,Pokemon #202 Flareon JPN,https://www.vinted.pl/items/9891570890-pokemon-202-flareon-jpn,514.24,PLN,PSA 10,620.00,288,77.7,0.20,poza_zakresem_rabatu
2026-09-05T06:15:36+00:00,9891570410,Pokémon Mega Gengar ex 230/193 PSA 10 Mega Dream ex,https://www.vinted.pl/items/9891570410-pokemon-mega-gengar-ex-230193-psa-10-mega-dream-ex,550.0,PLN,PSA 10,,,,,brak_ceny_referencyjnej
2026-09-05T06:15:37+00:00,9891551349,Mega Rayquaza ex SAR 110/076 – Storm Emeralda M6 – Japanese Pokémon,https://www.vinted.pl/items/9891551349-mega-rayquaza-ex-sar-110076-storm-emeralda-m6-japanese-pokemon,1899.0,PLN,,,,,,brak_gradingu_w_tytule_ani_opisie
2026-09-05T06:30:48+00:00,9891620107,Froakie 039/142,https://www.vinted.pl/items/9891620107-froakie-039142,4.32,PLN,,,,,,brak_gradingu_w_tytule_ani_opisie
2026-09-05T06:30:50+00:00,9891614787,Surskit 006/197,https://www.vinted.pl/items/9891614787-surskit-006197,4.32,PLN,,,,,,brak_gradingu_w_tytule_ani_opisie
2026-09-05T06:45:32+00:00,9891701180,Iono (Pal 269) PSA9,https://www.vinted.pl/items/9891701180-iono-pal-269-psa9,252.43,PLN,PSA 9,57.22,236,-18.8,0.67,poza_zakresem_rabatu
2026-09-05T07:15:32+00:00,9891813926,Pikachu - 241/236,https://www.vinted.pl/items/9891813926-pikachu-241236,667.27,PLN,,,,,,brak_gradingu_w_tytule_ani_opisie
2026-09-05T07:30:47+00:00,9891923019,Pikachu McDonald’s Japan 2025 #020/M-P Promo BGS 9.5 Gem Mint,https://www.vinted.pl/items/9891923019-pikachu-mcdonalds-japan-2025-020m-p-promo-bgs-95-gem-mint,409.0,PLN,BGS 9.5,1083.70,2,,0.30,za_mala_probka_sprzedazy
2026-09-05T08:30:43+00:00,9892355040,"Black Star Charizard promo sm226, Psa 6 EX-MT",https://www.vinted.pl/items/9892355040-black-star-charizard-promo-sm226-psa-6-ex-mt,349.3,PLN,PSA 6,,,,,brak_ceny_referencyjnej
2026-09-05T08:30:44+00:00,9892356934,One Piece - OP13 Manga Ace,https://www.vinted.pl/items/9892356934-one-piece-op13-manga-ace,3797.58,PLN,PSA 10,,,,,brak_ceny_referencyjnej
2026-09-05T09:00:57+00:00,9781635183,"Holo - Dark Slowbro 12/82 Base set, Team Rocket Pokemon kort WOTC vintage 1999-2000",https://www.vinted.pl/items/9781635183-holo-dark-slowbro-1282-base-set-team-rocket-pokemon-kort-wotc-vintage-1999-2000,137.46,PLN,,,,,,brak_gradingu_w_tytule_ani_opisie
2026-09-05T09:00:58+00:00,9824431246,Swinub 84/105 Neo Destiny Pokémon WOTC Pokemon kort,https://www.vinted.pl/items/9824431246-swinub-84105-neo-destiny-pokemon-wotc-pokemon-kort,6.68,PLN,,,,,,brak_gradingu_w_tytule_ani_opisie
2026-09-05T09:01:01+00:00,9892649078,Pokemon #209 Jolteon JPN,https://www.vinted.pl/items/9892649078-pokemon-209-jolteon-jpn,496.19,PLN,PSA 10,597.00,290,77.6,0.20,poza_zakresem_rabatu
2026-09-05T09:14:34+00:00,9892889053,Dusclops 069 EX/NM stav (SFA),https://www.vinted.pl/items/9892889053-dusclops-069-exnm-stav-sfa,90.22,PLN,,,,,,brak_gradingu_w_tytule_ani_opisie
2026-09-05T09:14:35+00:00,9892776583,karty TCG orginalne pokemon,https://www.vinted.pl/items/9892776583-karty-tcg-orginalne-pokemon,205.0,PLN,,,,,,brak_gradingu_w_tytule_ani_opisie
2026-09-05T09:15:33+00:00,9892924981,Karta pokemon Base set ponyta shadowless PSA 9,https://www.vinted.pl/items/9892924981-karta-pokemon-base-set-ponyta-shadowless-psa-9,180.0,PLN,PSA 9,31.00,8,-56.4,1.00,poza_zakresem_rabatu
2026-09-05T09:30:53+00:00,9893067463,Graded 2020 Pokemon Swsh bsp #050 Charizard V Champion Path Elite Trainer PSA 10,https://www.vinted.pl/items/9893067463-graded-2020-pokemon-swsh-bsp-050-charizard-v-champion-path-elite-trainer-psa-10,373.1,PLN,PSA 10,,,,,brak_ceny_referencyjnej
2026-09-05T09:30:53+00:00,9893036281,2023 Pokémon SV2a JP Charizard ex Super Rare Holo 185/165 PSA 10,https://www.vinted.pl/items/9893036281-2023-pokemon-sv2a-jp-charizard-ex-super-rare-holo-185165-psa-10,412.38,PLN,PSA 10,,,,,brak_ceny_referencyjnej
2026-09-05T09:30:54+00:00,9893022320,Pokemon 2023 SV4a JP Charizard ex 331/190 Shiny Secret Rare Holo PSA 10,https://www.vinted.pl/items/9893022320-pokemon-2023-sv4a-jp-charizard-ex-331190-shiny-secret-rare-holo-psa-10,333.83,PLN,PSA 10,14299.99,6,99.4,0.33,poza_zakresem_rabatu
2026-09-05T09:30:55+00:00,9892871893,Pokemon 2022 Pikachu 001 Promo Scarlet/Violet Pre-Order Japanese gem mint  PSA 10,https://www.vinted.pl/items/9892871893-pokemon-2022-pikachu-001-promo-scarletviolet-pre-order-japanese-gem-mint-psa-10,432.01,PLN,PSA 10,,,,,brak_ceny_referencyjnej
2026-09-05T09:30:55+00:00,9892837015,Pokemon Chandelure White Flare Illustration Rare #103 PSA 9 Mint,https://www.vinted.pl/items/9892837015-pokemon-chandelure-white-flare-illustration-rare-103-psa-9-mint,216.01,PLN,PSA 9,50.00,43,-16.4,0.67,poza_zakresem_rabatu
2026-09-05T09:30:57+00:00,9893042596,Reshiram #168,https://www.vinted.pl/items/9893042596-reshiram-168,738.35,PLN,PSA 10,,,,,brak_ceny_referencyjnej
2026-09-05T09:46:10+00:00,9893201985,Blissey V 183/198 – Chilling Reign,https://www.vinted.pl/items/9893201985-blissey-v-183198-chilling-reign,174.63,PLN,PSA 10,110.00,90,57.2,0.06,poza_zakresem_rabatu
2026-09-05T09:46:12+00:00,9893191049,Pokémon vintage,https://www.vinted.pl/items/9893191049-pokemon-vintage,98.19,PLN,,,,,,brak_gradingu_w_tytule_ani_opisie
2026-09-05T09:46:12+00:00,9893169713,PSA 9 Solgaleo GX Gold Secret Pokémon Card – Graded,https://www.vinted.pl/items/9893169713-psa-9-solgaleo-gx-gold-secret-pokemon-card-graded,152.84,PLN,PSA 9,,,,,brak_ceny_referencyjnej
2026-09-05T10:15:32+00:00,9893622817,Blastoise gx 2019 PSA-9,https://www.vinted.pl/items/9893622817-blastoise-gx-2019-psa-9,218.34,PLN,PSA 9,40.00,35,-47.0,0.67,poza_zakresem_rabatu
2026-09-05T10:15:34+00:00,9893590658,Karta Pokémon Groudon Legendary Stamp 81/168 Promo sealed (Folia) 2018,https://www.vinted.pl/items/9893590658-karta-pokemon-groudon-legendary-stamp-81168-promo-sealed-folia-2018,60.0,PLN,,,,,,brak_gradingu_w_tytule_ani_opisie
2026-09-05T10:15:37+00:00,9893594138,Pikachu Beckett 9.5,https://www.vinted.pl/items/9893594138-pikachu-beckett-95,240.17,PLN,,,,,,brak_gradingu_w_tytule_ani_opisie
2026-09-05T10:30:45+00:00,9893828434,Charizard KFC Promo PSA 10,https://www.vinted.pl/items/9893828434-charizard-kfc-promo-psa-10,1200.0,PLN,PSA 10,1415.09,104,77.2,0.67,poza_zakresem_rabatu
2026-09-05T10:30:45+00:00,9893825500,Pokemon Temporal Forces Gouging Fire ex PSA 10,https://www.vinted.pl/items/9893825500-pokemon-temporal-forces-gouging-fire-ex-psa-10,457.14,PLN,PSA 10,56.04,22,-119.7,1.00,poza_zakresem_rabatu
2026-09-05T10:30:46+00:00,9893790082,Pikachu KFC Promo PSA 10,https://www.vinted.pl/items/9893790082-pikachu-kfc-promo-psa-10,4800.0,PLN,PSA 10,191.25,812,-576.0,0.33,poza_zakresem_rabatu
2026-09-05T10:30:46+00:00,9893650141,Metagross 2004 Hidden Legends PSA-8,https://www.vinted.pl/items/9893650141-metagross-2004-hidden-legends-psa-8,262.01,PLN,PSA 8,234.05,14,69.8,0.75,poza_zakresem_rabatu
2026-09-05T10:45:33+00:00,9893842733,Pikachu KFC Promo PSA 10,https://www.vinted.pl/items/9893842733-pikachu-kfc-promo-psa-10,2500.0,PLN,PSA 10,191.25,812,-252.1,0.33,poza_zakresem_rabatu
2026-09-05T11:00:57+00:00,9894101063,Pokémon Mew 053 - PSA 9,https://www.vinted.pl/items/9894101063-pokemon-mew-053-psa-9,851.52,PLN,PSA 9,,,,,brak_ceny_referencyjnej
2026-09-05T11:00:57+00:00,9894062118,Pokemon PSA 10 charizard,https://www.vinted.pl/items/9894062118-pokemon-psa-10-charizard,2921.22,PLN,PSA 10,500.00,40,-57.4,1.00,poza_zakresem_rabatu
2026-09-05T11:00:59+00:00,9894061726,Kingdra TG03/TG30 – Astral Radiance,https://www.vinted.pl/items/9894061726-kingdra-tg03tg30-astral-radiance,65.46,PLN,PSA 10,,,,,brak_ceny_referencyjnej
2026-09-05T11:15:40+00:00,9894288700,Lucario #226 psa 9,https://www.vinted.pl/items/9894288700-lucario-226-psa-9,200.0,PLN,PSA 9,105.50,2,,0.50,za_mala_probka_sprzedazy
2026-09-05T11:30:50+00:00,9894423385,Mega Darkrai ex SIR 116/086 Pokémon Pitch Black,https://www.vinted.pl/items/9894423385-mega-darkrai-ex-sir-116086-pokemon-pitch-black,847.16,PLN,PSA 10,1650.00,13,86.2,0.16,poza_zakresem_rabatu
2026-09-05T11:30:51+00:00,9894398209,Team Rocket's Meowth IR - Destined Rivals - BGS 9.5,https://www.vinted.pl/items/9894398209-team-rockets-meowth-ir-destined-rivals-bgs-95,436.68,PLN,BGS 9.5,64.50,8,-82.4,0.86,poza_zakresem_rabatu
2026-09-05T12:00:59+00:00,9781477491,"Dark Persian 42/82 Base set, Team Rocket Pokemon kort WOTC vintage 1999-2000",https://www.vinted.pl/items/9781477491-dark-persian-4282-base-set-team-rocket-pokemon-kort-wotc-vintage-1999-2000,11.78,PLN,,,,,,brak_gradingu_w_tytule_ani_opisie
2026-09-05T12:15:35+00:00,9895135752,🔥Pokemon kort Charizard #12 PSA 7,https://www.vinted.pl/items/9895135752-pokemon-kort-charizard-12-psa-7,467.39,PLN,PSA 7,29.99,12,-319.8,0.33,poza_zakresem_rabatu
2026-09-05T12:30:47+00:00,9895301244,Haunter jap PSA,https://www.vinted.pl/items/9895301244-haunter-jap-psa,225.36,PLN,,,,,,brak_gradingu_w_tytule_ani_opisie
2026-09-05T12:30:49+00:00,9895287193,Vulpix jap PSA,https://www.vinted.pl/items/9895287193-vulpix-jap-psa,133.34,PLN,,,,,,brak_gradingu_w_tytule_ani_opisie
2026-09-05T12:30:50+00:00,9895276006,Chansey jap PSA,https://www.vinted.pl/items/9895276006-chansey-jap-psa,201.91,PLN,,,,,,brak_gradingu_w_tytule_ani_opisie
2026-09-05T12:30:51+00:00,9895264193,Wigglytuff jap PSA,https://www.vinted.pl/items/9895264193-wigglytuff-jap-psa,126.12,PLN,,,,,,brak_gradingu_w_tytule_ani_opisie
2026-09-05T12:30:53+00:00,9895248792,Mesprit jap PSA,https://www.vinted.pl/items/9895248792-mesprit-jap-psa,138.03,PLN,,,,,,brak_gradingu_w_tytule_ani_opisie
2026-09-05T12:30:53+00:00,9895223337,Lugia psa 10,https://www.vinted.pl/items/9895223337-lugia-psa-10,1091.7,PLN,PSA 10,,,,,brak_ceny_referencyjnej
2026-09-05T12:30:54+00:00,9895214502,PSA kort!,https://www.vinted.pl/items/9895214502-psa-kort,700.51,PLN,,,,,,brak_gradingu_w_tytule_ani_opisie
2026-09-05T13:00:59+00:00,9895739736,Pokemon JPN #103 Charizard,https://www.vinted.pl/items/9895739736-pokemon-jpn-103-charizard,2796.73,PLN,PSA 10,,,,,brak_ceny_referencyjnej
2026-09-05T13:01:02+00:00,9895704809,Pokemon #284 Rayquaza,https://www.vinted.pl/items/9895704809-pokemon-284-rayquaza,1082.61,PLN,PSA 10,425.00,512,31.4,0.29,wyslano_na_discord
2026-09-05T13:15:36+00:00,9895937393,Pokemon #013 Mega Charizard,https://www.vinted.pl/items/9895937393-pokemon-013-mega-charizard,351.85,PLN,PSA 10,2610.00,163,96.4,0.50,poza_zakresem_rabatu
2026-09-05T13:15:37+00:00,9895874876,Pokemon #088 Mega Latias JPN,https://www.vinted.pl/items/9895874876-pokemon-088-mega-latias-jpn,496.19,PLN,PSA 10,255.00,775,47.6,0.33,poza_zakresem_rabatu
2026-09-05T13:15:39+00:00,9895773667,Pokemon #011 Radiant Charizard JPN,https://www.vinted.pl/items/9895773667-pokemon-011-radiant-charizard-jpn,523.26,PLN,PSA 10,124.99,44,-12.8,0.50,poza_zakresem_rabatu
2026-09-05T13:30:50+00:00,9896173294,JPN Pokemon #007 Reshiram & Charizard,https://www.vinted.pl/items/9896173294-jpn-pokemon-007-reshiram-charizard,658.59,PLN,PSA 10,,,,,brak_ceny_referencyjnej
2026-09-05T13:30:52+00:00,9896110955,JPN Pokemon #210 Zekrom,https://www.vinted.pl/items/9896110955-jpn-pokemon-210-zekrom,286.89,PLN,PSA 10,16500.00,1,,0.33,za_mala_probka_sprzedazy
2026-09-05T13:30:53+00:00,9896085006,Pokémon Energy PSA / Toploader Stand – stojak na karty Pokémon TCG – 3 szt.,https://www.vinted.pl/items/9896085006-pokemon-energy-psa-toploader-stand-stojak-na-karty-pokemon-tcg-3-szt,50.0,PLN,,,,,,brak_gradingu_w_tytule_ani_opisie
2026-09-05T13:30:56+00:00,9896070053,JPN Pokemon #169 Charmeleon,https://www.vinted.pl/items/9896070053-jpn-pokemon-169-charmeleon,532.28,PLN,PSA 10,450.00,267,68.1,0.50,poza_zakresem_rabatu
2026-09-05T13:30:56+00:00,9896010944,Jumpluff-Holo Psa 8.5,https://www.vinted.pl/items/9896010944-jumpluff-holo-psa-85,349.34,PLN,PSA 8.5,,,,,brak_ceny_referencyjnej
2026-09-05T13:30:56+00:00,9896000628,Scyther-Holo Psa 8,https://www.vinted.pl/items/9896000628-scyther-holo-psa-8,349.34,PLN,PSA 8,8.99,3,-946.7,1.00,poza_zakresem_rabatu
2026-09-05T13:30:59+00:00,9896167193,Rapid Strike Urshifu V Beckett 9.5 Pokemon,https://www.vinted.pl/items/9896167193-rapid-strike-urshifu-v-beckett-95-pokemon,100.0,PLN,,,,,,brak_gradingu_w_tytule_ani_opisie
2026-09-05T13:45:35+00:00,9896387413,Mega Charizard X EX UPC #23 PSA 10,https://www.vinted.pl/items/9896387413-mega-charizard-x-ex-upc-23-psa-10,1080.85,PLN,PSA 10,215.02,2720,-35.4,0.83,poza_zakresem_rabatu
2026-09-05T14:00:59+00:00,9896609147,Raichu 49/162 Cracked Ice Holo,https://www.vinted.pl/items/9896609147-raichu-49162-cracked-ice-holo,50.66,PLN,,,,,,brak_gradingu_w_tytule_ani_opisie
2026-09-05T14:01:01+00:00,9896603618,PSA 9- Lillie's Clefairy -Journey Together,https://www.vinted.pl/items/9896603618-psa-9-lillies-clefairy-journey-together,746.24,PLN,PSA 9,133.99,388,-50.0,1.00,poza_zakresem_rabatu
2026-09-05T14:01:02+00:00,9896592491,Team rockets nidoking 233,https://www.vinted.pl/items/9896592491-team-rockets-nidoking-233,1300.0,PLN,,,,,,brak_gradingu_w_tytule_ani_opisie
2026-09-05T14:01:02+00:00,9896590028,Eevee Black star promo 2000 PSA 8,https://www.vinted.pl/items/9896590028-eevee-black-star-promo-2000-psa-8,540.42,PLN,PSA 8,,,,,brak_ceny_referencyjnej
2026-09-05T14:01:03+00:00,9896581095,Trainer Geeta 218/197,https://www.vinted.pl/items/9896581095-trainer-geeta-218197,7.46,PLN,,,,,,brak_gradingu_w_tytule_ani_opisie
2026-09-05T14:01:05+00:00,9896563621,Ditto 18/62,https://www.vinted.pl/items/9896563621-ditto-1862,15.32,PLN,,,,,,brak_gradingu_w_tytule_ani_opisie
2026-09-05T14:01:06+00:00,9896543388,Torchic 7/10,https://www.vinted.pl/items/9896543388-torchic-710,4.32,PLN,,,,,,brak_gradingu_w_tytule_ani_opisie
2026-09-05T14:01:08+00:00,9896529173,Iron Moth 009/064,https://www.vinted.pl/items/9896529173-iron-moth-009064,4.32,PLN,,,,,,brak_gradingu_w_tytule_ani_opisie
2026-09-05T14:01:09+00:00,9896516424,Slither Wing 026/064,https://www.vinted.pl/items/9896516424-slither-wing-026064,4.32,PLN,,,,,,brak_gradingu_w_tytule_ani_opisie
2026-09-05T14:01:10+00:00,9896504820,Duraludon VMAX TG21/TG30,https://www.vinted.pl/items/9896504820-duraludon-vmax-tg21tg30,58.52,PLN,,,,,,brak_gradingu_w_tytule_ani_opisie
2026-09-05T14:01:12+00:00,9896430962,Drampa 83/71 AR (JP),https://www.vinted.pl/items/9896430962-drampa-8371-ar-jp,164.56,PLN,,,,,,brak_gradingu_w_tytule_ani_opisie
2026-09-05T14:01:14+00:00,9896599370,Clefairy Beckett 9.5,https://www.vinted.pl/items/9896599370-clefairy-beckett-95,240.17,PLN,,,,,,brak_gradingu_w_tytule_ani_opisie
2026-09-05T14:01:15+00:00,9896580638,Karta pokemon leafeon bgs 9.5,https://www.vinted.pl/items/9896580638-karta-pokemon-leafeon-bgs-95,450.0,PLN,BGS 9.5,19.00,1,,1.00,za_mala_probka_sprzedazy
2026-09-05T14:15:33+00:00,9896819740,Pikachu surging sparks psa 10,https://www.vinted.pl/items/9896819740-pikachu-surging-sparks-psa-10,3505.46,PLN,PSA 10,349.99,455,-169.8,1.00,poza_zakresem_rabatu
2026-09-05T14:15:34+00:00,9896812105,Jolteon 23/68 - Hidden Fates Pokémon Sun & Moon  ,https://www.vinted.pl/items/9896812105-jolteon-2368-hidden-fates-pokemon-sun-moon,7.46,PLN,,,,,,brak_gradingu_w_tytule_ani_opisie
2026-09-05T14:15:35+00:00,9896804578,Meowth gem pack psa 10,https://www.vinted.pl/items/9896804578-meowth-gem-pack-psa-10,817.94,PLN,PSA 10,,,,,brak_ceny_referencyjnej
2026-09-05T14:15:36+00:00,9896803525,Articuno 036/195,https://www.vinted.pl/items/9896803525-articuno-036195,7.46,PLN,,,,,,brak_gradingu_w_tytule_ani_opisie
2026-09-05T14:15:37+00:00,9896787854,Pikachu 19/68 - Hidden Fates Pokémon Sun & Moon  ,https://www.vinted.pl/items/9896787854-pikachu-1968-hidden-fates-pokemon-sun-moon,7.46,PLN,,,,,,brak_gradingu_w_tytule_ani_opisie
2026-09-05T14:15:37+00:00,9896782192,Mewtwo vstar gg44 psa 9,https://www.vinted.pl/items/9896782192-mewtwo-vstar-gg44-psa-9,1168.49,PLN,PSA 9,257.00,458,-22.5,1.00,poza_zakresem_rabatu
2026-09-05T14:15:39+00:00,9896762208,Mew 32/68 - Hidden Fates Pokémon Sun & Moon  ,https://www.vinted.pl/items/9896762208-mew-3268-hidden-fates-pokemon-sun-moon,27.1,PLN,,,,,,brak_gradingu_w_tytule_ani_opisie
2026-09-05T14:15:39+00:00,9896757932,M gengar ex psa 9,https://www.vinted.pl/items/9896757932-m-gengar-ex-psa-9,1928.0,PLN,PSA 9,917.50,38,43.4,1.00,poza_zakresem_rabatu
2026-09-05T14:15:40+00:00,9896735226,Jigglypuff 41/68 - Hidden Fates Pokémon Sun & Moon  ,https://www.vinted.pl/items/9896735226-jigglypuff-4168-hidden-fates-pokemon-sun-moon,7.46,PLN,,,,,,brak_gradingu_w_tytule_ani_opisie
2026-09-05T14:15:41+00:00,9896717922,Clefairy 39/68 - Hidden Fates Pokémon Sun & Moon  ,https://www.vinted.pl/items/9896717922-clefairy-3968-hidden-fates-pokemon-sun-moon,7.46,PLN,,,,,,brak_gradingu_w_tytule_ani_opisie
2026-09-05T14:15:43+00:00,9896702762,Clefairy 38/68 - Hidden Fates Pokémon Sun & Moon,https://www.vinted.pl/items/9896702762-clefairy-3868-hidden-fates-pokemon-sun-moon,7.46,PLN,,,,,,brak_gradingu_w_tytule_ani_opisie
2026-09-05T14:15:44+00:00,9896679584,Eevee 49/68 - Hidden Fates Pokémon Sun & Moon,https://www.vinted.pl/items/9896679584-eevee-4968-hidden-fates-pokemon-sun-moon,4.71,PLN,,,,,,brak_gradingu_w_tytule_ani_opisie
2026-09-05T14:15:45+00:00,9896665361,PSA 9- Wailord & Magikarp GX Tag Team,https://www.vinted.pl/items/9896665361-psa-9-wailord-magikarp-gx-tag-team,409.23,PLN,PSA 9,142.02,21,22.4,0.80,wyslano_na_discord
2026-09-05T14:15:46+00:00,9896660520,Gengar TG06/TG30,https://www.vinted.pl/items/9896660520-gengar-tg06tg30,97.79,PLN,,,,,,brak_gradingu_w_tytule_ani_opisie
2026-09-05T14:15:47+00:00,9896653840,Pinsir 003/131 Reverse Holo - Prismatic Evolutions Pokémon Scarlet & Violet,https://www.vinted.pl/items/9896653840-pinsir-003131-reverse-holo-prismatic-evolutions-pokemon-scarlet-violet,4.32,PLN,,,,,,brak_gradingu_w_tytule_ani_opisie
2026-09-05T14:15:47+00:00,9896646620,Umbreon a espeon po sebe cislom hodnotene PSA-10,https://www.vinted.pl/items/9896646620-umbreon-a-espeon-po-sebe-cislom-hodnotene-psa-10,1834.05,PLN,PSA 10,,,,,brak_ceny_referencyjnej
2026-09-05T14:15:48+00:00,9896639103,Goldeen 020/131 Reverse Holo - Prismatic Evolutions Pokémon Scarlet & Violet,https://www.vinted.pl/items/9896639103-goldeen-020131-reverse-holo-prismatic-evolutions-pokemon-scarlet-violet,4.32,PLN,,,,,,brak_gradingu_w_tytule_ani_opisie
2026-09-05T14:15:49+00:00,9896637712,Dragonite 96/149 Holo,https://www.vinted.pl/items/9896637712-dragonite-96149-holo,11.39,PLN,,,,,,brak_gradingu_w_tytule_ani_opisie
2026-09-05T14:15:51+00:00,9896624773,Pikachu 40/147,https://www.vinted.pl/items/9896624773-pikachu-40147,11.39,PLN,,,,,,brak_gradingu_w_tytule_ani_opisie
2026-09-05T14:30:46+00:00,9896953615,Charizard PSA 10,https://www.vinted.pl/items/9896953615-charizard-psa-10,1752.73,PLN,PSA 10,500.00,40,5.6,1.00,wyslano_na_discord
2026-09-05T14:30:48+00:00,9896899732,Pokemon tcg card japanese Shedinja art rare m1S 072/063,https://www.vinted.pl/items/9896899732-pokemon-tcg-card-japanese-shedinja-art-rare-m1s-072063,15.0,PLN,PSA 10,,,,,brak_ceny_referencyjnej
2026-09-05T14:30:48+00:00,9896880649,Psyduck destined rivals psa 10,https://www.vinted.pl/items/9896880649-psyduck-destined-rivals-psa-10,1606.67,PLN,PSA 10,390.00,384,-11.0,1.00,poza_zakresem_rabatu
2026-09-05T14:30:48+00:00,9896866001,Sylveon gem pack psa 10,https://www.vinted.pl/items/9896866001-sylveon-gem-pack-psa-10,1168.49,PLN,PSA 10,,,,,brak_ceny_referencyjnej
2026-09-05T14:30:48+00:00,9896843415,Gengar gem pack psa 10,https://www.vinted.pl/items/9896843415-gengar-gem-pack-psa-10,1752.73,PLN,PSA 10,173.00,17,-172.9,0.67,poza_zakresem_rabatu
2026-09-05T14:45:32+00:00,9897258221,Pikachu Reverse Holo psa 10,https://www.vinted.pl/items/9897258221-pikachu-reverse-holo-psa-10,999.0,PLN,PSA 10,2650.00,2,,1.00,za_mala_probka_sprzedazy
2026-09-05T14:45:32+00:00,9897129868,Gengar s10a 074 PSA 10 - dark phantasma,https://www.vinted.pl/items/9897129868-gengar-s10a-074-psa-10-dark-phantasma,530.0,PLN,PSA 10,,,,,brak_ceny_referencyjnej
2026-09-05T14:45:33+00:00,9897111693,Hydreigon ex 169/086 BGS 10,https://www.vinted.pl/items/9897111693-hydreigon-ex-169086-bgs-10,1528.37,PLN,BGS 10,449.99,1,,1.00,za_mala_probka_sprzedazy
2026-09-05T15:01:04+00:00,9897436710,Oricorio Ex psa 9,https://www.vinted.pl/items/9897436710-oricorio-ex-psa-9,162.39,PLN,PSA 9,15.08,23,-190.1,1.00,poza_zakresem_rabatu
2026-09-05T15:01:04+00:00,9897326421,Eevee masterball Reverse Holo psa 10,https://www.vinted.pl/items/9897326421-eevee-masterball-reverse-holo-psa-10,599.0,PLN,PSA 10,253.50,65,36.4,0.50,wyslano_na_discord
2026-09-05T15:01:04+00:00,9897304219,Raichu masterball Reverse Holo psa 10,https://www.vinted.pl/items/9897304219-raichu-masterball-reverse-holo-psa-10,489.0,PLN,PSA 10,,,,,brak_ceny_referencyjnej
2026-09-05T15:01:05+00:00,9897282389,Squirtle Masterball Reverse Holo psa 10,https://www.vinted.pl/items/9897282389-squirtle-masterball-reverse-holo-psa-10,599.0,PLN,PSA 10,2700.00,4,94.0,0.50,poza_zakresem_rabatu
2026-09-05T15:30:47+00:00,9897920783,Pokemon Lugia 14/132 Diamond & Pearl Secret Wonders Holo Rare 2007 ENG,https://www.vinted.pl/items/9897920783-pokemon-lugia-14132-diamond-pearl-secret-wonders-holo-rare-2007-eng,390.0,PLN,,,,,,brak_gradingu_w_tytule_ani_opisie
2026-09-05T15:30:49+00:00,9897884016,Pokemon Jirachi ex 94/100 EX Crystal Guardians Ultra Rare Holo 2006 ENG,https://www.vinted.pl/items/9897884016-pokemon-jirachi-ex-94100-ex-crystal-guardians-ultra-rare-holo-2006-eng,799.0,PLN,,,,,,brak_gradingu_w_tytule_ani_opisie
2026-09-05T15:30:49+00:00,9897836736,1998 Japanese Vending Series III #55 Golduck PSA 8,https://www.vinted.pl/items/9897836736-1998-japanese-vending-series-iii-55-golduck-psa-8,218.34,PLN,PSA 8,,,,,brak_ceny_referencyjnej
2026-09-05T15:30:51+00:00,9897919181,1998 Japanese Vending Series I #16 Pidgey CGC 8.5,https://www.vinted.pl/items/9897919181-1998-japanese-vending-series-i-16-pidgey-cgc-85,327.51,PLN,CGC 8.5,,,,,brak_ceny_referencyjnej
2026-09-05T16:01:10+00:00,9898358995,1999 Base Set Pokemon Shadowless #47 Diglet CGC 8.5,https://www.vinted.pl/items/9898358995-1999-base-set-pokemon-shadowless-47-diglet-cgc-85,131.0,PLN,CGC 8.5,,,,,brak_ceny_referencyjnej
2026-09-05T16:30:46+00:00,9898682743,Pokemon clefairy psa 9 Low Pop!,https://www.vinted.pl/items/9898682743-pokemon-clefairy-psa-9-low-pop,1314.55,PLN,PSA 9,9.99,1,,0.67,za_mala_probka_sprzedazy
2026-09-05T16:45:33+00:00,9898839676,Black Bolt Booster Bundle Booster Boxes,https://www.vinted.pl/items/9898839676-black-bolt-booster-bundle-booster-boxes,420.0,PLN,PSA 10,,,,,brak_ceny_referencyjnej
2026-09-05T16:45:34+00:00,9898897526,"2019 Pokemon Hidden Fates, Moltres & Zapdos & Articuno GX BGS 9.5",https://www.vinted.pl/items/9898897526-2019-pokemon-hidden-fates-moltres-zapdos-articuno-gx-bgs-95,1288.2,PLN,BGS 9.5,80.00,5,-333.7,0.86,poza_zakresem_rabatu
2026-09-05T17:15:37+00:00,9899338360,Mega charizard x ex 023 Pokemon Beckett .2,https://www.vinted.pl/items/9899338360-mega-charizard-x-ex-023-pokemon-beckett-2,589.11,PLN,,,,,,brak_gradingu_w_tytule_ani_opisie
2026-09-05T17:15:38+00:00,9899319108,Mega Charizard x ex 023 Pokemon Beckett  .1,https://www.vinted.pl/items/9899319108-mega-charizard-x-ex-023-pokemon-beckett-1,589.11,PLN,,,,,,brak_gradingu_w_tytule_ani_opisie
2026-09-05T17:30:45+00:00,9899456951,Pokemon Jasmine’s gaze PSA 10 🇯🇵,https://www.vinted.pl/items/9899456951-pokemon-jasmines-gaze-psa-10,233.7,PLN,PSA 10,79.99,121,21.3,1.00,wyslano_na_discord
2026-09-05T17:30:45+00:00,9899423759,Ceruledge PSA 10 🇯🇵 Pokemon,https://www.vinted.pl/items/9899423759-ceruledge-psa-10-pokemon,175.27,PLN,PSA 10,149.99,438,68.5,1.00,poza_zakresem_rabatu
2026-09-05T17:45:33+00:00,9899637159,"Pokemon TCG Team Rockets Mewtwo ex Dri 231/182 , PSA 10?",https://www.vinted.pl/items/9899637159-pokemon-tcg-team-rockets-mewtwo-ex-dri-231182-psa-10,2300.0,PLN,PSA 10,1300.00,1016,52.3,0.62,poza_zakresem_rabatu
2026-09-05T18:15:37+00:00,9899982611,Maushold karta pokemon jp psa 10,https://www.vinted.pl/items/9899982611-maushold-karta-pokemon-jp-psa-10,500.0,PLN,PSA 10,155.50,15,13.4,0.50,wyslano_na_discord
2026-09-05T18:15:38+00:00,9899958416,Evelyn trainer karta pokemon trenerka,https://www.vinted.pl/items/9899958416-evelyn-trainer-karta-pokemon-trenerka,300.0,PLN,,,,,,brak_gradingu_w_tytule_ani_opisie
2026-09-05T18:15:40+00:00,9899947829,Nita trainer karta pokemon trenerka,https://www.vinted.pl/items/9899947829-nita-trainer-karta-pokemon-trenerka,300.0,PLN,PSA 9,,,,,brak_ceny_referencyjnej
2026-09-05T18:30:50+00:00,9900246398,PSA 10 Mew Evolutions Reverse Holo,https://www.vinted.pl/items/9900246398-psa-10-mew-evolutions-reverse-holo,2921.22,PLN,PSA 10,1307.00,32,39.8,1.00,wyslano_na_discord
2026-09-05T18:30:52+00:00,9900144134,1 froslass prealese stamped promo,https://www.vinted.pl/items/9900144134-1-froslass-prealese-stamped-promo,55.0,PLN,,,,,,brak_gradingu_w_tytule_ani_opisie
2026-09-05T18:30:52+00:00,9900139944,PSA 10 - Espeon EX,https://www.vinted.pl/items/9900139944-psa-10-espeon-ex,1384.16,PLN,PSA 10,129.99,385,-186.8,1.00,poza_zakresem_rabatu
2026-09-05T18:45:32+00:00,9900326767,Arven's Mabosstiff ex 235/182 BGS 9.5,https://www.vinted.pl/items/9900326767-arvens-mabosstiff-ex-235182-bgs-95,257.64,PLN,BGS 9.5,34.50,2,,1.00,za_mala_probka_sprzedazy
2026-09-05T19:00:56+00:00,9900504151,Mew southern islands,https://www.vinted.pl/items/9900504151-mew-southern-islands,2103.28,PLN,PSA 10,,,,,brak_ceny_referencyjnej
2026-09-05T19:15:33+00:00,9900671781,1999 Pokemon TCG Jungle Pikachu 1st Edition 60/64 PSA 9,https://www.vinted.pl/items/9900671781-1999-pokemon-tcg-jungle-pikachu-1st-edition-6064-psa-9,742.35,PLN,PSA 9,,,,,brak_ceny_referencyjnej
2026-09-05T19:15:33+00:00,9900617990,Pokémon 2019 Solgaleo & Lunala GX Rainbow Secret Cosmic Eclipse 254/236 Psa 9,https://www.vinted.pl/items/9900617990-pokemon-2019-solgaleo-lunala-gx-rainbow-secret-cosmic-eclipse-254236-psa-9,633.18,PLN,PSA 9,,,,,brak_ceny_referencyjnej
2026-09-05T20:00:58+00:00,9901062264,Raichu Pokemon kort,https://www.vinted.pl/items/9901062264-raichu-pokemon-kort,467.39,PLN,,,,,,brak_gradingu_w_tytule_ani_opisie
2026-09-05T20:00:59+00:00,9900995579,Nessa pokémon bgs 9 graded card 2022 lost origin tg27/tg30,https://www.vinted.pl/items/9900995579-nessa-pokemon-bgs-9-graded-card-2022-lost-origin-tg27tg30,120.36,PLN,BGS 9,,,,,brak_ceny_referencyjnej
2026-09-05T20:15:35+00:00,9901193164,Snorlax 50/68 - Hidden Fates Pokémon Sun & Moon,https://www.vinted.pl/items/9901193164-snorlax-5068-hidden-fates-pokemon-sun-moon,23.17,PLN,,,,,,brak_gradingu_w_tytule_ani_opisie
2026-09-05T20:15:36+00:00,9901172073,Pikachu 19/68 - Hidden Fates Pokémon Sun & Moon  ,https://www.vinted.pl/items/9901172073-pikachu-1968-hidden-fates-pokemon-sun-moon,11.39,PLN,,,,,,brak_gradingu_w_tytule_ani_opisie
2026-09-05T21:15:33+00:00,9901658506,Pokemon White Flair binder med kort samt Black Bolt,https://www.vinted.pl/items/9901658506-pokemon-white-flair-binder-med-kort-samt-black-bolt,195.98,PLN,,,,,,brak_gradingu_w_tytule_ani_opisie
2026-09-05T21:30:56+00:00,9901765497,Pokémon Snorlax SWSH068 Prerelease Promo - Beckett BGS 9.5 Gem Mint,https://www.vinted.pl/items/9901765497-pokemon-snorlax-swsh068-prerelease-promo-beckett-bgs-95-gem-mint,432.01,PLN,BGS 9.5,,,,,brak_ceny_referencyjnej
2026-09-05T21:45:35+00:00,9901822538,Pokémon Gengar TG06/TG30,https://www.vinted.pl/items/9901822538-pokemon-gengar-tg06tg30,314.19,PLN,BGS 9,,,,,brak_ceny_referencyjnej
2026-09-05T21:45:36+00:00,9901792559,gengar swsh241 [[Promo]],https://www.vinted.pl/items/9901792559-gengar-swsh241-promo,432.01,PLN,,,,,,brak_gradingu_w_tytule_ani_opisie
2026-09-05T22:01:00+00:00,9901923099,2021 Pokemon Sword & Shield Evolving Skies #051 Jolteon PSA 10,https://www.vinted.pl/items/9901923099-2021-pokemon-sword-shield-evolving-skies-051-jolteon-psa-10,721.56,PLN,PSA 10,338.00,1,,0.29,za_mala_probka_sprzedazy
2026-09-05T22:10:07+00:00,9901965781,Mega Dream #199 Psyduck PSA 8,https://www.vinted.pl/items/9901965781-mega-dream-199-psyduck-psa-8,216.34,PLN,PSA 8,18.29,26,-218.6,0.50,poza_zakresem_rabatu
2026-09-05T22:30:50+00:00,9902073295,Pokémon Hilda #173/086 – PSA 10 Gem Mint,https://www.vinted.pl/items/9902073295-pokemon-hilda-173086-psa-10-gem-mint,525.23,PLN,PSA 10,,,,,brak_ceny_referencyjnej
2026-09-05T22:30:50+00:00,9902047111,Pokémon Jacinthe #122/088 – PSA 10 gem mint,https://www.vinted.pl/items/9902047111-pokemon-jacinthe-122088-psa-10-gem-mint,525.23,PLN,PSA 10,,,,,brak_ceny_referencyjnej
2026-09-05T22:45:33+00:00,9902141148,Pokémon Mewtwo V #SWSH229 – PSA 8 NM-MT,https://www.vinted.pl/items/9902141148-pokemon-mewtwo-v-swsh229-psa-8-nm-mt,102.24,PLN,PSA 8,,,,,brak_ceny_referencyjnej
2026-09-05T22:45:33+00:00,9902131448,Pokémon Old Maid Pikachu – PSA 10 Gem Mint,https://www.vinted.pl/items/9902131448-pokemon-old-maid-pikachu-psa-10-gem-mint,233.7,PLN,PSA 10,,,,,brak_ceny_referencyjnej
2026-09-05T22:45:33+00:00,9902119920,Pokémon Mega Venusaur ex #076/063 – PSA 10 gem mint,https://www.vinted.pl/items/9902119920-pokemon-mega-venusaur-ex-076063-psa-10-gem-mint,262.91,PLN,PSA 10,,,,,brak_ceny_referencyjnej
2026-09-05T22:45:34+00:00,9902103885,Pokémon Palpitoad #108/086 – PSA 9 MINT,https://www.vinted.pl/items/9902103885-pokemon-palpitoad-108086-psa-9-mint,146.06,PLN,PSA 9,,,,,brak_ceny_referencyjnej
2026-09-05T23:00:57+00:00,9902200043,Pokémon Jolteon V #177/203 – PSA 8 NM-MT,https://www.vinted.pl/items/9902200043-pokemon-jolteon-v-177203-psa-8-nm-mt,116.26,PLN,PSA 8,,,,,brak_ceny_referencyjnej
2026-09-05T23:00:57+00:00,9902190006,Pokémon Mega Abomasnow ex #157/132 – PSA 10 Gem Mint,https://www.vinted.pl/items/9902190006-pokemon-mega-abomasnow-ex-157132-psa-10-gem-mint,189.88,PLN,PSA 10,,,,,brak_ceny_referencyjnej
2026-09-05T23:00:58+00:00,9902181804,Pokémon Clobbopus #207/191 – PSA 9 MINT,https://www.vinted.pl/items/9902181804-pokemon-clobbopus-207191-psa-9-mint,87.64,PLN,PSA 9,,,,,brak_ceny_referencyjnej
2026-09-05T23:00:58+00:00,9902173925,Pokémon Drayton #232/191 – PSA 8 NM-MT,https://www.vinted.pl/items/9902173925-pokemon-drayton-232191-psa-8-nm-mt,192.8,PLN,PSA 8,,,,,brak_ceny_referencyjnej
2026-09-05T23:00:58+00:00,9902152947,Pokémon Reshiram #002/025 – PSA 8 NM-MT,https://www.vinted.pl/items/9902152947-pokemon-reshiram-002025-psa-8-nm-mt,87.64,PLN,PSA 8,126.25,4,81.3,0.17,poza_zakresem_rabatu
2026-09-05T23:15:35+00:00,9902234315,Pokémon Raikou #32/73 – PSA 9 MINT,https://www.vinted.pl/items/9902234315-pokemon-raikou-3273-psa-9-mint,116.26,PLN,PSA 9,,,,,brak_ceny_referencyjnej
2026-09-05T23:15:35+00:00,9902231498,Pokémon Pecharunt #149 – PSA 9 MINT,https://www.vinted.pl/items/9902231498-pokemon-pecharunt-149-psa-9-mint,102.24,PLN,PSA 9,16.50,5,-66.9,0.33,poza_zakresem_rabatu
2026-09-05T23:15:36+00:00,9902218828,Pokémon Victini #208 – PSA 8 NM-MT,https://www.vinted.pl/items/9902218828-pokemon-victini-208-psa-8-nm-mt,131.45,PLN,PSA 8,,,,,brak_ceny_referencyjnej
2026-09-05T23:15:36+00:00,9902209393,Pokémon Marshadow #45/73 – PSA 7 NM,https://www.vinted.pl/items/9902209393-pokemon-marshadow-4573-psa-7-nm,57.84,PLN,PSA 7,,,,,brak_ceny_referencyjnej
2026-09-06T00:15:31+00:00,9902383554,Charizard Hidden Fates PSA 9,https://www.vinted.pl/items/9902383554-charizard-hidden-fates-psa-9,2400.0,PLN,PSA 9,611.50,113,-5.7,1.00,poza_zakresem_rabatu
2026-09-06T01:30:43+00:00,9902557445,Japansk Meowth #192 Promo PSA 8,https://www.vinted.pl/items/9902557445-japansk-meowth-192-promo-psa-8,175.27,PLN,PSA 8,22.50,2,,0.50,za_mala_probka_sprzedazy
2026-09-06T06:30:45+00:00,9903113990,Charizard psa 10,https://www.vinted.pl/items/9903113990-charizard-psa-10,525.82,PLN,PSA 10,500.00,40,71.7,1.00,poza_zakresem_rabatu
2026-09-06T07:01:00+00:00,9903279447,Pokemon kartička shedinja 144/132,https://www.vinted.pl/items/9903279447-pokemon-karticka-shedinja-144132,21.79,PLN,PSA 10,,,,,brak_ceny_referencyjnej
2026-09-06T07:01:01+00:00,9903304338,Pokémon Brock’s Grit #74/108 – CGC 8 NM/MINT,https://www.vinted.pl/items/9903304338-pokemon-brocks-grit-74108-cgc-8-nmmint,81.21,PLN,CGC 8,,,,,brak_ceny_referencyjnej
2026-09-06T08:15:36+00:00,9903887885,Vaporeon (SWSH182),https://www.vinted.pl/items/9903887885-vaporeon-swsh182,1577.46,PLN,PSA 10,,,,,brak_ceny_referencyjnej
2026-09-06T08:30:35+00:00,9903940881,Charizard PSA-9,https://www.vinted.pl/items/9903940881-charizard-psa-9,1266.37,PLN,PSA 9,61.99,30,-450.2,1.00,poza_zakresem_rabatu
2026-09-06T08:30:35+00:00,9903897391,Eevee masterball psa 10,https://www.vinted.pl/items/9903897391-eevee-masterball-psa-10,549.0,PLN,PSA 10,253.50,65,41.7,0.50,poza_zakresem_rabatu
2026-09-06T08:45:33+00:00,9904200068,Iono (Pal 269) PSA 9,https://www.vinted.pl/items/9904200068-iono-pal-269-psa-9,252.43,PLN,PSA 9,57.22,236,-18.8,0.67,poza_zakresem_rabatu
2026-09-06T08:45:34+00:00,9904128138,Pikachu 291/sv-p gym,https://www.vinted.pl/items/9904128138-pikachu-291sv-p-gym,204.3,PLN,,,,,,brak_gradingu_w_tytule_ani_opisie
2026-09-06T09:01:02+00:00,9904402729,Sylveon V (Alternate Full Art),https://www.vinted.pl/items/9904402729-sylveon-v-alternate-full-art,90.22,PLN,,,,,,brak_gradingu_w_tytule_ani_opisie
2026-09-06T09:01:03+00:00,9904395147,Charizard ex (PAF 234) psa 9,https://www.vinted.pl/items/9904395147-charizard-ex-paf-234-psa-9,1200.0,PLN,PSA 9,4500.00,47,92.8,0.50,poza_zakresem_rabatu
2026-09-06T09:01:05+00:00,9904329100,Pokemon - Magneton Holo Base Set 1996!,https://www.vinted.pl/items/9904329100-pokemon-magneton-holo-base-set-1996,1790.38,PLN,,,,,,brak_gradingu_w_tytule_ani_opisie
2026-09-06T09:30:46+00:00,9904708523,1x mega Dream ex booster boks,https://www.vinted.pl/items/9904708523-1x-mega-dream-ex-booster-boks,437.6,PLN,PSA 10,,,,,brak_ceny_referencyjnej
2026-09-06T09:45:32+00:00,9904907079,Glaceon PSA 8 Prismatic Evolutions SIR Glaceon,https://www.vinted.pl/items/9904907079-glaceon-psa-8-prismatic-evolutions-sir-glaceon,739.9,PLN,PSA 8,,,,,brak_ceny_referencyjnej
2026-09-06T10:00:56+00:00,9905210832,Svítící stojánek Pokemon karty PSA,https://www.vinted.pl/items/9905210832-svitici-stojanek-pokemon-karty-psa,81.2,PLN,,,,,,brak_gradingu_w_tytule_ani_opisie
2026-09-06T10:15:33+00:00,9905413396,Karta pokemon,https://www.vinted.pl/items/9905413396-karta-pokemon,500.0,PLN,,,,,,brak_gradingu_w_tytule_ani_opisie
2026-09-06T10:15:34+00:00,9905405437,Karta pokemon,https://www.vinted.pl/items/9905405437-karta-pokemon,100.0,PLN,,,,,,brak_gradingu_w_tytule_ani_opisie
2026-09-06T10:15:36+00:00,9905375246,Pikachu,https://www.vinted.pl/items/9905375246-pikachu,200.0,PLN,,,,,,brak_gradingu_w_tytule_ani_opisie
2026-09-06T10:30:46+00:00,9905588078,Pokémon skickas efter betalning,https://www.vinted.pl/items/9905588078-pokemon-skickas-efter-betalning,1963.7,PLN,,,,,,brak_gradingu_w_tytule_ani_opisie
2026-09-06T10:45:35+00:00,9902311932,Surfing Pikachu Vmax Cel 009 PSA 10 celebrations karty pokemon cards,https://www.vinted.pl/items/9902311932-surfing-pikachu-vmax-cel-009-psa-10-celebrations-karty-pokemon-cards,700.0,PLN,PSA 10,83.00,823,-127.2,0.67,poza_zakresem_rabatu
2026-09-06T10:45:35+00:00,9905813873,Victini #208 Promo Psa 7!,https://www.vinted.pl/items/9905813873-victini-208-promo-psa-7,82.93,PLN,PSA 7,14.50,14,-54.0,1.00,poza_zakresem_rabatu
2026-09-06T11:15:34+00:00,9906350048,Pokémon skickas efter betalning,https://www.vinted.pl/items/9906350048-pokemon-skickas-efter-betalning,1963.7,PLN,,,,,,brak_gradingu_w_tytule_ani_opisie
2026-09-06T11:15:35+00:00,9902315347,Victini Svp 208 psa 10 promo full art karty pokemon cards,https://www.vinted.pl/items/9902315347-victini-svp-208-psa-10-promo-full-art-karty-pokemon-cards,1400.0,PLN,PSA 10,256.00,466,-47.3,0.75,poza_zakresem_rabatu
2026-09-06T11:15:36+00:00,9906256751,Slowking sleeve med,https://www.vinted.pl/items/9906256751-slowking-sleeve-med,146.06,PLN,,,,,,brak_gradingu_w_tytule_ani_opisie
2026-09-06T11:15:38+00:00,9906215408,mewtwo vstar rainbow kommer med sleeve,https://www.vinted.pl/items/9906215408-mewtwo-vstar-rainbow-kommer-med-sleeve,146.06,PLN,PSA 8,230.00,27,82.9,0.12,poza_zakresem_rabatu
2026-09-06T11:30:45+00:00,9906607436,Charizard VMax (SWSH 261) psa9,https://www.vinted.pl/items/9906607436-charizard-vmax-swsh-261-psa9,385.0,PLN,PSA 9,75.00,303,-38.3,0.75,poza_zakresem_rabatu
2026-09-06T11:45:32+00:00,9906816299,Pikachu 001/SV-P PSA 9,https://www.vinted.pl/items/9906816299-pikachu-001sv-p-psa-9,292.12,PLN,PSA 9,140.00,48,43.8,0.50,poza_zakresem_rabatu
2026-09-06T11:45:34+00:00,9906763755,N's zoroark,https://www.vinted.pl/items/9906763755-ns-zoroark,210.0,PLN,PSA 9,,,,,brak_ceny_referencyjnej
2026-09-06T11:45:34+00:00,9906655237,2025 PSA 10 Dewgong M2 japoński Team Rockets,https://www.vinted.pl/items/9906655237-2025-psa-10-dewgong-m2-japonski-team-rockets,250.0,PLN,PSA 10,,,,,brak_ceny_referencyjnej
2026-09-06T12:01:00+00:00,9907063024,Piplub psa 10,https://www.vinted.pl/items/9907063024-piplub-psa-10,321.33,PLN,PSA 10,,,,,brak_ceny_referencyjnej
2026-09-06T12:01:00+00:00,9907027506,"Pokemon kort, Dark Arbok - Holo - 1st edition - PSA 4 - 2000",https://www.vinted.pl/items/9907027506-pokemon-kort-dark-arbok-holo-1st-edition-psa-4-2000,111.01,PLN,PSA 4,,,,,brak_ceny_referencyjnej
2026-09-06T12:15:34+00:00,9907268976,Mewtwo & Mew GX 052/173 – PSA 9 MINT – Tag Team GX All Stars Japanese,https://www.vinted.pl/items/9907268976-mewtwo-mew-gx-052173-psa-9-mint-tag-team-gx-all-stars-japanese,655.02,PLN,PSA 9,27.75,17,-535.8,0.20,poza_zakresem_rabatu
2026-09-06T12:15:34+00:00,9907229168,Team Rocket’s Mimikyu 205/193 AR – PSA 10,https://www.vinted.pl/items/9907229168-team-rockets-mimikyu-205193-ar-psa-10,524.01,PLN,PSA 10,3999.00,3,96.5,0.43,poza_zakresem_rabatu
2026-09-06T12:20:33+00:00,9907338294,PSA 9 Snorlax (LOR TG10) Lost Origin - Singles,https://www.vinted.pl/items/9907338294-psa-9-snorlax-lor-tg10-lost-origin-singles,275.0,PLN,PSA 9,,,,,brak_ceny_referencyjnej
2026-09-06T12:30:51+00:00,9907490604,Kindler 179/172 Pokemonkort - Brilliant Stars,https://www.vinted.pl/items/9907490604-kindler-179172-pokemonkort-brilliant-stars,58.91,PLN,PSA 9,19.99,9,20.6,0.10,wyslano_na_discord
2026-09-06T12:30:51+00:00,9907484342,Charmander 001/034 - PSA 10 - Trading Card Game Classic,https://www.vinted.pl/items/9907484342-charmander-001034-psa-10-trading-card-game-classic,555.03,PLN,PSA 10,78.41,89,-90.7,1.00,poza_zakresem_rabatu
2026-09-06T12:45:36+00:00,9907662514,Pokémon Jungle 1999 – 31 vintage kartica – English Unlimited,https://www.vinted.pl/items/9907662514-pokemon-jungle-1999-31-vintage-kartica-english-unlimited,152.84,PLN,PSA 6,,,,,brak_ceny_referencyjnej
2026-09-06T12:45:40+00:00,9907686477,Pokémon Slab 9.5 BGS Eevee 078/066 Beckett,https://www.vinted.pl/items/9907686477-pokemon-slab-95-bgs-eevee-078066-beckett,365.0,PLN,BGS 9.5,,,,,brak_ceny_referencyjnej
2026-09-06T12:45:40+00:00,9907647511,Pokémon Slab Beckett BGS 9.5 Eevee 078/066 AR,https://www.vinted.pl/items/9907647511-pokemon-slab-beckett-bgs-95-eevee-078066-ar,375.0,PLN,BGS 9.5,,,,,brak_ceny_referencyjnej
2026-09-06T13:30:47+00:00,9908421378,Persian 078/064 Shrouded Fable PSA 10 Pokemonkort,https://www.vinted.pl/items/9908421378-persian-078064-shrouded-fable-psa-10-pokemonkort,1178.22,PLN,PSA 10,290.00,282,-9.4,0.83,poza_zakresem_rabatu
2026-09-06T13:30:49+00:00,9908334427,Iron Valiant ex #261,https://www.vinted.pl/items/9908334427-iron-valiant-ex-261,110.0,PLN,PSA 9,17.00,28,-74.3,0.67,poza_zakresem_rabatu
2026-09-06T13:45:34+00:00,9908619514,"Whimsicott ex 167/086 BGS 9.5
Beckett - BGS 9.5
Posielam dôsledne zabalené
Edícia",https://www.vinted.pl/items/9908619514-whimsicott-ex-167086-bgs-95-beckett-bgs-95-posielam-dosledne-zabalene-edicia,161.57,PLN,BGS 9.5,35.00,2,,0.38,za_mala_probka_sprzedazy
2026-09-06T14:00:59+00:00,9909095432,Pokémon Zacian (PFL 100) Oryginalna Karta TCG,https://www.vinted.pl/items/9909095432-pokemon-zacian-pfl-100-oryginalna-karta-tcg,22.0,PLN,,,,,,brak_gradingu_w_tytule_ani_opisie
2026-09-06T14:01:00+00:00,9909076572,Pokémon Pawmi (PAF 226) Oryginalna Karta TCG,https://www.vinted.pl/items/9909076572-pokemon-pawmi-paf-226-oryginalna-karta-tcg,19.0,PLN,,,,,,brak_gradingu_w_tytule_ani_opisie
2026-09-06T14:01:02+00:00,9908967619,"2021 UPC Metal Charizard, signed by Mitsuhiro Arita, dual PSA-graded",https://www.vinted.pl/items/9908967619-2021-upc-metal-charizard-signed-by-mitsuhiro-arita-dual-psa-graded,5891.1,PLN,,,,,,brak_gradingu_w_tytule_ani_opisie
2026-09-06T14:15:43+00:00,9909343815,Pokémon Snover #1 (MEG 140) Oryginalna Karta TCG,https://www.vinted.pl/items/9909343815-pokemon-snover-1-meg-140-oryginalna-karta-tcg,15.0,PLN,,,,,,brak_gradingu_w_tytule_ani_opisie
2026-09-06T14:15:45+00:00,9909324575,Pokémon Poltchageist  (TWM 171) Oryginalna Karta TCG,https://www.vinted.pl/items/9909324575-pokemon-poltchageist-twm-171-oryginalna-karta-tcg,18.0,PLN,,,,,,brak_gradingu_w_tytule_ani_opisie
2026-09-06T14:15:47+00:00,9909257533,Pokémon Chespin  #1 (M4 084) Oryginalna Karta TCG,https://www.vinted.pl/items/9909257533-pokemon-chespin-1-m4-084-oryginalna-karta-tcg,19.0,PLN,,,,,,brak_gradingu_w_tytule_ani_opisie
2026-09-06T14:15:48+00:00,9909233595,Pokémon Thievul #1 (M5 089) Oryginalna Karta TCG,https://www.vinted.pl/items/9909233595-pokemon-thievul-1-m5-089-oryginalna-karta-tcg,14.0,PLN,,,,,,brak_gradingu_w_tytule_ani_opisie
2026-09-06T14:15:49+00:00,9909196616,Pokémon Eevee ex (PRE 075) Oryginalna Karta TCG,https://www.vinted.pl/items/9909196616-pokemon-eevee-ex-pre-075-oryginalna-karta-tcg,35.0,PLN,,,,,,brak_gradingu_w_tytule_ani_opisie
2026-09-06T14:15:51+00:00,9909179616,Pokémon Gengar ex (TEF 104) Oryginalna Karta TCG,https://www.vinted.pl/items/9909179616-pokemon-gengar-ex-tef-104-oryginalna-karta-tcg,30.0,PLN,,,,,,brak_gradingu_w_tytule_ani_opisie
2026-09-06T14:15:52+00:00,9909163413,Pokémon Toxtricity (PFL 103) Oryginalna Karta TCG,https://www.vinted.pl/items/9909163413-pokemon-toxtricity-pfl-103-oryginalna-karta-tcg,14.0,PLN,,,,,,brak_gradingu_w_tytule_ani_opisie
2026-09-06T14:30:51+00:00,9909584909,Pokémon persian unseen forces psa 7,https://www.vinted.pl/items/9909584909-pokemon-persian-unseen-forces-psa-7,589.11,PLN,PSA 7,,,,,brak_ceny_referencyjnej
2026-09-06T14:30:52+00:00,9902314169,Gardevoir ex Svi 245 PSA 10 sir karty pokemon cards,https://www.vinted.pl/items/9902314169-gardevoir-ex-svi-245-psa-10-sir-karty-pokemon-cards,1350.0,PLN,PSA 10,229.95,106,-58.1,0.60,poza_zakresem_rabatu
2026-09-06T14:45:35+00:00,9909849656,2025 Mega Charizard #013 JPN,https://www.vinted.pl/items/9909849656-2025-mega-charizard-013-jpn,315.76,PLN,PSA 10,2610.00,163,96.7,0.40,poza_zakresem_rabatu
2026-09-06T15:01:01+00:00,9910115817,JPN Pokemon Jolteon #209,https://www.vinted.pl/items/9910115817-jpn-pokemon-jolteon-209,478.15,PLN,PSA 10,597.00,293,78.4,0.20,poza_zakresem_rabatu
2026-09-06T15:01:03+00:00,9910093870,JPN Pokemon Flareon #202,https://www.vinted.pl/items/9910093870-jpn-pokemon-flareon-202,496.19,PLN,PSA 10,620.00,288,78.4,0.20,poza_zakresem_rabatu
2026-09-06T15:01:04+00:00,9910032763,Pokemon JPN Charizard #103,https://www.vinted.pl/items/9910032763-pokemon-jpn-charizard-103,2706.51,PLN,PSA 10,500.00,40,-45.8,0.33,poza_zakresem_rabatu
2026-09-06T15:01:06+00:00,9909968964,My first battle pokemon 2023,https://www.vinted.pl/items/9909968964-my-first-battle-pokemon-2023,135.37,PLN,,,,,,brak_gradingu_w_tytule_ani_opisie
2026-09-06T15:15:33+00:00,9910425412,PSA 10 Leafeon #GG35,https://www.vinted.pl/items/9910425412-psa-10-leafeon-gg35,934.79,PLN,PSA 10,62.50,6,-302.9,0.50,poza_zakresem_rabatu
2026-09-06T15:15:34+00:00,9910363158,PSA 10 keldeo #167,https://www.vinted.pl/items/9910363158-psa-10-keldeo-167,934.79,PLN,PSA 10,197.75,263,-27.3,1.00,poza_zakresem_rabatu
2026-09-06T15:15:35+00:00,9910264322,Tandemaus and Maushold collection,https://www.vinted.pl/items/9910264322-tandemaus-and-maushold-collection,11.68,PLN,,,,,,brak_gradingu_w_tytule_ani_opisie
2026-09-06T15:30:51+00:00,9910717826,Ferroseed illustration rare 148/086 White Flare - Scarlet & Violet,https://www.vinted.pl/items/9910717826-ferroseed-illustration-rare-148086-white-flare-scarlet-violet,31.03,PLN,PSA 10,,,,,brak_ceny_referencyjnej
2026-09-06T15:30:53+00:00,9910711765,550+ Pokemon Code cards (unused) no. 2,https://www.vinted.pl/items/9910711765-550-pokemon-code-cards-unused-no-2,75.37,PLN,,,,,,brak_gradingu_w_tytule_ani_opisie
2026-09-06T15:30:56+00:00,9910674464,Durant illustration rare 150/086 White Flare - Scarlet & Violet,https://www.vinted.pl/items/9910674464-durant-illustration-rare-150086-white-flare-scarlet-violet,50.66,PLN,PSA 10,,,,,brak_ceny_referencyjnej
2026-09-06T15:30:57+00:00,9910656410,550+ Pokemon Code cards (unused) no.1,https://www.vinted.pl/items/9910656410-550-pokemon-code-cards-unused-no1,75.37,PLN,,,,,,brak_gradingu_w_tytule_ani_opisie
2026-09-06T15:30:59+00:00,9910621496,Whirlipede illustration rare 133/086 Black Bolt - Scarlet & Violet,https://www.vinted.pl/items/9910621496-whirlipede-illustration-rare-133086-black-bolt-scarlet-violet,29.46,PLN,PSA 10,,,,,brak_ceny_referencyjnej
2026-09-06T15:30:59+00:00,9910596789,PSA 10 moltres/zapdos/ articuno #SM210,https://www.vinted.pl/items/9910596789-psa-10-moltreszapdos-articuno-sm210,2336.97,PLN,PSA 10,420.00,874,-49.9,1.00,poza_zakresem_rabatu
2026-09-06T15:30:59+00:00,9910533133,PSA 10 Pikachu V #TG16,https://www.vinted.pl/items/9910533133-psa-10-pikachu-v-tg16,2336.97,PLN,PSA 10,191.25,812,-229.1,0.33,poza_zakresem_rabatu
2026-09-06T15:31:00+00:00,9910489779,PSA 10 Umbreon #17,https://www.vinted.pl/items/9910489779-psa-10-umbreon-17,2336.97,PLN,PSA 10,6000.00,2,,0.50,za_mala_probka_sprzedazy
2026-09-06T15:31:01+00:00,9910500841,Cyclizar ex 018 - Promo,https://www.vinted.pl/items/9910500841-cyclizar-ex-018-promo,5.84,PLN,,,,,,brak_gradingu_w_tytule_ani_opisie
2026-09-06T15:31:05+00:00,9910765246,N’s Plan 163/086 Black Bolt - Scarlet & Violet,https://www.vinted.pl/items/9910765246-ns-plan-163086-black-bolt-scarlet-violet,21.6,PLN,PSA 10,,,,,brak_ceny_referencyjnej
2026-09-06T15:40:38+00:00,9910946767,Caitlin (CRE 213),https://www.vinted.pl/items/9910946767-caitlin-cre-213,44.93,PLN,PSA 10,94.99,4,87.3,0.03,poza_zakresem_rabatu
2026-09-06T15:40:40+00:00,9910909507,Meowth Vmax (swsh005) stav: Ex,https://www.vinted.pl/items/9910909507-meowth-vmax-swsh005-stav-ex,28.69,PLN,PSA 10,,,,,brak_ceny_referencyjnej
2026-09-06T15:40:41+00:00,9910878891,Lance’s Charizard V (swsh133),https://www.vinted.pl/items/9910878891-lances-charizard-v-swsh133,44.93,PLN,PSA 10,,,,,brak_ceny_referencyjnej
2026-09-06T15:40:43+00:00,9910864884,Togetic (UNB 137) stav: LP,https://www.vinted.pl/items/9910864884-togetic-unb-137-stav-lp,12.45,PLN,PSA 10,,,,,brak_ceny_referencyjnej
2026-09-06T15:40:44+00:00,9910824099,Pikachu 291/sv-p gym,https://www.vinted.pl/items/9910824099-pikachu-291sv-p-gym,208.4,PLN,,,,,,brak_gradingu_w_tytule_ani_opisie
2026-09-06T15:40:46+00:00,9910825681,Golem (FO 36) 1st ed. Stav: Ex,https://www.vinted.pl/items/9910825681-golem-fo-36-1st-ed-stav-ex,26.88,PLN,PSA 10,372.50,24,98.1,0.02,poza_zakresem_rabatu
2026-09-06T15:40:48+00:00,9910809757,Garchomp EX special illustration rare 245/182 Paradox Rift - Scarlet & Violet,https://www.vinted.pl/items/9910809757-garchomp-ex-special-illustration-rare-245182-paradox-rift-scarlet-violet,156.7,PLN,PSA 10,,,,,brak_ceny_referencyjnej
2026-09-06T15:40:50+00:00,9910792830,Pokemon IR set,https://www.vinted.pl/items/9910792830-pokemon-ir-set,21.47,PLN,PSA 10,,,,,brak_ceny_referencyjnej
2026-09-06T15:45:38+00:00,9910997242,Pokemon Evolutions 27x stav: gd-nm,https://www.vinted.pl/items/9910997242-pokemon-evolutions-27x-stav-gd-nm,48.54,PLN,PSA 10,,,,,brak_ceny_referencyjnej
2026-09-06T15:45:40+00:00,9910977729,Garbodor (WHT 141),https://www.vinted.pl/items/9910977729-garbodor-wht-141,71.99,PLN,PSA 10,299.99,9,93.5,0.01,poza_zakresem_rabatu
2026-09-06T16:01:02+00:00,9911308437,Ethan’s pichu PSA 7,https://www.vinted.pl/items/9911308437-ethans-pichu-psa-7,90.0,PLN,PSA 7,,,,,brak_ceny_referencyjnej
2026-09-06T16:01:04+00:00,9911267793,Lapras ex 99/109 Holo - Vintage Pokemon Card - Ex Card - EX Ruby & Sapphire,https://www.vinted.pl/items/9911267793-lapras-ex-99109-holo-vintage-pokemon-card-ex-card-ex-ruby-sapphire,233.7,PLN,PSA 10,,,,,brak_ceny_referencyjnej
2026-09-06T16:01:04+00:00,9911257653,Iron Crown EX sir PSA 10 #206 Temporal Forces - Scarlet & Violet,https://www.vinted.pl/items/9911257653-iron-crown-ex-sir-psa-10-206-temporal-forces-scarlet-violet,863.64,PLN,PSA 10,160.00,241,-45.4,0.67,poza_zakresem_rabatu
2026-09-06T16:01:06+00:00,9911254062,Mc donald’s non holo cards 11x stav: Lp-Nm,https://www.vinted.pl/items/9911254062-mc-donalds-non-holo-cards-11x-stav-lp-nm,30.49,PLN,PSA 10,,,,,brak_ceny_referencyjnej
2026-09-06T16:01:10+00:00,9911207555,Lycanroc illustration rare 166/159 Journey Together - Scarlet & Violet,https://www.vinted.pl/items/9911207555-lycanroc-illustration-rare-166159-journey-together-scarlet-violet,19.24,PLN,PSA 10,,,,,brak_ceny_referencyjnej
2026-09-06T16:01:12+00:00,9911055571,Pikachu (SV-P 001) sealed,https://www.vinted.pl/items/9911055571-pikachu-sv-p-001-sealed,81.01,PLN,PSA 10,36.00,1,,0.01,za_mala_probka_sprzedazy
2026-09-06T16:15:38+00:00,9911590062,Ditto (Bulbasaur) 36/113 Delta Species,https://www.vinted.pl/items/9911590062-ditto-bulbasaur-36113-delta-species,467.39,PLN,PSA 10,1772.02,5,92.9,0.08,poza_zakresem_rabatu
2026-09-06T16:15:39+00:00,9911545427,Meltan&Melmetal Ex- stamped,https://www.vinted.pl/items/9911545427-meltanmelmetal-ex-stamped,26.88,PLN,PSA 10,,,,,brak_ceny_referencyjnej
2026-09-06T16:30:50+00:00,9911792745,Audino illustration rare 151/086 Black Bolt Pokemonkort,https://www.vinted.pl/items/9911792745-audino-illustration-rare-151086-black-bolt-pokemonkort,176.34,PLN,PSA 10,212.00,29,77.6,0.04,poza_zakresem_rabatu
2026-09-06T17:00:59+00:00,9912389108,6 x ex Pokemon,https://www.vinted.pl/items/9912389108-6-x-ex-pokemon,28.63,PLN,,,,,,brak_gradingu_w_tytule_ani_opisie
2026-09-06T17:01:03+00:00,9912346043,Pokémon Card Ampharos,https://www.vinted.pl/items/9912346043-pokemon-card-ampharos,189.51,PLN,PSA 10,,,,,brak_ceny_referencyjnej
2026-09-06T17:01:05+00:00,9912342817,6x ex Pokémon’s,https://www.vinted.pl/items/9912342817-6x-ex-pokemons,28.63,PLN,,,,,,brak_gradingu_w_tytule_ani_opisie
2026-09-06T17:01:05+00:00,9912324991,Deoxys psa 8,https://www.vinted.pl/items/9912324991-deoxys-psa-8,3505.46,PLN,PSA 8,,,,,brak_ceny_referencyjnej
2026-09-06T17:01:06+00:00,9912261063,Mega Absol ex 086/132 - !Play stamped,https://www.vinted.pl/items/9912261063-mega-absol-ex-086132-play-stamped,26.29,PLN,,,,,,brak_gradingu_w_tytule_ani_opisie
2026-09-06T17:01:08+00:00,9912224779,Stamped Toxtricity pfl 068/094 - Cosmic Holo,https://www.vinted.pl/items/9912224779-stamped-toxtricity-pfl-068094-cosmic-holo,11.68,PLN,,,,,,brak_gradingu_w_tytule_ani_opisie
2026-09-06T17:01:09+00:00,9912207719,Pokémon Card Aggrin V,https://www.vinted.pl/items/9912207719-pokemon-card-aggrin-v,265.97,PLN,PSA 10,,,,,brak_ceny_referencyjnej
2026-09-06T17:01:12+00:00,9912250249,koszulka piłkarska Tottenham opium vintage retro y2k oldschool skater drill 80's baggy alternative,https://www.vinted.pl/items/9912250249-koszulka-pilkarska-tottenham-opium-vintage-retro-y2k-oldschool-skater-drill-80s-baggy-alternative,119.0,PLN,,,,,,brak_gradingu_w_tytule_ani_opisie
2026-09-06T17:15:35+00:00,9912153188,Latios XY79 Pokemon Full Art Promo - Graded MINT 9.5🔥,https://www.vinted.pl/items/9912153188-latios-xy79-pokemon-full-art-promo-graded-mint-95,1500.0,PLN,,,,,,brak_gradingu_w_tytule_ani_opisie
2026-09-06T17:30:58+00:00,9912871162,6x ex Pokémon’s no.5,https://www.vinted.pl/items/9912871162-6x-ex-pokemons-no5,28.63,PLN,,,,,,brak_gradingu_w_tytule_ani_opisie
2026-09-06T17:31:00+00:00,9912820413,6x ex Pokémon’s no 4,https://www.vinted.pl/items/9912820413-6x-ex-pokemons-no-4,28.63,PLN,,,,,,brak_gradingu_w_tytule_ani_opisie
2026-09-06T17:31:01+00:00,9912686767,Pokémon Card Sliggoo,https://www.vinted.pl/items/9912686767-pokemon-card-sliggoo,189.51,PLN,PSA 10,,,,,brak_ceny_referencyjnej
2026-09-06T17:43:15+00:00,9913063385,Pikachu ex 276/217 (Treekachu) - ACE 10 (Perfect Subgrades) - Pokemonkort,https://www.vinted.pl/items/9913063385-pikachu-ex-276217-treekachu-ace-10-perfect-subgrades-pokemonkort,6283.45,PLN,,,,,,brak_gradingu_w_tytule_ani_opisie
2026-09-06T17:43:15+00:00,9913000674,Pokemon 2019 SM Team Up Latias & Latios GX Tag Team FA Holo 170/181 PSA 9,https://www.vinted.pl/items/9913000674-pokemon-2019-sm-team-up-latias-latios-gx-tag-team-fa-holo-170181-psa-9,31659.16,PLN,PSA 9,4975.00,31,-71.4,0.73,poza_zakresem_rabatu
2026-09-06T17:43:17+00:00,9912985841,Black belts training 255/217 - ASC,https://www.vinted.pl/items/9912985841-black-belts-training-255217-asc,9.06,PLN,,,,,,brak_gradingu_w_tytule_ani_opisie
2026-09-06T17:43:18+00:00,9912926983,8x Pokemon trainers,https://www.vinted.pl/items/9912926983-8x-pokemon-trainers,63.1,PLN,,,,,,brak_gradingu_w_tytule_ani_opisie
2026-09-06T17:45:37+00:00,9913135488,2022 Beckett (BGS 9.5 Gem Mint) Charizard VSTAR swsh262 Promo Card Pokemon,https://www.vinted.pl/items/9913135488-2022-beckett-bgs-95-gem-mint-charizard-vstar-swsh262-promo-card-pokemon,4192.07,PLN,BGS 9.5,699.99,9,-61.3,0.67,poza_zakresem_rabatu
2026-09-06T18:00:57+00:00,9913302047,Blastoise #9 PSA 9 Pokémon,https://www.vinted.pl/items/9913302047-blastoise-9-psa-9-pokemon,3930.1,PLN,PSA 9,25.00,145,-4134.3,0.33,poza_zakresem_rabatu
2026-09-06T18:00:57+00:00,9913190365,166/165 Bulbasaur PSA 9,https://www.vinted.pl/items/9913190365-166165-bulbasaur-psa-9,934.79,PLN,PSA 9,79.99,284,-214.8,1.00,poza_zakresem_rabatu
2026-09-06T18:15:35+00:00,9913574737,Giratina V (CS6bC 150),https://www.vinted.pl/items/9913574737-giratina-v-cs6bc-150,1768.26,PLN,PSA 10,89.99,5,-429.3,0.17,poza_zakresem_rabatu
2026-09-06T18:15:35+00:00,9913495997,Ditto (Pikachu) #63 Pokemon Delta Species  PSA 10,https://www.vinted.pl/items/9913495997-ditto-pikachu-63-pokemon-delta-species-psa-10,1812.21,PLN,PSA 10,3198.84,3,84.7,1.00,poza_zakresem_rabatu
2026-09-06T18:15:36+00:00,9913481504,Pokemon,https://www.vinted.pl/items/9913481504-pokemon,525.82,PLN,,,,,,brak_gradingu_w_tytule_ani_opisie
2026-09-06T18:15:38+00:00,9913457718,Mega Kangaskhan ex #89 Pokemon Japanese Mega Symphonia PSA 10,https://www.vinted.pl/items/9913457718-mega-kangaskhan-ex-89-pokemon-japanese-mega-symphonia-psa-10,502.18,PLN,PSA 10,150.00,500,9.8,0.50,wyslano_na_discord
2026-09-06T18:30:48+00:00,9913768764,Pokemon karta-card,https://www.vinted.pl/items/9913768764-pokemon-karta-card,131.0,PLN,PSA 10,,,,,brak_ceny_referencyjnej
2026-09-06T18:30:50+00:00,9913634908,Venusaur ex,https://www.vinted.pl/items/9913634908-venusaur-ex,1168.49,PLN,PSA 10,,,,,brak_ceny_referencyjnej
2026-09-06T18:30:51+00:00,9902310548,Zekrom Cel 114 Psa 10 celebrations karty pokemon cards,https://www.vinted.pl/items/9902310548-zekrom-cel-114-psa-10-celebrations-karty-pokemon-cards,750.0,PLN,PSA 10,120.00,360,-68.3,0.75,poza_zakresem_rabatu
2026-09-06T19:01:03+00:00,9914201275,Pikachu 197/sv-p PSA 9,https://www.vinted.pl/items/9914201275-pikachu-197sv-p-psa-9,164.7,PLN,PSA 9,140.00,48,68.3,0.50,poza_zakresem_rabatu
2026-09-06T19:01:05+00:00,9913915846,Gengar 284/217,https://www.vinted.pl/items/9913915846-gengar-284217,6676.58,PLN,PSA 10,2750.00,686,34.6,1.00,wyslano_na_discord
2026-09-06T19:01:08+00:00,9913906944,Pikachu 276/217,https://www.vinted.pl/items/9913906944-pikachu-276217,7069.32,PLN,PSA 10,2600.00,581,26.8,1.00,wyslano_na_discord
2026-09-06T19:01:09+00:00,9913803315,Jolteon CHR 193/184 – VMAX Climax S8b – Japanese Pokémon,https://www.vinted.pl/items/9913803315-jolteon-chr-193184-vmax-climax-s8b-japanese-pokemon,89.0,PLN,,,,,,brak_gradingu_w_tytule_ani_opisie
2026-09-06T19:01:11+00:00,9913749115,Vaporeon CHR 189/184 – VMAX Climax S8b – Japanese Pokémon,https://www.vinted.pl/items/9913749115-vaporeon-chr-189184-vmax-climax-s8b-japanese-pokemon,109.0,PLN,,,,,,brak_gradingu_w_tytule_ani_opisie
2026-09-06T19:01:12+00:00,9913695550,Flareon CHR 188/184 – VMAX Climax S8b – Japanese Pokémon,https://www.vinted.pl/items/9913695550-flareon-chr-188184-vmax-climax-s8b-japanese-pokemon,99.0,PLN,,,,,,brak_gradingu_w_tytule_ani_opisie
2026-09-06T19:01:14+00:00,9913086817,Eevee CHR 210/184 – VMAX Climax S8b – Japanese Pokémon,https://www.vinted.pl/items/9913086817-eevee-chr-210184-vmax-climax-s8b-japanese-pokemon,99.0,PLN,,,,,,brak_gradingu_w_tytule_ani_opisie
2026-09-06T19:01:16+00:00,9914169387,Flareon ex Pokemon Prismatic Evolutions SIR 146/131 Gem Mint Strong BGS 10,https://www.vinted.pl/items/9914169387-flareon-ex-pokemon-prismatic-evolutions-sir-146131-gem-mint-strong-bgs-10,14406.01,PLN,BGS 10,1663.61,2,,0.67,za_mala_probka_sprzedazy
2026-09-06T19:01:16+00:00,9914053660,BGS 10 Pokemon Promos Litten 044 Black Star Promo Stamped Holo English 2026,https://www.vinted.pl/items/9914053660-bgs-10-pokemon-promos-litten-044-black-star-promo-stamped-holo-english-2026,393.01,PLN,BGS 10,,,,,brak_ceny_referencyjnej
2026-09-06T19:01:17+00:00,9914007416,Beckett 6.5 (BGS 6.5) Pokemon Eevee Legendary Collection Reverse Holo 74,https://www.vinted.pl/items/9914007416-beckett-65-bgs-65-pokemon-eevee-legendary-collection-reverse-holo-74,3270.72,PLN,BGS 6.5,,,,,brak_ceny_referencyjnej
2026-09-06T19:15:33+00:00,9914283230,Pokemonkort - Dark Dragonite - Legendary Collection Reverse - Hill - Vintage PSA 5,https://www.vinted.pl/items/9914283230-pokemonkort-dark-dragonite-legendary-collection-reverse-hill-vintage-psa-5,3213.34,PLN,PSA 5,,,,,brak_ceny_referencyjnej
2026-09-06T19:15:37+00:00,9914223023,Mewtwo 151,https://www.vinted.pl/items/9914223023-mewtwo-151,3067.28,PLN,PSA 10,319.00,1,,0.06,za_mala_probka_sprzedazy
2026-09-06T19:15:41+00:00,9914272739,Latias & Latios GX (sm9 104) BGS 9,https://www.vinted.pl/items/9914272739-latias-latios-gx-sm9-104-bgs-9,330.0,PLN,BGS 9,,,,,brak_ceny_referencyjnej
2026-09-06T19:35:09+00:00,9914611977,PSA 10 - Eevee EX -223,https://www.vinted.pl/items/9914611977-psa-10-eevee-ex-223,686.06,PLN,PSA 10,30.00,1,,0.67,za_mala_probka_sprzedazy
2026-09-06T19:45:35+00:00,9914674154,Pokémon TCG Squirtle 148/142 – PSA 9 MINT,https://www.vinted.pl/items/9914674154-pokemon-tcg-squirtle-148142-psa-9-mint,600.0,PLN,PSA 9,,,,,brak_ceny_referencyjnej
2026-09-06T19:45:35+00:00,9914658857,Pokémon TCG Mega Lucario ex 179/132 – PSA 10 + Extended Art + Magnetic Etui + Podstawka,https://www.vinted.pl/items/9914658857-pokemon-tcg-mega-lucario-ex-179132-psa-10-extended-art-magnetic-etui-podstawka,2300.0,PLN,PSA 10,,,,,brak_ceny_referencyjnej
2026-09-06T19:45:35+00:00,9914634919,Pokémon TCG Mega Gardevoir ex 178/132 – PSA 9 MINT,https://www.vinted.pl/items/9914634919-pokemon-tcg-mega-gardevoir-ex-178132-psa-9-mint,900.0,PLN,PSA 9,,,,,brak_ceny_referencyjnej
2026-09-06T20:15:34+00:00,9914990087,Pokemon karta Charizard PSA 10,https://www.vinted.pl/items/9914990087-pokemon-karta-charizard-psa-10,1317.17,PLN,PSA 10,500.00,40,29.0,1.00,wyslano_na_discord
2026-09-06T20:30:48+00:00,9915148674,Charizard PSA 9,https://www.vinted.pl/items/9915148674-charizard-psa-9,2029.89,PLN,PSA 9,61.99,30,-782.0,1.00,poza_zakresem_rabatu
2026-09-06T20:45:33+00:00,9915324934,Pikachu japansk psa 9,https://www.vinted.pl/items/9915324934-pikachu-japansk-psa-9,292.12,PLN,PSA 9,86.00,1524,8.5,0.50,wyslano_na_discord
2026-09-06T20:45:33+00:00,9915298941,Suicune v japansk psa 9,https://www.vinted.pl/items/9915298941-suicune-v-japansk-psa-9,306.73,PLN,PSA 9,,,,,brak_ceny_referencyjnej
2026-09-06T20:45:34+00:00,9915252927,Pokémon Dialga LV.X DP37 – PSA 7 (Diamond & Pearl) - SWIRL,https://www.vinted.pl/items/9915252927-pokemon-dialga-lvx-dp37-psa-7-diamond-pearl-swirl,829.82,PLN,PSA 7,,,,,brak_ceny_referencyjnej
2026-09-06T21:01:01+00:00,9915372750,Pokemon kort Rocket’s Zapdos Celebrations PSA 9 Mint,https://www.vinted.pl/items/9915372750-pokemon-kort-rockets-zapdos-celebrations-psa-9-mint,292.12,PLN,PSA 9,21.40,151,-267.7,0.80,poza_zakresem_rabatu
2026-09-06T21:01:03+00:00,9914429437,4x Pokémon Graded card,https://www.vinted.pl/items/9914429437-4x-pokemon-graded-card,294.56,PLN,,,,,,brak_gradingu_w_tytule_ani_opisie
2026-09-06T21:15:34+00:00,9915502622,mew 040/100,https://www.vinted.pl/items/9915502622-mew-040100,80.0,PLN,PSA 10,67.00,96,67.8,0.50,poza_zakresem_rabatu
2026-09-06T21:15:35+00:00,9915484810,Greninja EX promo #132 - Scarlet & Violet,https://www.vinted.pl/items/9915484810-greninja-ex-promo-132-scarlet-violet,431.62,PLN,PSA 10,,,,,brak_ceny_referencyjnej
2026-09-06T22:30:49+00:00,9915886121,Gold Star Entei Holo #113 EX Unseen Forces English🔥,https://www.vinted.pl/items/9915886121-gold-star-entei-holo-113-ex-unseen-forces-english,2900.0,PLN,PSA 1,,,,,brak_ceny_referencyjnej
2026-09-07T06:01:09+00:00,9916978566,Shuppet 033/084 Reverse Holo,https://www.vinted.pl/items/9916978566-shuppet-033084-reverse-holo,4.32,PLN,,,,,,brak_gradingu_w_tytule_ani_opisie
2026-09-07T06:01:10+00:00,9916975446,Ivysaur PSA-10,https://www.vinted.pl/items/9916975446-ivysaur-psa-10,567.58,PLN,PSA 10,,,,,brak_ceny_referencyjnej
2026-09-07T06:01:10+00:00,9916956766,Charmeleon PSA-10,https://www.vinted.pl/items/9916956766-charmeleon-psa-10,480.26,PLN,PSA 10,76.56,58,-69.0,1.00,poza_zakresem_rabatu
2026-09-07T06:10:29+00:00,9917007225,Bagon 112/159,https://www.vinted.pl/items/9917007225-bagon-112159,4.32,PLN,,,,,,brak_gradingu_w_tytule_ani_opisie
2026-09-07T06:10:30+00:00,9917004710,Snorunt RC7/RC32,https://www.vinted.pl/items/9917004710-snorunt-rc7rc32,27.09,PLN,,,,,,brak_gradingu_w_tytule_ani_opisie
2026-09-07T06:10:31+00:00,9917000960,Snorunt 47/236,https://www.vinted.pl/items/9917000960-snorunt-47236,4.32,PLN,,,,,,brak_gradingu_w_tytule_ani_opisie
2026-09-07T06:10:33+00:00,9916995779,Pichu 59/106,https://www.vinted.pl/items/9916995779-pichu-59106,7.46,PLN,,,,,,brak_gradingu_w_tytule_ani_opisie
2026-09-07T06:10:34+00:00,9916991417,Dratini 26/102,https://www.vinted.pl/items/9916991417-dratini-26102,4.32,PLN,,,,,,brak_gradingu_w_tytule_ani_opisie
2026-09-07T06:10:35+00:00,9916987688,Pikachu 60/64 Jungle,https://www.vinted.pl/items/9916987688-pikachu-6064-jungle,7.46,PLN,,,,,,brak_gradingu_w_tytule_ani_opisie
2026-09-07T06:10:36+00:00,9916981991,Mewtwo Vstar PSA-10,https://www.vinted.pl/items/9916981991-mewtwo-vstar-psa-10,654.9,PLN,PSA 10,565.00,752,68.8,1.00,poza_zakresem_rabatu
2026-09-07T06:10:37+00:00,9916981550,Kyurem 047/064,https://www.vinted.pl/items/9916981550-kyurem-047064,4.32,PLN,,,,,,brak_gradingu_w_tytule_ani_opisie
2026-09-07T06:15:39+00:00,9917023295,Team Rocket’s Houndoom 191/182,https://www.vinted.pl/items/9917023295-team-rockets-houndoom-191182,58.49,PLN,,,,,,brak_gradingu_w_tytule_ani_opisie
2026-09-07T06:15:41+00:00,9917019789,Koraidon 047/084 Holo,https://www.vinted.pl/items/9917019789-koraidon-047084-holo,4.32,PLN,,,,,,brak_gradingu_w_tytule_ani_opisie
2026-09-07T06:15:42+00:00,9917016797,Wailmer 015/084,https://www.vinted.pl/items/9917016797-wailmer-015084,4.32,PLN,,,,,,brak_gradingu_w_tytule_ani_opisie
2026-09-07T06:15:43+00:00,9917014603,Banette 19/127,https://www.vinted.pl/items/9917014603-banette-19127,89.9,PLN,,,,,,brak_gradingu_w_tytule_ani_opisie
2026-09-07T06:15:45+00:00,9917010423,Goodra 068/086 Holo,https://www.vinted.pl/items/9917010423-goodra-068086-holo,4.32,PLN,,,,,,brak_gradingu_w_tytule_ani_opisie
2026-09-07T06:45:40+00:00,9917126640,Pikachu PSA-9,https://www.vinted.pl/items/9917126640-pikachu-psa-9,589.41,PLN,PSA 9,675.00,9,76.5,1.00,poza_zakresem_rabatu
2026-09-07T06:45:42+00:00,9917112895,"Clefairy AR Beckett-9,5",https://www.vinted.pl/items/9917112895-clefairy-ar-beckett-95,218.3,PLN,,,,,,brak_gradingu_w_tytule_ani_opisie
2026-09-07T07:01:40+00:00,9917136654,"Pikachu Beckett 9,5",https://www.vinted.pl/items/9917136654-pikachu-beckett-95,209.57,PLN,,,,,,brak_gradingu_w_tytule_ani_opisie
2026-09-07T07:45:34+00:00,9917402142,Applin (Sv5a 077),https://www.vinted.pl/items/9917402142-applin-sv5a-077,10.64,PLN,PSA 10,,,,,brak_ceny_referencyjnej
2026-09-07T07:45:37+00:00,9917388993,Marshadow (MEG 146),https://www.vinted.pl/items/9917388993-marshadow-meg-146,71.97,PLN,PSA 10,100.00,1145,80.6,0.01,poza_zakresem_rabatu
2026-09-07T07:45:38+00:00,9917380711,Mega Charizard Ex (MEP 029),https://www.vinted.pl/items/9917380711-mega-charizard-ex-mep-029,17.86,PLN,PSA 10,84.82,369,94.3,0.02,poza_zakresem_rabatu
2026-09-07T07:45:40+00:00,9917374821,Mega Mawile Ex (MEG 162),https://www.vinted.pl/items/9917374821-mega-mawile-ex-meg-162,12.45,PLN,PSA 10,42.34,156,92.1,0.02,poza_zakresem_rabatu
2026-09-07T07:45:40+00:00,9917333705,M Venusaur-EX #100 PSA 10 Pokémon,https://www.vinted.pl/items/9917333705-m-venusaur-ex-100-psa-10-pokemon,1397.13,PLN,PSA 10,,,,,brak_ceny_referencyjnej
2026-09-07T07:45:44+00:00,9917409909,Kingler (FO 38) 1st ed.,https://www.vinted.pl/items/9917409909-kingler-fo-38-1st-ed,23.27,PLN,PSA 10,119.98,18,94.8,0.02,poza_zakresem_rabatu
2026-09-07T08:15:33+00:00,9917518763,Pokémon Eevee (SVP 173) - PSA 9 - SV Black Star Promos,https://www.vinted.pl/items/9917518763-pokemon-eevee-svp-173-psa-9-sv-black-star-promos,432.24,PLN,PSA 9,90.50,22,-28.6,0.38,poza_zakresem_rabatu
2026-09-07T08:45:36+00:00,9915907921,M Gallade EX Full art #100,https://www.vinted.pl/items/9915907921-m-gallade-ex-full-art-100,98.14,PLN,,,,,,brak_gradingu_w_tytule_ani_opisie
2026-09-07T08:45:37+00:00,9915945646,Meganium HS 109,https://www.vinted.pl/items/9915945646-meganium-hs-109,117.77,PLN,,,,,,brak_gradingu_w_tytule_ani_opisie
2026-09-07T09:30:51+00:00,9918275633,Clemont´s Quick wit,https://www.vinted.pl/items/9918275633-clemonts-quick-wit,13.1,PLN,PSA 10,49.99,28,92.9,1.00,poza_zakresem_rabatu
2026-09-07T09:30:52+00:00,9918261358,Clamperl,https://www.vinted.pl/items/9918261358-clamperl,13.1,PLN,PSA 10,,,,,brak_ceny_referencyjnej
2026-09-07T09:30:53+00:00,9918250070,Silvally,https://www.vinted.pl/items/9918250070-silvally,13.1,PLN,PSA 10,60.00,23,94.1,1.00,poza_zakresem_rabatu
2026-09-07T09:30:55+00:00,9918239010,Enamorus V,https://www.vinted.pl/items/9918239010-enamorus-v,4.37,PLN,PSA 9,13.25,10,91.1,1.00,poza_zakresem_rabatu
2026-09-07T09:30:56+00:00,9918227087,Flamigo ex,https://www.vinted.pl/items/9918227087-flamigo-ex,4.37,PLN,PSA 10,,,,,brak_ceny_referencyjnej
2026-09-07T09:30:58+00:00,9918215709,Dragonite V,https://www.vinted.pl/items/9918215709-dragonite-v,21.83,PLN,PSA 7,14.00,1,,1.00,za_mala_probka_sprzedazy
2026-09-07T09:30:59+00:00,9918204252,Alolan Exeggutor ex,https://www.vinted.pl/items/9918204252-alolan-exeggutor-ex,26.2,PLN,PSA 10,69.99,89,89.9,0.75,poza_zakresem_rabatu
2026-09-07T09:31:00+00:00,9918187646,Ortworm ex,https://www.vinted.pl/items/9918187646-ortworm-ex,4.37,PLN,PSA 10,37.50,8,96.9,0.50,poza_zakresem_rabatu
2026-09-07T09:31:02+00:00,9918175551,mega delphox ex,https://www.vinted.pl/items/9918175551-mega-delphox-ex,4.37,PLN,PSA 10,,,,,brak_ceny_referencyjnej
2026-09-07T09:31:04+00:00,9918163768,jellicent ex,https://www.vinted.pl/items/9918163768-jellicent-ex,4.37,PLN,PSA 9,30.00,35,96.1,1.00,poza_zakresem_rabatu
2026-09-07T09:31:05+00:00,9918151110,mega delphox ex,https://www.vinted.pl/items/9918151110-mega-delphox-ex,4.37,PLN,PSA 10,,,,,brak_ceny_referencyjnej
2026-09-07T09:31:07+00:00,9918167625,Pokemon,https://www.vinted.pl/items/9918167625-pokemon,349.28,PLN,CGC 8.5,16.74,2,,1.00,za_mala_probka_sprzedazy
2026-09-07T09:45:34+00:00,9918436630,Palkia vstar psa 10,https://www.vinted.pl/items/9918436630-palkia-vstar-psa-10,1803.88,PLN,PSA 10,56.90,3,-753.9,1.00,poza_zakresem_rabatu
2026-09-07T09:45:34+00:00,9918417257,Starmie v psa 10,https://www.vinted.pl/items/9918417257-starmie-v-psa-10,1821.92,PLN,PSA 10,349.99,296,-40.2,1.00,poza_zakresem_rabatu
2026-09-07T09:45:34+00:00,9918383416,Squirtle psa 10,https://www.vinted.pl/items/9918383416-squirtle-psa-10,1821.92,PLN,PSA 10,2700.00,4,81.8,1.00,poza_zakresem_rabatu
2026-09-07T09:45:34+00:00,9918383184,Charizard promo PSA 10,https://www.vinted.pl/items/9918383184-charizard-promo-psa-10,1226.62,PLN,PSA 10,1419.49,105,76.7,1.00,poza_zakresem_rabatu
2026-09-07T10:01:05+00:00,9918598845,Morpeko ex,https://www.vinted.pl/items/9918598845-morpeko-ex,327.45,PLN,PSA 10,750.00,1,,1.00,za_mala_probka_sprzedazy
2026-09-07T10:01:05+00:00,9918498926,Kyurem ex psa 10,https://www.vinted.pl/items/9918498926-kyurem-ex-psa-10,992.13,PLN,PSA 10,109.99,1,,1.00,za_mala_probka_sprzedazy
2026-09-07T10:01:06+00:00,9918473233,Iono (Pal 269) PSA 9,https://www.vinted.pl/items/9918473233-iono-pal-269-psa-9,234.32,PLN,PSA 9,57.11,237,-10.5,0.67,poza_zakresem_rabatu
2026-09-07T10:15:37+00:00,9915922346,Mewtwo LV.51 Diamond & Pearl - Majestic Dawn,https://www.vinted.pl/items/9915922346-mewtwo-lv51-diamond-pearl-majestic-dawn,17.67,PLN,,,,,,brak_gradingu_w_tytule_ani_opisie
2026-09-07T10:15:39+00:00,9916158028,Entei Lv. 43 Reverse holo Diamond & Pearl Secret Wonders,https://www.vinted.pl/items/9916158028-entei-lv-43-reverse-holo-diamond-pearl-secret-wonders,17.67,PLN,,,,,,brak_gradingu_w_tytule_ani_opisie
2026-09-07T10:30:46+00:00,9918880313,Japońska karta pokemon M2a Cynthia's Spiritomb PSA 9,https://www.vinted.pl/items/9918880313-japonska-karta-pokemon-m2a-cynthias-spiritomb-psa-9,155.0,PLN,PSA 9,,,,,brak_ceny_referencyjnej
2026-09-07T10:30:47+00:00,9918788506,Eevee LV.14 Pokémon TCG: Diamond & Pearl Majestic Dawn,https://www.vinted.pl/items/9918788506-eevee-lv14-pokemon-tcg-diamond-pearl-majestic-dawn,17.67,PLN,,,,,,brak_gradingu_w_tytule_ani_opisie
2026-09-07T10:45:35+00:00,9916171138,Charmeleon - Team Rocket Returns (TR) #110,https://www.vinted.pl/items/9916171138-charmeleon-team-rocket-returns-tr-110,88.33,PLN,,,,,,brak_gradingu_w_tytule_ani_opisie
2026-09-07T10:45:37+00:00,9915962559,Pichu 28/123 HeartGold & SoulSilver Reverse Holo,https://www.vinted.pl/items/9915962559-pichu-28123-heartgold-soulsilver-reverse-holo,49.07,PLN,,,,,,brak_gradingu_w_tytule_ani_opisie
2026-09-07T11:00:59+00:00,9919193743,Meowth 106 PSA 10,https://www.vinted.pl/items/9919193743-meowth-106-psa-10,759.33,PLN,PSA 10,8000.00,1,,1.00,za_mala_probka_sprzedazy
2026-09-07T11:01:00+00:00,9919191389,Mega Starmie EX #111 PSA 10 Pokémon,https://www.vinted.pl/items/9919191389-mega-starmie-ex-111-psa-10-pokemon,480.26,PLN,PSA 10,198.25,178,34.8,0.60,wyslano_na_discord
2026-09-07T11:01:00+00:00,9919177256,Mega Gardevoir EX #078 PSA 10 Pokémon,https://www.vinted.pl/items/9919177256-mega-gardevoir-ex-078-psa-10-pokemon,371.11,PLN,PSA 10,650.00,191,84.6,0.60,poza_zakresem_rabatu
2026-09-07T11:01:00+00:00,9919161783,Pachirisu #084 PSA 10 Pokémon,https://www.vinted.pl/items/9919161783-pachirisu-084-psa-10-pokemon,327.45,PLN,PSA 10,,,,,brak_ceny_referencyjnej
2026-09-07T11:01:01+00:00,9919146520,Mega Lopunny & Jigglypuff GX #073 PSA 10 Pokémon,https://www.vinted.pl/items/9919146520-mega-lopunny-jigglypuff-gx-073-psa-10-pokemon,436.6,PLN,PSA 10,313.17,12,62.4,0.67,poza_zakresem_rabatu
2026-09-07T11:15:34+00:00,9919239198,Charizard 234 i PSA 9,https://www.vinted.pl/items/9919239198-charizard-234-i-psa-9,1460.26,PLN,PSA 9,287.00,471,-37.0,0.67,poza_zakresem_rabatu
2026-09-07T11:15:34+00:00,9919212074,Mewtwo 052 i PSA 10,https://www.vinted.pl/items/9919212074-mewtwo-052-i-psa-10,2891.31,PLN,PSA 10,1499.90,4,48.1,0.33,poza_zakresem_rabatu
2026-09-07T11:45:33+00:00,9919595897,Articuno JT Psa 9,https://www.vinted.pl/items/9919595897-articuno-jt-psa-9,305.62,PLN,PSA 9,26.00,15,-216.6,0.50,poza_zakresem_rabatu
2026-09-07T12:01:01+00:00,9919828061,Dedenne 087/191,https://www.vinted.pl/items/9919828061-dedenne-087191,4.32,PLN,,,,,,brak_gradingu_w_tytule_ani_opisie
2026-09-07T12:01:02+00:00,9919815317,232/193 - Mega Dragonite - PSA 10,https://www.vinted.pl/items/9919815317-232193-mega-dragonite-psa-10,271.61,PLN,PSA 10,1527.66,54,95.2,0.50,poza_zakresem_rabatu
2026-09-07T12:01:03+00:00,9919817855,Colbur Berry,https://www.vinted.pl/items/9919817855-colbur-berry,4.32,PLN,,,,,,brak_gradingu_w_tytule_ani_opisie
2026-09-07T12:01:05+00:00,9919797859,Walrein 045/191,https://www.vinted.pl/items/9919797859-walrein-045191,4.32,PLN,,,,,,brak_gradingu_w_tytule_ani_opisie
2026-09-07T12:01:06+00:00,9919790580,Sizzlipede 027/191,https://www.vinted.pl/items/9919790580-sizzlipede-027191,4.32,PLN,,,,,,brak_gradingu_w_tytule_ani_opisie
2026-09-07T12:01:06+00:00,9919787080,199/193 - Psyduck - PSA 10,https://www.vinted.pl/items/9919787080-199193-psyduck-psa-10,464.36,PLN,PSA 10,106.25,26,-17.7,0.67,poza_zakresem_rabatu
2026-09-07T12:01:08+00:00,9919784156,Duraludon 129/191,https://www.vinted.pl/items/9919784156-duraludon-129191,4.32,PLN,,,,,,brak_gradingu_w_tytule_ani_opisie
2026-09-07T12:01:10+00:00,9919777354,Azumarill 074/191,https://www.vinted.pl/items/9919777354-azumarill-074191,4.32,PLN,,,,,,brak_gradingu_w_tytule_ani_opisie
2026-09-07T12:01:11+00:00,9919770899,Annihilape 100/191,https://www.vinted.pl/items/9919770899-annihilape-100191,4.32,PLN,,,,,,brak_gradingu_w_tytule_ani_opisie
2026-09-07T12:01:12+00:00,9919762683,Jubilæums Pikachu (Metal),https://www.vinted.pl/items/9919762683-jubilaeums-pikachu-metal,700.92,PLN,,,,,,brak_gradingu_w_tytule_ani_opisie
2026-09-07T12:01:13+00:00,9919761465,2000 - Magby - Neo Japanese PSA 9,https://www.vinted.pl/items/9919761465-2000-magby-neo-japanese-psa-9,148.95,PLN,PSA 9,,,,,brak_ceny_referencyjnej
2026-09-07T12:01:13+00:00,9919752430,"Mew Promo fra 151, PSA 8",https://www.vinted.pl/items/9919752430-mew-promo-fra-151-psa-8,584.1,PLN,PSA 8,23.50,28,-569.5,0.50,poza_zakresem_rabatu
2026-09-07T12:01:15+00:00,9919753752,Gravity Mountain 177/191,https://www.vinted.pl/items/9919753752-gravity-mountain-177191,4.32,PLN,,,,,,brak_gradingu_w_tytule_ani_opisie
2026-09-07T12:01:15+00:00,9919743482,"Mew promo fra 151, PSA 9",https://www.vinted.pl/items/9919743482-mew-promo-fra-151-psa-9,700.92,PLN,PSA 9,44.99,121,-319.6,0.50,poza_zakresem_rabatu
2026-09-07T12:01:15+00:00,9919737587,1999 - Bulbasaur - Bulbasaur deck - PSA 8,https://www.vinted.pl/items/9919737587-1999-bulbasaur-bulbasaur-deck-psa-8,224.88,PLN,PSA 8,53.00,6,-14.3,0.33,poza_zakresem_rabatu
2026-09-07T12:01:17+00:00,9919740695,Diplom 127/167,https://www.vinted.pl/items/9919740695-diplom-127167,4.32,PLN,,,,,,brak_gradingu_w_tytule_ani_opisie
2026-09-07T12:01:17+00:00,9919724612,"LT Surge’s Pikachu (1st edition), PSA 8",https://www.vinted.pl/items/9919724612-lt-surges-pikachu-1st-edition-psa-8,408.87,PLN,PSA 8,,,,,brak_ceny_referencyjnej
2026-09-07T12:15:35+00:00,9919973455,044/193 Pikachu ex - PSA 10,https://www.vinted.pl/items/9919973455-044193-pikachu-ex-psa-10,321.26,PLN,PSA 10,4200.00,17,97.9,0.50,poza_zakresem_rabatu
2026-09-07T12:15:37+00:00,9913547238,Mew ex (151C 191),https://www.vinted.pl/items/9913547238-mew-ex-151c-191,1605.45,PLN,PSA 10,,,,,brak_ceny_referencyjnej
2026-09-07T12:15:38+00:00,9913593082,Sylveon VMAX (CS4aC 171),https://www.vinted.pl/items/9913593082-sylveon-vmax-cs4ac-171,1280.75,PLN,PSA 10,170.25,286,-102.6,0.33,poza_zakresem_rabatu
2026-09-07T12:15:41+00:00,9919840167,Phanpy 102/191,https://www.vinted.pl/items/9919840167-phanpy-102191,4.32,PLN,,,,,,brak_gradingu_w_tytule_ani_opisie
2026-09-07T12:15:42+00:00,9919833989,Tandemaus 157/191,https://www.vinted.pl/items/9919833989-tandemaus-157191,4.32,PLN,,,,,,brak_gradingu_w_tytule_ani_opisie
2026-09-07T12:30:52+00:00,9920123651,Mew 11/25 Holo - Celebrations Pokémon Sword & Shield,https://www.vinted.pl/items/9920123651-mew-1125-holo-celebrations-pokemon-sword-shield,19.24,PLN,,,,,,brak_gradingu_w_tytule_ani_opisie
2026-09-07T12:30:54+00:00,9920104311,Dusclops 036/131 Reverse Holo - Prismatic Evolutions Pokémon Scarlet & Violet,https://www.vinted.pl/items/9920104311-dusclops-036131-reverse-holo-prismatic-evolutions-pokemon-scarlet-violet,4.32,PLN,,,,,,brak_gradingu_w_tytule_ani_opisie
2026-09-07T12:30:55+00:00,9920100031,167/165 - Ivysaur PSA 10,https://www.vinted.pl/items/9920100031-167165-ivysaur-psa-10,289.13,PLN,PSA 10,265.25,152,70.6,1.00,poza_zakresem_rabatu
2026-09-07T12:30:55+00:00,9920091967,Raikou #GG41 Crown Zenith PSA 8,https://www.vinted.pl/items/9920091967-raikou-gg41-crown-zenith-psa-8,250.0,PLN,PSA 8,39.99,38,-68.4,1.00,poza_zakresem_rabatu
2026-09-07T12:30:56+00:00,9920093195,Dudunsparce 080/131 Reverse Holo - Prismatic Evolutions Pokémon Scarlet & Violet,https://www.vinted.pl/items/9920093195-dudunsparce-080131-reverse-holo-prismatic-evolutions-pokemon-scarlet-violet,4.32,PLN,,,,,,brak_gradingu_w_tytule_ani_opisie
2026-09-07T12:30:57+00:00,9920083990,Flutter Mane 043/131 Holo - Prismatic Evolutions Pokémon Scarlet & Violet,https://www.vinted.pl/items/9920083990-flutter-mane-043131-holo-prismatic-evolutions-pokemon-scarlet-violet,4.32,PLN,,,,,,brak_gradingu_w_tytule_ani_opisie
2026-09-07T12:30:58+00:00,9920075597,Dudunsparce 080/131 Holo - Prismatic Evolutions Pokémon Scarlet & Violet,https://www.vinted.pl/items/9920075597-dudunsparce-080131-holo-prismatic-evolutions-pokemon-scarlet-violet,4.32,PLN,,,,,,brak_gradingu_w_tytule_ani_opisie
2026-09-07T13:01:06+00:00,9920382221,Pokemon,https://www.vinted.pl/items/9920382221-pokemon,496.49,PLN,PSA 10,,,,,brak_ceny_referencyjnej
2026-09-07T13:15:35+00:00,9920653837,Jessie & James 58/68 Holo - Hidden Fates Pokémon Sun & Moon,https://www.vinted.pl/items/9920653837-jessie-james-5868-holo-hidden-fates-pokemon-sun-moon,31.01,PLN,,,,,,brak_gradingu_w_tytule_ani_opisie
2026-09-07T13:15:37+00:00,9920646795,Old Rod 78/101 Reverse Holo stamp,https://www.vinted.pl/items/9920646795-old-rod-78101-reverse-holo-stamp,23.16,PLN,,,,,,brak_gradingu_w_tytule_ani_opisie
2026-09-07T13:15:38+00:00,9920632985,Staryu 56/64,https://www.vinted.pl/items/9920632985-staryu-5664,4.32,PLN,,,,,,brak_gradingu_w_tytule_ani_opisie
2026-09-07T13:15:39+00:00,9920624089,Oddish 63/82,https://www.vinted.pl/items/9920624089-oddish-6382,4.32,PLN,,,,,,brak_gradingu_w_tytule_ani_opisie
2026-09-07T13:15:40+00:00,9920606383,Bulbasaur 44/102,https://www.vinted.pl/items/9920606383-bulbasaur-44102,23.16,PLN,,,,,,brak_gradingu_w_tytule_ani_opisie
2026-09-07T13:15:42+00:00,9920596211,Incineroar 032/195,https://www.vinted.pl/items/9920596211-incineroar-032195,4.32,PLN,,,,,,brak_gradingu_w_tytule_ani_opisie
2026-09-07T13:15:43+00:00,9920592181,Beach court #263,https://www.vinted.pl/items/9920592181-beach-court-263,50.0,PLN,PSA 9,24.45,2,,0.71,za_mala_probka_sprzedazy
2026-09-07T13:15:45+00:00,9920580718,Gligar 59/111,https://www.vinted.pl/items/9920580718-gligar-59111,7.46,PLN,,,,,,brak_gradingu_w_tytule_ani_opisie
2026-09-07T13:15:45+00:00,9902313192,Flying Pikachu Vmax Cel 007 PSA 10 celebrations karty pokemon cards,https://www.vinted.pl/items/9902313192-flying-pikachu-vmax-cel-007-psa-10-celebrations-karty-pokemon-cards,750.0,PLN,PSA 10,88.00,811,-129.6,0.67,poza_zakresem_rabatu
2026-09-07T13:30:52+00:00,9920860298,Charizard,https://www.vinted.pl/items/9920860298-charizard,730.13,PLN,PSA 10,124.99,44,-57.3,1.00,poza_zakresem_rabatu
2026-09-07T13:30:53+00:00,9920856937,Creselia 021/064 Holo,https://www.vinted.pl/items/9920856937-creselia-021064-holo,4.32,PLN,,,,,,brak_gradingu_w_tytule_ani_opisie
2026-09-07T13:30:54+00:00,9920828826,Galvantula 002/064 Reverse Holo,https://www.vinted.pl/items/9920828826-galvantula-002064-reverse-holo,4.32,PLN,,,,,,brak_gradingu_w_tytule_ani_opisie
2026-09-07T13:30:56+00:00,9920823566,Blastoise,https://www.vinted.pl/items/9920823566-blastoise,408.87,PLN,PSA 10,100.00,88,-10.1,0.67,poza_zakresem_rabatu
2026-09-07T13:30:57+00:00,9920819486,Colress’s Tenacity 057/064 Reverse Holo,https://www.vinted.pl/items/9920819486-colresss-tenacity-057064-reverse-holo,4.32,PLN,,,,,,brak_gradingu_w_tytule_ani_opisie
2026-09-07T13:30:58+00:00,9920811370,Chien-Pao 056/191 Holo,https://www.vinted.pl/items/9920811370-chien-pao-056191-holo,4.32,PLN,,,,,,brak_gradingu_w_tytule_ani_opisie
2026-09-07T13:31:00+00:00,9920800677,Venusaur,https://www.vinted.pl/items/9920800677-venusaur,292.05,PLN,PSA 9,35.00,515,-124.8,1.00,poza_zakresem_rabatu
2026-09-07T13:31:01+00:00,9920801906,Cyrano 170/191 Reverse Holo,https://www.vinted.pl/items/9920801906-cyrano-170191-reverse-holo,4.32,PLN,,,,,,brak_gradingu_w_tytule_ani_opisie
2026-09-07T13:31:03+00:00,9920794440,Scatterbug 005/191 Reverse Holo,https://www.vinted.pl/items/9920794440-scatterbug-005191-reverse-holo,4.32,PLN,,,,,,brak_gradingu_w_tytule_ani_opisie
2026-09-07T13:31:05+00:00,9920783491,Chansey 133/167 Reverse Holo,https://www.vinted.pl/items/9920783491-chansey-133167-reverse-holo,7.46,PLN,,,,,,brak_gradingu_w_tytule_ani_opisie
2026-09-07T13:31:06+00:00,9920773954,Landbris 110/191 Holo,https://www.vinted.pl/items/9920773954-landbris-110191-holo,4.32,PLN,,,,,,brak_gradingu_w_tytule_ani_opisie
2026-09-07T13:31:07+00:00,9920760221,Tera Orb 189/191 Reverse Holo,https://www.vinted.pl/items/9920760221-tera-orb-189191-reverse-holo,4.32,PLN,,,,,,brak_gradingu_w_tytule_ani_opisie
2026-09-07T13:31:08+00:00,9920753166,Zangoose 149/191 Reverse Holo,https://www.vinted.pl/items/9920753166-zangoose-149191-reverse-holo,4.32,PLN,,,,,,brak_gradingu_w_tytule_ani_opisie
2026-09-07T13:31:10+00:00,9920745859,Tapu Koko 065/191 Reverse Holo,https://www.vinted.pl/items/9920745859-tapu-koko-065191-reverse-holo,4.32,PLN,,,,,,brak_gradingu_w_tytule_ani_opisie
2026-09-07T13:31:11+00:00,9920737829,Larry’s Komala 175/217 Reverse Holo,https://www.vinted.pl/items/9920737829-larrys-komala-175217-reverse-holo,4.32,PLN,,,,,,brak_gradingu_w_tytule_ani_opisie
2026-09-07T13:31:12+00:00,9920733890,Raichu GX 20/68 Full Art - Hidden Fates Pokémon Sun & Moon,https://www.vinted.pl/items/9920733890-raichu-gx-2068-full-art-hidden-fates-pokemon-sun-moon,19.24,PLN,,,,,,brak_gradingu_w_tytule_ani_opisie
2026-09-07T13:31:14+00:00,9920711691,Grimer 57/97,https://www.vinted.pl/items/9920711691-grimer-5797,7.46,PLN,,,,,,brak_gradingu_w_tytule_ani_opisie
2026-09-07T13:31:15+00:00,9920696110,Wingull 038/159,https://www.vinted.pl/items/9920696110-wingull-038159,4.32,PLN,,,,,,brak_gradingu_w_tytule_ani_opisie
2026-09-07T13:31:16+00:00,9920689145,Golvat 34/62,https://www.vinted.pl/items/9920689145-golvat-3462,7.46,PLN,,,,,,brak_gradingu_w_tytule_ani_opisie
2026-09-07T13:45:35+00:00,9921052292,Togepi promo tcg Pokémon retro vintage,https://www.vinted.pl/items/9921052292-togepi-promo-tcg-pokemon-retro-vintage,60.0,PLN,,,,,,brak_gradingu_w_tytule_ani_opisie
2026-09-07T13:45:37+00:00,9921041722,205/193 - Mimikyu - PSA 10,https://www.vinted.pl/items/9921041722-205193-mimikyu-psa-10,248.24,PLN,PSA 10,147.50,37,54.7,0.67,poza_zakresem_rabatu
2026-09-07T13:45:37+00:00,9921017384,"Charizard ""151"" PSA-9",https://www.vinted.pl/items/9921017384-charizard-151-psa-9,2052.03,PLN,PSA 9,405.00,470,-36.5,1.00,poza_zakresem_rabatu
2026-09-07T13:45:39+00:00,9920974608,Pokemon tcg card japanese Umbreon & Darkrai Gx Tag team smM 010/031,https://www.vinted.pl/items/9920974608-pokemon-tcg-card-japanese-umbreon-darkrai-gx-tag-team-smm-010031,250.0,PLN,PSA 10,,,,,brak_ceny_referencyjnej
2026-09-07T13:45:41+00:00,9920906280,Pokemon tcg card simplified chinese Vaporeon sm common csm2.5c 010/061,https://www.vinted.pl/items/9920906280-pokemon-tcg-card-simplified-chinese-vaporeon-sm-common-csm25c-010061,15.0,PLN,PSA 10,,,,,brak_ceny_referencyjnej
2026-09-07T13:45:43+00:00,9920870134,Charmeleon JPN karta pokemon TCG japonska charmander charizard 169/165,https://www.vinted.pl/items/9920870134-charmeleon-jpn-karta-pokemon-tcg-japonska-charmander-charizard-169165,99.0,PLN,PSA 10,480.00,243,94.4,0.10,poza_zakresem_rabatu
2026-09-07T13:45:44+00:00,9920870209,Tropius 123/159 Reverse Holo,https://www.vinted.pl/items/9920870209-tropius-123159-reverse-holo,7.46,PLN,,,,,,brak_gradingu_w_tytule_ani_opisie
2026-09-07T14:01:02+00:00,9921237343,044/060 - Eevee - Collection Sun - PSA 10,https://www.vinted.pl/items/9921237343-044060-eevee-collection-sun-psa-10,522.77,PLN,PSA 10,195.00,7,27.7,0.40,wyslano_na_discord
2026-09-07T14:01:04+00:00,9921236282,Claydol 095/197 Reverse Holo,https://www.vinted.pl/items/9921236282-claydol-095197-reverse-holo,4.32,PLN,,,,,,brak_gradingu_w_tytule_ani_opisie
2026-09-07T14:01:06+00:00,9921230355,Mega Venusaur EX 2/83,https://www.vinted.pl/items/9921230355-mega-venusaur-ex-283,50.0,PLN,PSA 10,270.00,677,95.0,0.02,poza_zakresem_rabatu
2026-09-07T14:01:08+00:00,9921228208,Munkidori 095/167 Reverse Holo,https://www.vinted.pl/items/9921228208-munkidori-095167-reverse-holo,4.32,PLN,,,,,,brak_gradingu_w_tytule_ani_opisie
2026-09-07T14:01:09+00:00,9921220003,Ludicolo 037/159 Holo,https://www.vinted.pl/items/9921220003-ludicolo-037159-holo,4.32,PLN,,,,,,brak_gradingu_w_tytule_ani_opisie
2026-09-07T14:01:09+00:00,9921214550,Venusaur ex #198/165 SIR – PSA 10 Gem Mint – Pokémon 151 – English,https://www.vinted.pl/items/9921214550-venusaur-ex-198165-sir-psa-10-gem-mint-pokemon-151-english,2102.77,PLN,PSA 10,450.00,311,-26.0,0.56,poza_zakresem_rabatu
2026-09-07T14:01:11+00:00,9921211937,Marshadow GX 156/147,https://www.vinted.pl/items/9921211937-marshadow-gx-156147,50.0,PLN,PSA 10,1190.00,2,,0.03,za_mala_probka_sprzedazy
2026-09-07T14:01:12+00:00,9921209856,Drampa 130/159 Reverse Holo,https://www.vinted.pl/items/9921209856-drampa-130159-reverse-holo,4.32,PLN,,,,,,brak_gradingu_w_tytule_ani_opisie
2026-09-07T14:01:14+00:00,9921196758,Charizard Promo XY121,https://www.vinted.pl/items/9921196758-charizard-promo-xy121,300.0,PLN,PSA 10,,,,,brak_ceny_referencyjnej
2026-09-07T14:01:15+00:00,9921195682,Paras 004/159 Reverse Holo,https://www.vinted.pl/items/9921195682-paras-004159-reverse-holo,4.32,PLN,,,,,,brak_gradingu_w_tytule_ani_opisie
2026-09-07T14:01:16+00:00,9921188301,172/165 - Caterpie - PSA 10,https://www.vinted.pl/items/9921188301-172165-caterpie-psa-10,259.93,PLN,PSA 10,109.00,75,35.7,1.00,wyslano_na_discord
2026-09-07T14:01:17+00:00,9921173457,Hop’s Snorlax 117/159 Holo,https://www.vinted.pl/items/9921173457-hops-snorlax-117159-holo,4.32,PLN,,,,,,brak_gradingu_w_tytule_ani_opisie
2026-09-07T14:01:18+00:00,9921164608,Parasect 005/159 Reverse Holo,https://www.vinted.pl/items/9921164608-parasect-005159-reverse-holo,4.32,PLN,,,,,,brak_gradingu_w_tytule_ani_opisie
2026-09-07T14:01:19+00:00,9921153154,239/217 - Team Rockets Dugtrio - PSA 10,https://www.vinted.pl/items/9921153154-239217-team-rockets-dugtrio-psa-10,359.22,PLN,PSA 10,109.50,160,11.5,0.80,wyslano_na_discord
2026-09-07T14:01:19+00:00,9921111248,Mew ex – SVP053 PSA 9,https://www.vinted.pl/items/9921111248-mew-ex-svp053-psa-9,876.15,PLN,PSA 9,29.99,97,-687.7,0.67,poza_zakresem_rabatu
2026-09-07T14:01:20+00:00,9921100476,270/217 - Mega Scrafty - PSA 10,https://www.vinted.pl/items/9921100476-270217-mega-scrafty-psa-10,283.29,PLN,PSA 10,78.50,142,2.7,1.00,wyslano_na_discord
2026-09-07T14:01:20+00:00,9921073910,230/193 - Mega Gengar ex - PSA 10,https://www.vinted.pl/items/9921073910-230193-mega-gengar-ex-psa-10,400.11,PLN,PSA 10,2735.74,695,96.1,0.60,poza_zakresem_rabatu
2026-09-07T14:15:38+00:00,9921422814,Trevenant 012/197 Reverse Holo,https://www.vinted.pl/items/9921422814-trevenant-012197-reverse-holo,4.32,PLN,,,,,,brak_gradingu_w_tytule_ani_opisie
2026-09-07T14:15:39+00:00,9921417597,242/sv-p Pikachu Illustration Contest 2024 - Japanese PSA 10,https://www.vinted.pl/items/9921417597-242sv-p-pikachu-illustration-contest-2024-japanese-psa-10,481.88,PLN,PSA 10,292.00,123,55.5,0.62,poza_zakresem_rabatu
2026-09-07T14:15:40+00:00,9921415041,Smoliv 019/197 Reverse Holo,https://www.vinted.pl/items/9921415041-smoliv-019197-reverse-holo,4.32,PLN,,,,,,brak_gradingu_w_tytule_ani_opisie
2026-09-07T14:15:42+00:00,9921406915,Darkrai 136/197 Holo,https://www.vinted.pl/items/9921406915-darkrai-136197-holo,7.46,PLN,,,,,,brak_gradingu_w_tytule_ani_opisie
2026-09-07T14:15:43+00:00,9921401966,007/095 - Reshiram & Charizard Tag Team - PSA 10,https://www.vinted.pl/items/9921401966-007095-reshiram-charizard-tag-team-psa-10,476.04,PLN,PSA 10,,,,,brak_ceny_referencyjnej
2026-09-07T14:15:44+00:00,9921399507,Dugtrio 104/197 Reverse Holo,https://www.vinted.pl/items/9921399507-dugtrio-104197-reverse-holo,4.32,PLN,,,,,,brak_gradingu_w_tytule_ani_opisie
2026-09-07T14:15:45+00:00,9921392377,Heatmor 039/197 Reverse Holo,https://www.vinted.pl/items/9921392377-heatmor-039197-reverse-holo,4.32,PLN,,,,,,brak_gradingu_w_tytule_ani_opisie
2026-09-07T14:15:47+00:00,9921387691,Sprzedam slab Pokémon,https://www.vinted.pl/items/9921387691-sprzedam-slab-pokemon,600.0,PLN,PSA 10,,,,,brak_ceny_referencyjnej
2026-09-07T14:15:48+00:00,9921385020,Meltan 152/197 Reverse Holo,https://www.vinted.pl/items/9921385020-meltan-152197-reverse-holo,4.32,PLN,,,,,,brak_gradingu_w_tytule_ani_opisie
2026-09-07T14:15:50+00:00,9921377265,Alakazam 082/167 Holo,https://www.vinted.pl/items/9921377265-alakazam-082167-holo,4.32,PLN,,,,,,brak_gradingu_w_tytule_ani_opisie
2026-09-07T14:15:51+00:00,9921370189,Timburr 103/167 Reverse Holo,https://www.vinted.pl/items/9921370189-timburr-103167-reverse-holo,4.32,PLN,,,,,,brak_gradingu_w_tytule_ani_opisie
2026-09-07T14:15:52+00:00,9921363743,211/187 - Espeon - PSA 10,https://www.vinted.pl/items/9921363743-211187-espeon-psa-10,671.72,PLN,PSA 10,60.19,29,-200.9,0.33,poza_zakresem_rabatu
2026-09-07T14:15:53+00:00,9921362113,Infernape 033/167 Holo,https://www.vinted.pl/items/9921362113-infernape-033167-holo,4.32,PLN,,,,,,brak_gradingu_w_tytule_ani_opisie
2026-09-07T14:15:54+00:00,9921354650,Sprzedam slab Pokémon PSA,https://www.vinted.pl/items/9921354650-sprzedam-slab-pokemon-psa,250.0,PLN,,,,,,brak_gradingu_w_tytule_ani_opisie
2026-09-07T14:15:56+00:00,9921353831,Munkidori 095/167 Holo,https://www.vinted.pl/items/9921353831-munkidori-095167-holo,4.32,PLN,,,,,,brak_gradingu_w_tytule_ani_opisie
2026-09-07T14:15:57+00:00,9921347114,Hawlucha 107/167 Reverse Holo,https://www.vinted.pl/items/9921347114-hawlucha-107167-reverse-holo,4.32,PLN,,,,,,brak_gradingu_w_tytule_ani_opisie
2026-09-07T14:15:58+00:00,9921339490,Sandslash 098/167 Reverse Holo,https://www.vinted.pl/items/9921339490-sandslash-098167-reverse-holo,4.32,PLN,,,,,,brak_gradingu_w_tytule_ani_opisie
2026-09-07T14:16:00+00:00,9921331840,Ogre’s Mask 159/167 Reverse Holo,https://www.vinted.pl/items/9921331840-ogres-mask-159167-reverse-holo,4.32,PLN,,,,,,brak_gradingu_w_tytule_ani_opisie
2026-09-07T14:16:02+00:00,9921418492,Slab Guardy,https://www.vinted.pl/items/9921418492-slab-guardy,45.0,PLN,,,,,,brak_gradingu_w_tytule_ani_opisie
2026-09-07T14:16:04+00:00,9921318248,Togekiss 085/197 Reverse Holo,https://www.vinted.pl/items/9921318248-togekiss-085197-reverse-holo,4.32,PLN,,,,,,brak_gradingu_w_tytule_ani_opisie
2026-09-07T14:30:50+00:00,9921588570,Team Rocket’s Mimikyu 238/217 PSA 10 GEM MT,https://www.vinted.pl/items/9921588570-team-rockets-mimikyu-238217-psa-10-gem-mt,676.69,PLN,PSA 10,180.00,335,-1.4,0.75,wyslano_na_discord
2026-09-07T14:30:51+00:00,9921579075,086/078 - Drowzee - PSA 10 - Komiya Art!,https://www.vinted.pl/items/9921579075-086078-drowzee-psa-10-komiya-art,321.26,PLN,PSA 10,,,,,brak_ceny_referencyjnej
2026-09-07T14:30:51+00:00,9921534397,072/063 - Mistys Lapras - PSA 10,https://www.vinted.pl/items/9921534397-072063-mistys-lapras-psa-10,347.54,PLN,PSA 10,290.00,316,67.7,0.25,poza_zakresem_rabatu
2026-09-07T14:30:53+00:00,9921502507,Mesprit jap PSA,https://www.vinted.pl/items/9921502507-mesprit-jap-psa,131.5,PLN,,,,,,brak_gradingu_w_tytule_ani_opisie
2026-09-07T14:30:54+00:00,9921494894,Wigglytuff jap PSA,https://www.vinted.pl/items/9921494894-wigglytuff-jap-psa,120.68,PLN,,,,,,brak_gradingu_w_tytule_ani_opisie
2026-09-07T14:30:55+00:00,9921487175,031/055 - Gardevoir Sylveon Tag Team Japanese - PSA 10,https://www.vinted.pl/items/9921487175-031055-gardevoir-sylveon-tag-team-japanese-psa-10,464.36,PLN,PSA 10,,,,,brak_ceny_referencyjnej
2026-09-07T14:30:56+00:00,9921485414,Chansey jap PSA,https://www.vinted.pl/items/9921485414-chansey-jap-psa,194.64,PLN,,,,,,brak_gradingu_w_tytule_ani_opisie
2026-09-07T14:30:57+00:00,9921472379,Vulpix jap PSA,https://www.vinted.pl/items/9921472379-vulpix-jap-psa,126.09,PLN,,,,,,brak_gradingu_w_tytule_ani_opisie
2026-09-07T14:30:59+00:00,9921463618,Haunter jap PSA,https://www.vinted.pl/items/9921463618-haunter-jap-psa,216.29,PLN,,,,,,brak_gradingu_w_tytule_ani_opisie
2026-09-07T14:30:59+00:00,9921456256,267/s-p - Arceus - PSA 10,https://www.vinted.pl/items/9921456256-267s-p-arceus-psa-10,347.54,PLN,PSA 10,85.00,188,-10.2,0.25,poza_zakresem_rabatu
2026-09-07T14:45:37+00:00,9921732590,170/165 - Squirtle 151 - PSA 10,https://www.vinted.pl/items/9921732590-170165-squirtle-151-psa-10,435.16,PLN,PSA 10,376.98,216,68.9,1.00,poza_zakresem_rabatu
2026-09-07T14:45:37+00:00,9921704943,019/023 - Influencers Introduction - PSA 9,https://www.vinted.pl/items/9921704943-019023-influencers-introduction-psa-9,321.26,PLN,PSA 9,,,,,brak_ceny_referencyjnej
2026-09-07T14:45:38+00:00,9921675023,094/173 - Togepi /Iggly / Cleffa - Tag Team PSA 10,https://www.vinted.pl/items/9921675023-094173-togepi-iggly-cleffa-tag-team-psa-10,435.16,PLN,PSA 10,,,,,brak_ceny_referencyjnej
2026-09-07T14:45:38+00:00,9921624946,223/193 - Mega Charizard - PSA 10,https://www.vinted.pl/items/9921624946-223193-mega-charizard-psa-10,452.68,PLN,PSA 10,2600.00,165,95.3,0.50,poza_zakresem_rabatu
2026-09-07T14:45:40+00:00,9921630844,Walizka na garty gradingowe Psa Bgs Cgc NBA Pokemon,https://www.vinted.pl/items/9921630844-walizka-na-garty-gradingowe-psa-bgs-cgc-nba-pokemon,250.0,PLN,,,,,,brak_gradingu_w_tytule_ani_opisie
2026-09-07T15:15:36+00:00,9922192405,Pokemon kort Luxray - Holo - 2008,https://www.vinted.pl/items/9922192405-pokemon-kort-luxray-holo-2008,110.4,PLN,,,,,,brak_gradingu_w_tytule_ani_opisie
2026-09-07T15:15:36+00:00,9922156061,Pokemon kort Chimchar - Holo fra 2007 PSA 5,https://www.vinted.pl/items/9922156061-pokemon-kort-chimchar-holo-fra-2007-psa-5,110.4,PLN,PSA 5,,,,,brak_ceny_referencyjnej
2026-09-07T15:15:36+00:00,9922149254,Pokémon-kort: Acerola's Mischief 183/132 (PSA 10),https://www.vinted.pl/items/9922149254-pokemon-kort-acerolas-mischief-183132-psa-10,876.15,PLN,PSA 10,,,,,brak_ceny_referencyjnej
2026-09-07T15:15:38+00:00,9922123558,Japansk pokemon kort fra 1996 Energy Retrieval,https://www.vinted.pl/items/9922123558-japansk-pokemon-kort-fra-1996-energy-retrieval,174.65,PLN,,,,,,brak_gradingu_w_tytule_ani_opisie
2026-09-07T15:15:39+00:00,9922102059,PSA 6 team rocket sneak attack holo,https://www.vinted.pl/items/9922102059-psa-6-team-rocket-sneak-attack-holo,104.55,PLN,PSA 6,17.99,4,-56.7,1.00,poza_zakresem_rabatu
2026-09-07T15:15:42+00:00,9921665598,Zestaw pokemon granding 9,https://www.vinted.pl/items/9921665598-zestaw-pokemon-granding-9,1700.0,PLN,,,,,,brak_gradingu_w_tytule_ani_opisie
2026-09-07T15:30:53+00:00,9921609064,Bagon 112/159 [HOLO] Journey Together Pokémon,https://www.vinted.pl/items/9921609064-bagon-112159-holo-journey-together-pokemon,2.0,PLN,,,,,,brak_gradingu_w_tytule_ani_opisie
2026-09-07T15:45:38+00:00,9921731327,M Charizard EX - Pokémon 2016 - 13,https://www.vinted.pl/items/9921731327-m-charizard-ex-pokemon-2016-13,137.0,PLN,PSA 9,439.99,498,91.6,0.07,poza_zakresem_rabatu
2026-09-07T16:01:00+00:00,9922783506,Bulbasaur 93/147 Supreme Victors,https://www.vinted.pl/items/9922783506-bulbasaur-93147-supreme-victors,13.74,PLN,,,,,,brak_gradingu_w_tytule_ani_opisie
2026-09-07T16:01:00+00:00,9922711896,Pokémon Japanese Mega Dream ex #232 Mega Dragonite ex – PSA 6,https://www.vinted.pl/items/9922711896-pokemon-japanese-mega-dream-ex-232-mega-dragonite-ex-psa-6,152.77,PLN,PSA 6,,,,,brak_ceny_referencyjnej
2026-09-07T16:01:02+00:00,9922712968,Entei & Raikou Legend (UL 90),https://www.vinted.pl/items/9922712968-entei-raikou-legend-ul-90,58.88,PLN,,,,,,brak_gradingu_w_tytule_ani_opisie
2026-09-07T16:01:02+00:00,9922694255,Pokémon Japanese Battle Partners #110 Furret AR – PSA 8,https://www.vinted.pl/items/9922694255-pokemon-japanese-battle-partners-110-furret-ar-psa-8,152.77,PLN,PSA 8,,,,,brak_ceny_referencyjnej
2026-09-07T16:01:02+00:00,9922682194,Pokémon Japanese Mega Dream ex #206 Team Rocket's Dugtrio AR – PSA 8,https://www.vinted.pl/items/9922682194-pokemon-japanese-mega-dream-ex-206-team-rockets-dugtrio-ar-psa-8,152.77,PLN,PSA 8,,,,,brak_ceny_referencyjnej
2026-09-07T16:01:03+00:00,9922665981,Pokémon Japanese Raging Surf #076 Swablu AR – PSA 8,https://www.vinted.pl/items/9922665981-pokemon-japanese-raging-surf-076-swablu-ar-psa-8,152.77,PLN,PSA 8,,,,,brak_ceny_referencyjnej
2026-09-07T16:01:03+00:00,9922646325,Pokémon Japanese Mega Dream ex #203 Togekiss AR – PSA 9,https://www.vinted.pl/items/9922646325-pokemon-japanese-mega-dream-ex-203-togekiss-ar-psa-9,174.6,PLN,PSA 9,,,,,brak_ceny_referencyjnej
2026-09-07T16:01:05+00:00,9922772707,Umbreon Gold Star (s8a-P 012) BGS Pristine 10,https://www.vinted.pl/items/9922772707-umbreon-gold-star-s8a-p-012-bgs-pristine-10,2619.61,PLN,,,,,,brak_gradingu_w_tytule_ani_opisie
2026-09-07T16:15:36+00:00,9923017068,Charizard Japansk fra 2020 PSA 9,https://www.vinted.pl/items/9923017068-charizard-japansk-fra-2020-psa-9,203.85,PLN,PSA 9,,,,,brak_ceny_referencyjnej
2026-09-07T16:15:37+00:00,9922999574,Vintage Charizard Sticker PSA 7 fra 1999 Merlin,https://www.vinted.pl/items/9922999574-vintage-charizard-sticker-psa-7-fra-1999-merlin,174.65,PLN,PSA 7,,,,,brak_ceny_referencyjnej
2026-09-07T16:15:38+00:00,9922996750,Pokemon pickahu cards,https://www.vinted.pl/items/9922996750-pokemon-pickahu-cards,13.74,PLN,,,,,,brak_gradingu_w_tytule_ani_opisie
2026-09-07T16:15:39+00:00,9922905051,Ninetales (HS 7),https://www.vinted.pl/items/9922905051-ninetales-hs-7,29.44,PLN,,,,,,brak_gradingu_w_tytule_ani_opisie
2026-09-07T16:15:40+00:00,9922885667,Magearna #XY186 Promo Card Psa 9 Mint Rare!,https://www.vinted.pl/items/9922885667-magearna-xy186-promo-card-psa-9-mint-rare,392.9,PLN,PSA 9,80.00,21,-32.4,0.50,poza_zakresem_rabatu
2026-09-07T16:15:41+00:00,9922833442,Monferno Lv.18 (BKPR DP 56),https://www.vinted.pl/items/9922833442-monferno-lv18-bkpr-dp-56,39.26,PLN,,,,,,brak_gradingu_w_tytule_ani_opisie
2026-09-07T16:30:49+00:00,9923213504,Pikachu (SVP 027) PSA 9,https://www.vinted.pl/items/9923213504-pikachu-svp-027-psa-9,400.0,PLN,PSA 9,86.00,1525,-25.4,0.33,poza_zakresem_rabatu
2026-09-07T16:30:49+00:00,9923191025,170/165 - Squirtle - reserved - PSA 10,https://www.vinted.pl/items/9923191025-170165-squirtle-reserved-psa-10,554.9,PLN,PSA 10,376.98,216,60.3,0.75,poza_zakresem_rabatu
2026-09-07T16:30:50+00:00,9923175451,Pikachu (LOR tg05) PSA 9,https://www.vinted.pl/items/9923175451-pikachu-lor-tg05-psa-9,550.0,PLN,PSA 9,,,,,brak_ceny_referencyjnej
2026-09-07T16:30:50+00:00,9923140994,Wailord (sv9 103) PSA 10,https://www.vinted.pl/items/9923140994-wailord-sv9-103-psa-10,245.0,PLN,PSA 10,,,,,brak_ceny_referencyjnej
2026-09-07T16:30:50+00:00,9923117069,Mega Gardevoir ex (m1S 087) PSA 10,https://www.vinted.pl/items/9923117069-mega-gardevoir-ex-m1s-087-psa-10,930.0,PLN,PSA 10,650.00,191,61.4,0.60,poza_zakresem_rabatu
2026-09-07T16:30:52+00:00,9923101486,Pokémon M6 Storm Emeralda Booster Box (Japansk),https://www.vinted.pl/items/9923101486-pokemon-m6-storm-emeralda-booster-box-japansk,787.95,PLN,PSA 10,,,,,brak_ceny_referencyjnej
2026-09-07T16:30:54+00:00,9923082217,Gem Pack Vol. 3 Booster Box,https://www.vinted.pl/items/9923082217-gem-pack-vol-3-booster-box,320.67,PLN,PSA 10,15.00,4,-476.4,0.02,poza_zakresem_rabatu
2026-09-07T16:45:33+00:00,9923433904,Pikachu mc donalds jp psa 10,https://www.vinted.pl/items/9923433904-pikachu-mc-donalds-jp-psa-10,654.9,PLN,PSA 10,,,,,brak_ceny_referencyjnej
2026-09-07T16:45:33+00:00,9923395214,1997 - Zapdos - Moltres - Articuno Fossil - PSA 7 Sold as set,https://www.vinted.pl/items/9923395214-1997-zapdos-moltres-articuno-fossil-psa-7-sold-as-set,934.56,PLN,PSA 7,75.00,1,,0.38,za_mala_probka_sprzedazy
2026-09-07T16:45:34+00:00,9923292714,183/165 - Mewtwo 151 - PSA 10,https://www.vinted.pl/items/9923292714-183165-mewtwo-151-psa-10,522.77,PLN,PSA 10,185.00,205,23.8,0.75,wyslano_na_discord
2026-09-07T17:01:00+00:00,9923583359,041/051 - Eevee Holo - Expansion pack PSA 10,https://www.vinted.pl/items/9923583359-041051-eevee-holo-expansion-pack-psa-10,554.9,PLN,PSA 10,320.10,2,,0.40,za_mala_probka_sprzedazy
2026-09-07T17:01:02+00:00,9923498465,Team Rocket’s Mimikyu 238/217 PSA 10 GEM MT,https://www.vinted.pl/items/9923498465-team-rockets-mimikyu-238217-psa-10-gem-mt,676.69,PLN,PSA 10,180.00,335,-1.4,0.75,wyslano_na_discord
2026-09-07T17:01:02+00:00,9923493549,182/165 - Dragonair 151 - PSA 10,https://www.vinted.pl/items/9923493549-182165-dragonair-151-psa-10,370.91,PLN,PSA 10,92.31,67,-8.3,0.75,poza_zakresem_rabatu
2026-09-07T17:01:02+00:00,9923464234,Chansey jp psa 9 pokemon kartica,https://www.vinted.pl/items/9923464234-chansey-jp-psa-9-pokemon-kartica,196.47,PLN,PSA 9,290.00,32,81.7,0.33,poza_zakresem_rabatu
2026-09-07T17:15:35+00:00,9923820893,Mewtwo Lv.51 (MD 9),https://www.vinted.pl/items/9923820893-mewtwo-lv51-md-9,39.26,PLN,,,,,,brak_gradingu_w_tytule_ani_opisie
2026-09-07T17:15:36+00:00,9923813868,1997 - Dark Hypno - Japanese PSA 8,https://www.vinted.pl/items/9923813868-1997-dark-hypno-japanese-psa-8,262.85,PLN,PSA 8,41.16,17,-72.2,0.50,poza_zakresem_rabatu
2026-09-07T17:15:36+00:00,9923758251,2019 - Old Maid Gengar - PSA 10,https://www.vinted.pl/items/9923758251-2019-old-maid-gengar-psa-10,379.67,PLN,PSA 10,,,,,brak_ceny_referencyjnej
2026-09-07T17:15:38+00:00,9923761705,Claydol 090/083 korean kielinen,https://www.vinted.pl/items/9923761705-claydol-090083-korean-kielinen,13.1,PLN,PSA 10,,,,,brak_ceny_referencyjnej
2026-09-07T17:15:38+00:00,9923696782,2025 - Pikachu Illustration Contest - PSA 10,https://www.vinted.pl/items/9923696782-2025-pikachu-illustration-contest-psa-10,522.77,PLN,PSA 10,292.00,123,51.7,0.75,poza_zakresem_rabatu
2026-09-07T17:15:39+00:00,9923696344,charmeleon 110/109,https://www.vinted.pl/items/9923696344-charmeleon-110109,471.07,PLN,PSA 10,7500.00,1,,0.25,za_mala_probka_sprzedazy
2026-09-07T17:30:49+00:00,9924057216,Oceniona Gardevoir ex (SVI 245) PSA 8,https://www.vinted.pl/items/9924057216-oceniona-gardevoir-ex-svi-245-psa-8,390.0,PLN,PSA 8,48.50,6,-116.8,0.60,poza_zakresem_rabatu
2026-09-07T17:30:50+00:00,9924046134,🔥 Houndoom #15 Aquapolis Reverse Holo – PSA 6 🔥,https://www.vinted.pl/items/9924046134-houndoom-15-aquapolis-reverse-holo-psa-6,934.56,PLN,PSA 6,,,,,brak_ceny_referencyjnej
2026-09-07T17:30:50+00:00,9924030923,208/197 - Pidgeotto - PSA 9,https://www.vinted.pl/items/9924030923-208197-pidgeotto-psa-9,172.31,PLN,PSA 9,20.99,163,-121.3,1.00,poza_zakresem_rabatu
2026-09-07T17:30:50+00:00,9924015238,🔥 Latios #046 Japansk Holo – PSA 9 🔥,https://www.vinted.pl/items/9924015238-latios-046-japansk-holo-psa-9,934.56,PLN,PSA 9,,,,,brak_ceny_referencyjnej
2026-09-07T17:30:51+00:00,9924000009,🔥 Yanmega #010 Holo Japansk – PSA 10 🔥,https://www.vinted.pl/items/9924000009-yanmega-010-holo-japansk-psa-10,876.15,PLN,PSA 10,,,,,brak_ceny_referencyjnej
2026-09-07T17:30:51+00:00,9923977469,🔥 Ho-Oh #224 Holo Japansk – PSA 10 🔥,https://www.vinted.pl/items/9923977469-ho-oh-224-holo-japansk-psa-10,1752.31,PLN,PSA 10,123.50,68,-282.6,0.50,poza_zakresem_rabatu
2026-09-07T17:30:51+00:00,9923952866,Pichu 031 Holo Japansk – PSA 9,https://www.vinted.pl/items/9923952866-pichu-031-holo-japansk-psa-9,496.49,PLN,PSA 9,67.50,2,,0.33,za_mala_probka_sprzedazy
2026-09-07T17:30:51+00:00,9923934982,Porygon2 #25 Reverse Holo Stamped – PSA 9,https://www.vinted.pl/items/9923934982-porygon2-25-reverse-holo-stamped-psa-9,700.92,PLN,PSA 9,,,,,brak_ceny_referencyjnej
2026-09-07T17:30:52+00:00,9923910226,🔥 Pokémon Expedition PSA 10 – Squirtle & Charmander 🔥,https://www.vinted.pl/items/9923910226-pokemon-expedition-psa-10-squirtle-charmander,6133.08,PLN,PSA 10,,,,,brak_ceny_referencyjnej
2026-09-07T17:45:35+00:00,9924260265,Reshiram cards,https://www.vinted.pl/items/9924260265-reshiram-cards,19.63,PLN,,,,,,brak_gradingu_w_tytule_ani_opisie
2026-09-07T17:45:36+00:00,9924241177,Electabuzz #1 Game Winner Promo Reverse Holo – PSA 9,https://www.vinted.pl/items/9924241177-electabuzz-1-game-winner-promo-reverse-holo-psa-9,1635.49,PLN,PSA 9,42.50,1,,0.80,za_mala_probka_sprzedazy
2026-09-07T17:45:36+00:00,9924214002,🔥 Dragonair #004 Holo Japansk – PSA 10 🔥,https://www.vinted.pl/items/9924214002-dragonair-004-holo-japansk-psa-10,1460.26,PLN,PSA 10,2800.00,8,85.9,0.33,poza_zakresem_rabatu
2026-09-07T17:45:36+00:00,9924099082,🔥 Lapras ex #99 – PSA 9 – Vintage Pokémon 🔥,https://www.vinted.pl/items/9924099082-lapras-ex-99-psa-9-vintage-pokemon,2920.51,PLN,PSA 9,675.00,36,-16.7,0.60,poza_zakresem_rabatu
2026-09-07T17:45:37+00:00,9924070403,🔥 Typhlosion #12 Holo – PSA 9 – Vintage Pokémon 🔥,https://www.vinted.pl/items/9924070403-typhlosion-12-holo-psa-9-vintage-pokemon,1168.21,PLN,PSA 9,249.50,27,-26.2,0.50,poza_zakresem_rabatu
2026-09-07T17:56:02+00:00,9924382617,2021 Pokemon JPN S-P Pikachu Stamp Box PSA 10,https://www.vinted.pl/items/9924382617-2021-pokemon-jpn-s-p-pikachu-stamp-box-psa-10,14500.0,PLN,PSA 10,,,,,brak_ceny_referencyjnej
2026-09-07T17:56:02+00:00,9924372922,🔥 Evelyn #175 Team Up – PSA 10 🔥,https://www.vinted.pl/items/9924372922-evelyn-175-team-up-psa-10,876.15,PLN,PSA 10,184.40,10,-28.1,1.00,poza_zakresem_rabatu
2026-09-07T17:56:02+00:00,9924344446,🔥 Mallow & Lana Tag Team #231 – PSA 10 🔥,https://www.vinted.pl/items/9924344446-mallow-lana-tag-team-231-psa-10,876.15,PLN,PSA 10,199.82,14,-18.2,0.60,poza_zakresem_rabatu
2026-09-07T17:56:02+00:00,9924317103,🔥 Ninetales #038 Holo Japansk – PSA 9 🔥,https://www.vinted.pl/items/9924317103-ninetales-038-holo-japansk-psa-9,817.74,PLN,PSA 9,16.49,8,-1237.1,0.33,poza_zakresem_rabatu
2026-09-07T17:56:03+00:00,9924289043,Clefairy #35 Holo Japansk – PSA 9,https://www.vinted.pl/items/9924289043-clefairy-35-holo-japansk-psa-9,876.15,PLN,PSA 9,,,,,brak_ceny_referencyjnej
2026-09-07T17:56:03+00:00,9924267249,🔥 Phanpy Reverse Holo Stamped – PSA 9 🔥,https://www.vinted.pl/items/9924267249-phanpy-reverse-holo-stamped-psa-9,700.92,PLN,PSA 9,,,,,brak_ceny_referencyjnej
2026-09-07T18:15:35+00:00,9924620800,Charizard 3/110 Legendary Collection Pokemonkort with Mitsuhiro Arita auto,https://www.vinted.pl/items/9924620800-charizard-3110-legendary-collection-pokemonkort-with-mitsuhiro-arita-auto,5888.36,PLN,,,,,,brak_gradingu_w_tytule_ani_opisie
2026-09-07T18:15:38+00:00,9924578291,Gyarados 102/110 Holon Phantoms Pokemonkort Gold Star,https://www.vinted.pl/items/9924578291-gyarados-102110-holon-phantoms-pokemonkort-gold-star,11776.72,PLN,PSA 3,2399.99,17,-32.3,0.27,poza_zakresem_rabatu
2026-09-07T18:30:48+00:00,9924707114,PSA 10 Mew ex #88 – Pokémon Celebrations,https://www.vinted.pl/items/9924707114-psa-10-mew-ex-88-pokemon-celebrations,730.13,PLN,PSA 10,144.72,684,-36.0,0.80,poza_zakresem_rabatu
2026-09-07T18:45:37+00:00,9924949667,Pokemon karta,https://www.vinted.pl/items/9924949667-pokemon-karta,44.38,PLN,,,,,,brak_gradingu_w_tytule_ani_opisie
2026-09-07T18:45:38+00:00,9924894892,Pokemon Erika Oddish 1st ed,https://www.vinted.pl/items/9924894892-pokemon-erika-oddish-1st-ed,10.92,PLN,,,,,,brak_gradingu_w_tytule_ani_opisie
2026-09-07T18:45:39+00:00,9924894776,Pokemon Misdreavus Skyridge,https://www.vinted.pl/items/9924894776-pokemon-misdreavus-skyridge,13.1,PLN,,,,,,brak_gradingu_w_tytule_ani_opisie
2026-09-07T18:45:41+00:00,9924894860,Pokemon Elekid 1st edition,https://www.vinted.pl/items/9924894860-pokemon-elekid-1st-edition,13.1,PLN,,,,,,brak_gradingu_w_tytule_ani_opisie
2026-09-07T18:45:42+00:00,9924894963,Pokemon Cerulean City Gym 1st edition,https://www.vinted.pl/items/9924894963-pokemon-cerulean-city-gym-1st-edition,8.73,PLN,,,,,,brak_gradingu_w_tytule_ani_opisie
2026-09-07T18:45:44+00:00,9924895024,Pokemon Charity 1st edition,https://www.vinted.pl/items/9924895024-pokemon-charity-1st-edition,34.93,PLN,,,,,,brak_gradingu_w_tytule_ani_opisie
2026-09-07T18:45:45+00:00,9924894739,Pokemon Neo Discovery Bundle,https://www.vinted.pl/items/9924894739-pokemon-neo-discovery-bundle,21.83,PLN,,,,,,brak_gradingu_w_tytule_ani_opisie
2026-09-07T18:45:47+00:00,9924894597,Pokemon Jungle Bundle,https://www.vinted.pl/items/9924894597-pokemon-jungle-bundle,13.1,PLN,,,,,,brak_gradingu_w_tytule_ani_opisie
2026-09-07T18:45:48+00:00,9924894809,Pokemon Legendary Collection Bundle,https://www.vinted.pl/items/9924894809-pokemon-legendary-collection-bundle,6.55,PLN,,,,,,brak_gradingu_w_tytule_ani_opisie
2026-09-07T18:45:49+00:00,9924894287,Pokemon Base Set Bundle,https://www.vinted.pl/items/9924894287-pokemon-base-set-bundle,21.83,PLN,,,,,,brak_gradingu_w_tytule_ani_opisie
2026-09-07T18:45:51+00:00,9924894239,Pokemon Ex Power Keepers Bundle,https://www.vinted.pl/items/9924894239-pokemon-ex-power-keepers-bundle,15.28,PLN,,,,,,brak_gradingu_w_tytule_ani_opisie
2026-09-07T18:45:52+00:00,9924894703,Pokemon Neo Discovery Bundle,https://www.vinted.pl/items/9924894703-pokemon-neo-discovery-bundle,21.83,PLN,,,,,,brak_gradingu_w_tytule_ani_opisie
2026-09-07T18:45:53+00:00,9924894633,Pokemon Neo Destiny Bundle,https://www.vinted.pl/items/9924894633-pokemon-neo-destiny-bundle,13.1,PLN,,,,,,brak_gradingu_w_tytule_ani_opisie
2026-09-07T18:45:55+00:00,9924894334,Pokemon Base Set Bundle 2,https://www.vinted.pl/items/9924894334-pokemon-base-set-bundle-2,21.83,PLN,,,,,,brak_gradingu_w_tytule_ani_opisie
2026-09-07T18:45:56+00:00,9924894668,Pokemon Neo Genesis Bundle,https://www.vinted.pl/items/9924894668-pokemon-neo-genesis-bundle,17.46,PLN,,,,,,brak_gradingu_w_tytule_ani_opisie
2026-09-07T18:45:58+00:00,9924894407,Pokemon Jungle Bundle,https://www.vinted.pl/items/9924894407-pokemon-jungle-bundle,21.83,PLN,,,,,,brak_gradingu_w_tytule_ani_opisie
2026-09-07T18:45:59+00:00,9924894452,Pokemon Jungle Bundle,https://www.vinted.pl/items/9924894452-pokemon-jungle-bundle,21.83,PLN,,,,,,brak_gradingu_w_tytule_ani_opisie
2026-09-07T18:46:00+00:00,9924894513,Pokemon Jungle Bundle,https://www.vinted.pl/items/9924894513-pokemon-jungle-bundle,21.83,PLN,,,,,,brak_gradingu_w_tytule_ani_opisie
2026-09-07T18:46:02+00:00,9924894562,Pokemon Jungle Bundle,https://www.vinted.pl/items/9924894562-pokemon-jungle-bundle,15.28,PLN,,,,,,brak_gradingu_w_tytule_ani_opisie
2026-09-07T18:46:04+00:00,9924894369,Pokemon Jungle Bundle,https://www.vinted.pl/items/9924894369-pokemon-jungle-bundle,21.83,PLN,,,,,,brak_gradingu_w_tytule_ani_opisie
2026-09-07T18:46:05+00:00,9924894186,Pokemon 2022 Energy Bundle,https://www.vinted.pl/items/9924894186-pokemon-2022-energy-bundle,4.37,PLN,,,,,,brak_gradingu_w_tytule_ani_opisie
2026-09-07T18:46:06+00:00,9924895072,Nintendo Gameboy Advance SP Rayquaza IPS screen,https://www.vinted.pl/items/9924895072-nintendo-gameboy-advance-sp-rayquaza-ips-screen,873.2,PLN,,,,,,brak_gradingu_w_tytule_ani_opisie
2026-09-07T19:15:32+00:00,9925334349,Mew PSA 9,https://www.vinted.pl/items/9925334349-mew-psa-9,525.69,PLN,PSA 9,599.95,24,76.4,1.00,poza_zakresem_rabatu
2026-09-07T19:30:49+00:00,9925583099,Steelix Prime 87/95 HeartGold & SoulSilver: Unleashed,https://www.vinted.pl/items/9925583099-steelix-prime-8795-heartgold-soulsilver-unleashed,131.51,PLN,,,,,,brak_gradingu_w_tytule_ani_opisie
2026-09-07T19:30:51+00:00,9925577961,Jumbo Galarian Rapidash V,https://www.vinted.pl/items/9925577961-jumbo-galarian-rapidash-v,27.48,PLN,,,,,,brak_gradingu_w_tytule_ani_opisie
2026-09-07T19:30:52+00:00,9925551336,Pokemon kartica,https://www.vinted.pl/items/9925551336-pokemon-kartica,218.26,PLN,PSA 9,,,,,brak_ceny_referencyjnej
2026-09-07T19:30:53+00:00,9925542965,Ludicolo 095/094 PSA 9,https://www.vinted.pl/items/9925542965-ludicolo-095094-psa-9,150.0,PLN,PSA 9,18.40,79,-119.8,1.00,poza_zakresem_rabatu
2026-09-07T19:30:53+00:00,9925538383,Meowth #192/SV - P - PSA8,https://www.vinted.pl/items/9925538383-meowth-192sv-p-psa8,291.47,PLN,PSA 8,15.25,12,-415.5,0.50,poza_zakresem_rabatu
2026-09-07T19:30:54+00:00,9925453719,Chespin #058,https://www.vinted.pl/items/9925453719-chespin-058,49.07,PLN,PSA 10,,,,,brak_ceny_referencyjnej
2026-09-07T19:30:57+00:00,9925424312,Fennekin #059,https://www.vinted.pl/items/9925424312-fennekin-059,49.07,PLN,PSA 10,,,,,brak_ceny_referencyjnej
2026-09-07T19:45:33+00:00,9925652919,Collection,https://www.vinted.pl/items/9925652919-collection,3925.18,PLN,,,,,,brak_gradingu_w_tytule_ani_opisie
2026-09-07T19:45:34+00:00,9925624103,Shadowy Energy #083/084,https://www.vinted.pl/items/9925624103-shadowy-energy-083084,49.07,PLN,,,,,,brak_gradingu_w_tytule_ani_opisie
2026-09-07T19:45:35+00:00,9925388765,Diglett 1st edition CGC 7.5,https://www.vinted.pl/items/9925388765-diglett-1st-edition-cgc-75,120.0,PLN,CGC 7.5,,,,,brak_ceny_referencyjnej
2026-09-07T20:00:57+00:00,9925894676,Charizard,https://www.vinted.pl/items/9925894676-charizard,321.26,PLN,PSA 10,,,,,brak_ceny_referencyjnej
2026-09-07T20:00:58+00:00,9925859386,Gastly,https://www.vinted.pl/items/9925859386-gastly,467.28,PLN,PSA 10,,,,,brak_ceny_referencyjnej
2026-09-07T20:01:00+00:00,9925841735,"Chespin, Froakie, Fennekin",https://www.vinted.pl/items/9925841735-chespin-froakie-fennekin,130.85,PLN,,,,,,brak_gradingu_w_tytule_ani_opisie
2026-09-07T20:15:37+00:00,9925921695,Mega Charizard X ex,https://www.vinted.pl/items/9925921695-mega-charizard-x-ex,277.45,PLN,PSA 10,89.99,383,16.9,0.23,wyslano_na_discord
2026-09-07T20:30:49+00:00,9926220806,Karta pokemon swsh261 charizard vmax black star promo psa 8,https://www.vinted.pl/items/9926220806-karta-pokemon-swsh261-charizard-vmax-black-star-promo-psa-8,250.0,PLN,PSA 8,,,,,brak_ceny_referencyjnej
2026-09-07T20:30:50+00:00,9926103156,Eevee (sv5a 078) PSA 10,https://www.vinted.pl/items/9926103156-eevee-sv5a-078-psa-10,529.0,PLN,PSA 10,263.50,66,45.9,0.33,poza_zakresem_rabatu
2026-09-07T20:45:36+00:00,9926289345,Entei #4/132 Cosmo Holo #002,https://www.vinted.pl/items/9926289345-entei-4132-cosmo-holo-002,285.63,PLN,PSA 10,,,,,brak_ceny_referencyjnej
2026-09-07T21:01:01+00:00,9926414603,Pokemon tcg Bgs 8 charizard ex xy121,https://www.vinted.pl/items/9926414603-pokemon-tcg-bgs-8-charizard-ex-xy121,1746.21,PLN,BGS 8,,,,,brak_ceny_referencyjnej
2026-09-07T21:15:36+00:00,9926548752,Lucario Vstar SWSH291 Crown Zenith,https://www.vinted.pl/items/9926548752-lucario-vstar-swsh291-crown-zenith,99.21,PLN,PSA 10,,,,,brak_ceny_referencyjnej
2026-09-07T21:15:37+00:00,9926520410,Pokémon Latios #070 SV7a Japanese Art Rare PSA 10 GEM MT,https://www.vinted.pl/items/9926520410-pokemon-latios-070-sv7a-japanese-art-rare-psa-10-gem-mt,599.0,PLN,PSA 10,1499.99,3,89.2,0.12,poza_zakresem_rabatu
2026-09-07T21:30:47+00:00,9926631567,Pokemon,https://www.vinted.pl/items/9926631567-pokemon,611.24,PLN,,,,,,brak_gradingu_w_tytule_ani_opisie
2026-09-07T21:45:35+00:00,9926773021,Glaceon 0807/14 Rotary - Gem Pack 2 Chinese Pokémon Scarlet & Violet,https://www.vinted.pl/items/9926773021-glaceon-080714-rotary-gem-pack-2-chinese-pokemon-scarlet-violet,7.46,PLN,,,,,,brak_gradingu_w_tytule_ani_opisie
2026-09-07T21:45:37+00:00,9926763320,Leafeon 0708/15 Rotary - Gem Pack 2 Chinese Pokémon Scarlet & Violet,https://www.vinted.pl/items/9926763320-leafeon-070815-rotary-gem-pack-2-chinese-pokemon-scarlet-violet,7.46,PLN,,,,,,brak_gradingu_w_tytule_ani_opisie
2026-09-07T21:45:38+00:00,9926753157,Leafeon 0706/15 Stars - Gem Pack 2 Chinese Pokémon Scarlet & Violet,https://www.vinted.pl/items/9926753157-leafeon-070615-stars-gem-pack-2-chinese-pokemon-scarlet-violet,11.38,PLN,,,,,,brak_gradingu_w_tytule_ani_opisie
2026-09-07T21:45:39+00:00,9926744775,Espeon 0508/15 Rotary - Gem Pack 2 Chinese Pokémon Scarlet & Violet,https://www.vinted.pl/items/9926744775-espeon-050815-rotary-gem-pack-2-chinese-pokemon-scarlet-violet,7.46,PLN,,,,,,brak_gradingu_w_tytule_ani_opisie
2026-09-07T21:45:41+00:00,9926735588,Espeon 0506/15 Stars - Gem Pack 2 Chinese Pokémon Scarlet & Violet,https://www.vinted.pl/items/9926735588-espeon-050615-stars-gem-pack-2-chinese-pokemon-scarlet-violet,11.38,PLN,,,,,,brak_gradingu_w_tytule_ani_opisie
2026-09-07T21:45:42+00:00,9926725302,Jolteon 0307/15 Rotary - Gem Pack 2 Chinese Pokémon Scarlet & Violet,https://www.vinted.pl/items/9926725302-jolteon-030715-rotary-gem-pack-2-chinese-pokemon-scarlet-violet,7.46,PLN,,,,,,brak_gradingu_w_tytule_ani_opisie
2026-09-07T21:45:43+00:00,9926715104,Jolteon 0305/15 Stars - Gem Pack 2 Chinese Pokémon Scarlet & Violet,https://www.vinted.pl/items/9926715104-jolteon-030515-stars-gem-pack-2-chinese-pokemon-scarlet-violet,9.03,PLN,,,,,,brak_gradingu_w_tytule_ani_opisie
2026-09-07T21:45:44+00:00,9926705596,Vaporeon 0207/15 Rotary - Gem Pack 2 Chinese Pokémon Scarlet & Violet,https://www.vinted.pl/items/9926705596-vaporeon-020715-rotary-gem-pack-2-chinese-pokemon-scarlet-violet,7.46,PLN,,,,,,brak_gradingu_w_tytule_ani_opisie
2026-09-07T21:45:46+00:00,9926678835,Mega Charizard X ex SIR #125/094 - BGS 9 Mint.,https://www.vinted.pl/items/9926678835-mega-charizard-x-ex-sir-125094-bgs-9-mint,3800.0,PLN,BGS 9,842.76,45,-21.6,0.86,poza_zakresem_rabatu
2026-09-07T22:46:08+00:00,9927069204,Garchomp ex 245/182 psa 8,https://www.vinted.pl/items/9927069204-garchomp-ex-245182-psa-8,175.23,PLN,PSA 8,16.03,12,-194.7,0.75,poza_zakresem_rabatu
2026-09-07T22:46:09+00:00,9926993970,Mega darkrai ex 114/081 NM,https://www.vinted.pl/items/9926993970-mega-darkrai-ex-114081-nm,900.0,PLN,PSA 10,,,,,brak_ceny_referencyjnej
2026-09-07T23:01:01+00:00,9927090508,Mew ex,https://www.vinted.pl/items/9927090508-mew-ex,1255.82,PLN,PSA 10,7500.00,5,95.5,1.00,poza_zakresem_rabatu
2026-09-08T00:30:46+00:00,9927379873,Eevee  173 psa 9,https://www.vinted.pl/items/9927379873-eevee-173-psa-9,163.55,PLN,PSA 9,29.00,953,-52.1,1.00,poza_zakresem_rabatu
2026-09-08T05:15:37+00:00,9927968195,CBB3C: Gem Pack Vol. 3 Booster Box,https://www.vinted.pl/items/9927968195-cbb3c-gem-pack-vol-3-booster-box,302.77,PLN,PSA 10,,,,,brak_ceny_referencyjnej
2026-09-08T05:15:37+00:00,9927958749,Mega Charizard X ex– UPC promo psa 10 a Oricorio ex– UPC promo psa 10,https://www.vinted.pl/items/9927958749-mega-charizard-x-ex-upc-promo-psa-10-a-oricorio-ex-upc-promo-psa-10,1658.2,PLN,PSA 10,,,,,brak_ceny_referencyjnej
2026-09-08T05:45:33+00:00,9928033965,Sprzedam 3 szt kart pokemon w slabach psa9,https://www.vinted.pl/items/9928033965-sprzedam-3-szt-kart-pokemon-w-slabach-psa9,1000.0,PLN,PSA 9,,,,,brak_ceny_referencyjnej
2026-09-08T06:27:40+00:00,9928146125,Iono (Pal 269) PSA 9,https://www.vinted.pl/items/9928146125-iono-pal-269-psa-9,216.11,PLN,PSA 9,57.11,237,-2.0,0.67,poza_zakresem_rabatu
2026-09-08T06:30:51+00:00,9928193250,PSA 10 Mega Sharpedo Ex #127 PFL,https://www.vinted.pl/items/9928193250-psa-10-mega-sharpedo-ex-127-pfl,432.57,PLN,PSA 10,100.00,418,-16.6,0.80,poza_zakresem_rabatu
2026-09-08T08:15:35+00:00,9928716752,Pokémon karta Jynx - PBL 032 - Reverse Holo - Common - Pitch Black,https://www.vinted.pl/items/9928716752-pokemon-karta-jynx-pbl-032-reverse-holo-common-pitch-black,8.68,PLN,,,,,,brak_gradingu_w_tytule_ani_opisie
2026-09-08T08:15:37+00:00,9928698173,Pikachu Jungle 1st edition,https://www.vinted.pl/items/9928698173-pikachu-jungle-1st-edition,816.73,PLN,PSA 8,,,,,brak_ceny_referencyjnej
2026-09-08T08:30:49+00:00,9928800949,Charizard holo Expedition PSA 7,https://www.vinted.pl/items/9928800949-charizard-holo-expedition-psa-7,7263.03,PLN,PSA 7,,,,,brak_ceny_referencyjnej
2026-09-08T09:45:34+00:00,9929567882,Sylveon 0911/15 Stamped - Chinese Gem Pack 2 Pokémon Scarlet &,https://www.vinted.pl/items/9929567882-sylveon-091115-stamped-chinese-gem-pack-2-pokemon-scarlet,15.24,PLN,,,,,,brak_gradingu_w_tytule_ani_opisie
2026-09-08T09:45:36+00:00,9929567933,Sylveon V 0913/15 - Chinese Gem Pack 2 Pokémon Scarlet & Violet,https://www.vinted.pl/items/9929567933-sylveon-v-091315-chinese-gem-pack-2-pokemon-scarlet-violet,15.24,PLN,,,,,,brak_gradingu_w_tytule_ani_opisie
2026-09-08T10:01:03+00:00,9929628600,Pokemon Storm Emeralda (M6) Booster Box,https://www.vinted.pl/items/9929628600-pokemon-storm-emeralda-m6-booster-box,641.13,PLN,PSA 10,,,,,brak_ceny_referencyjnej
2026-09-08T10:30:49+00:00,9930089234,Wailord ex,https://www.vinted.pl/items/9930089234-wailord-ex,13.08,PLN,PSA 10,,,,,brak_ceny_referencyjnej
2026-09-08T10:30:50+00:00,9930079052,Veluza ex,https://www.vinted.pl/items/9930079052-veluza-ex,13.08,PLN,PSA 10,,,,,brak_ceny_referencyjnej
2026-09-08T10:30:52+00:00,9930055398,Dragapult ex,https://www.vinted.pl/items/9930055398-dragapult-ex,30.52,PLN,PSA 10,59.99,29,86.3,0.67,poza_zakresem_rabatu
2026-09-08T10:30:53+00:00,9930038629,Lugia ex,https://www.vinted.pl/items/9930038629-lugia-ex,13.08,PLN,PSA 10,14850.00,4,100.0,0.67,poza_zakresem_rabatu
2026-09-08T10:30:54+00:00,9921832969,Venusaur XY123 - Pokémon kort 2016,https://www.vinted.pl/items/9921832969-venusaur-xy123-pokemon-kort-2016,429.97,PLN,PSA 9,320.00,1,,0.07,za_mala_probka_sprzedazy
2026-09-08T10:45:37+00:00,9930110661,Lurantis ex,https://www.vinted.pl/items/9930110661-lurantis-ex,13.08,PLN,PSA 10,,,,,brak_ceny_referencyjnej
2026-09-08T11:01:06+00:00,9930288295,Pokémon TCG: Champion's Path Elite Trainer Box.,https://www.vinted.pl/items/9930288295-pokemon-tcg-champions-path-elite-trainer-box,675.9,PLN,CGC 10,,,,,brak_ceny_referencyjnej
2026-09-08T11:30:52+00:00,9930684152,Pokémon Purrloin #136 PSA 9,https://www.vinted.pl/items/9930684152-pokemon-purrloin-136-psa-9,153.2,PLN,PSA 9,,,,,brak_ceny_referencyjnej
2026-09-08T11:30:53+00:00,9930677490,Sylveon cbb2c PSA 9,https://www.vinted.pl/items/9930677490-sylveon-cbb2c-psa-9,400.0,PLN,PSA 9,,,,,brak_ceny_referencyjnej
2026-09-08T11:30:54+00:00,9930702010,[BGS 7.5] 2002 Pokemon Neo Destiny Dark Houndoom Holo #7/105,https://www.vinted.pl/items/9930702010-bgs-75-2002-pokemon-neo-destiny-dark-houndoom-holo-7105,1000.0,PLN,BGS 7.5,,,,,brak_ceny_referencyjnej
2026-09-08T11:30:54+00:00,9930662714,[BGS 7] 1999 Pokemon Fossil 1st edition Kabutops Holo #9/62,https://www.vinted.pl/items/9930662714-bgs-7-1999-pokemon-fossil-1st-edition-kabutops-holo-962,900.0,PLN,BGS 7,,,,,brak_ceny_referencyjnej
2026-09-08T11:30:55+00:00,9930615304,[BGS 7.5] 2000 Pokemon Neo Genesis 1st edition,https://www.vinted.pl/items/9930615304-bgs-75-2000-pokemon-neo-genesis-1st-edition,1400.0,PLN,BGS 7.5,,,,,brak_ceny_referencyjnej
2026-09-08T12:01:07+00:00,9931004775,Blaziken V (TG14/TG30) PSA 9,https://www.vinted.pl/items/9931004775-blaziken-v-tg14tg30-psa-9,261.21,PLN,PSA 9,,,,,brak_ceny_referencyjnej
2026-09-08T12:45:39+00:00,9931147840,Pokemon TCG - Kingdra 31/147 | Burning Shadows | Reverse Holo,https://www.vinted.pl/items/9931147840-pokemon-tcg-kingdra-31147-burning-shadows-reverse-holo,90.12,PLN,,,,,,brak_gradingu_w_tytule_ani_opisie
2026-09-08T13:01:08+00:00,9931618310,Pokémon,https://www.vinted.pl/items/9931618310-pokemon,283.45,PLN,PSA 9,,,,,brak_ceny_referencyjnej
2026-09-08T13:01:10+00:00,9931540493,Pokémon,https://www.vinted.pl/items/9931540493-pokemon,65.41,PLN,PSA 8,,,,,brak_ceny_referencyjnej
2026-09-08T13:15:40+00:00,9931838240,Mega Gardevoir EX SIR #178,https://www.vinted.pl/items/9931838240-mega-gardevoir-ex-sir-178,828.53,PLN,BGS 9,166.25,4,-34.4,0.17,poza_zakresem_rabatu
2026-09-08T13:30:53+00:00,9931934874,PSA 10 Van Gogh Pikachu SVP EN 085 Promocyjna karta pokemon.,https://www.vinted.pl/items/9931934874-psa-10-van-gogh-pikachu-svp-en-085-promocyjna-karta-pokemon,12500.0,PLN,PSA 10,,,,,brak_ceny_referencyjnej
2026-09-08T13:30:53+00:00,9931910832,"Karta promocyjna Pokemon Center PSA 10 Mega Tokyo's Pikachu 098/XY-P, japońska, 2014. Pokemon",https://www.vinted.pl/items/9931910832-karta-promocyjna-pokemon-center-psa-10-mega-tokyos-pikachu-098xy-p-japonska-2014-pokemon,13500.0,PLN,PSA 10,,,,,brak_ceny_referencyjnej
2026-09-08T13:45:41+00:00,9932168681,Pokémon TCG: Magmortar #175 PSA 9 - japanese,https://www.vinted.pl/items/9932168681-pokemon-tcg-magmortar-175-psa-9-japanese,116.87,PLN,PSA 9,,,,,brak_ceny_referencyjnej
2026-09-08T14:01:44+00:00,9932251032,"Eveelutions - leafeon, sylveon, Glaceon",https://www.vinted.pl/items/9932251032-eveelutions-leafeon-sylveon-glaceon,2187.66,PLN,,,,,,brak_gradingu_w_tytule_ani_opisie
2026-09-08T14:01:44+00:00,9932242735,Pokemon PSA 9,https://www.vinted.pl/items/9932242735-pokemon-psa-9,3200.0,PLN,PSA 9,,,,,brak_ceny_referencyjnej
2026-09-08T14:30:56+00:00,9932598897,Greninja Pokémon kort,https://www.vinted.pl/items/9932598897-greninja-pokemon-kort,3713.4,PLN,PSA 10,,,,,brak_ceny_referencyjnej
2026-09-08T14:45:35+00:00,9932838464,Iono (Pal 269) PSA 9,https://www.vinted.pl/items/9932838464-iono-pal-269-psa-9,216.11,PLN,PSA 9,57.11,237,-1.8,0.67,wyslano_na_discord
2026-09-08T16:31:22+00:00,9933168807,Gengar TG06/TG30 – Lost Origin,https://www.vinted.pl/items/9933168807-gengar-tg06tg30-lost-origin,209.27,PLN,,,,,,brak_gradingu_w_tytule_ani_opisie
2026-09-08T16:31:23+00:00,9932982019,PSA 10 Castform Sunny Form #67 Pokemon Japanese Paradise Dragona,https://www.vinted.pl/items/9932982019-psa-10-castform-sunny-form-67-pokemon-japanese-paradise-dragona,195.44,PLN,PSA 10,,,,,brak_ceny_referencyjnej
2026-09-08T16:31:39+00:00,9932915469,Light Arcanine #12 Holo PSA,https://www.vinted.pl/items/9932915469-light-arcanine-12-holo-psa,1050.08,PLN,PSA 4,115.00,3,-145.6,0.20,poza_zakresem_rabatu
2026-09-08T16:45:38+00:00,9933299268,Pokemon samling,https://www.vinted.pl/items/9933299268-pokemon-samling,234.14,PLN,PSA 10,,,,,brak_ceny_referencyjnej
2026-09-08T17:15:35+00:00,9933749569,PSA 10 Van Gogh Pikachu SVP EN 085 Promocyjna karta pokemon.,https://www.vinted.pl/items/9933749569-psa-10-van-gogh-pikachu-svp-en-085-promocyjna-karta-pokemon,12500.0,PLN,PSA 10,,,,,brak_ceny_referencyjnej
2026-09-08T17:15:35+00:00,9933719702,Detective Pikachu 098 i PSA 10,https://www.vinted.pl/items/9933719702-detective-pikachu-098-i-psa-10,2537.69,PLN,PSA 10,397.00,2,,0.50,za_mala_probka_sprzedazy
2026-09-08T17:30:53+00:00,9933947369,Reshiram #168,https://www.vinted.pl/items/9933947369-reshiram-168,734.86,PLN,PSA 10,,,,,brak_ceny_referencyjnej
2026-09-08T17:30:55+00:00,9933945557,Shaymin EX (ROS 106),https://www.vinted.pl/items/9933945557-shaymin-ex-ros-106,39.09,PLN,,,,,,brak_gradingu_w_tytule_ani_opisie
2026-09-08T17:30:56+00:00,9933867326,Drakloak Japanese Full Art,https://www.vinted.pl/items/9933867326-drakloak-japanese-full-art,26.8,PLN,PSA 10,,,,,brak_ceny_referencyjnej
2026-09-08T17:30:57+00:00,9933786078,Latias ex 239 i PSA 10,https://www.vinted.pl/items/9933786078-latias-ex-239-i-psa-10,2555.19,PLN,PSA 10,504.21,345,-36.3,0.75,poza_zakresem_rabatu
2026-09-08T17:30:57+00:00,9933764772,Pikachu 205 i PSA 10,https://www.vinted.pl/items/9933764772-pikachu-205-i-psa-10,2275.17,PLN,PSA 10,2000.00,1,,0.33,za_mala_probka_sprzedazy
2026-09-08T17:45:38+00:00,9934159563,8 x Gem vol 3 booster packs,https://www.vinted.pl/items/9934159563-8-x-gem-vol-3-booster-packs,116.09,PLN,PSA 10,246.80,80,87.3,0.02,poza_zakresem_rabatu
2026-09-08T17:45:38+00:00,9934015511,Pokémon TCG – Mewtwo & Mew GX 029/094 PSA 10 | JP,https://www.vinted.pl/items/9934015511-pokemon-tcg-mewtwo-mew-gx-029094-psa-10-jp,1099.0,PLN,PSA 10,,,,,brak_ceny_referencyjnej
2026-09-08T17:45:38+00:00,9933988687,Charizard mep 023 PSA9,https://www.vinted.pl/items/9933988687-charizard-mep-023-psa9,350.0,PLN,PSA 9,61.99,30,-51.9,0.33,poza_zakresem_rabatu
2026-09-08T18:15:42+00:00,9934539684,Greedent V PSA 10,https://www.vinted.pl/items/9934539684-greedent-v-psa-10,408.36,PLN,PSA 10,80.50,50,-36.4,1.00,poza_zakresem_rabatu
2026-09-08T18:15:42+00:00,9934525780,Perrserker V PSA 10,https://www.vinted.pl/items/9934525780-perrserker-v-psa-10,466.7,PLN,PSA 10,91.45,42,-37.3,1.00,poza_zakresem_rabatu
2026-09-08T18:15:44+00:00,9934412557,Pokémon V karty,https://www.vinted.pl/items/9934412557-pokemon-v-karty,43.56,PLN,PSA 10,,,,,brak_ceny_referencyjnej
2026-09-08T18:30:51+00:00,9934748467,Charizard GX 9/68 PSA10 - Hidden Fates - Pokemoncard,https://www.vinted.pl/items/9934748467-charizard-gx-968-psa10-hidden-fates-pokemoncard,566.78,PLN,PSA 10,100.00,459,-52.5,0.86,poza_zakresem_rabatu
2026-09-08T18:30:51+00:00,9934744831,Pikachu PSA10 - ascended heroes,https://www.vinted.pl/items/9934744831-pikachu-psa10-ascended-heroes,13517.94,PLN,PSA 10,1225.00,243,-196.8,1.00,poza_zakresem_rabatu
2026-09-08T18:30:52+00:00,9934616228,"BGS 8 Gyarados #12, Reverse Holo, Pokemon Legendary Collection",https://www.vinted.pl/items/9934616228-bgs-8-gyarados-12-reverse-holo-pokemon-legendary-collection,5668.92,PLN,BGS 8,,,,,brak_ceny_referencyjnej
2026-09-08T18:45:38+00:00,9934983687,Jumbo Galarian Rapidash,https://www.vinted.pl/items/9934983687-jumbo-galarian-rapidash,26.97,PLN,PSA 6,,,,,brak_ceny_referencyjnej
2026-09-08T18:45:40+00:00,9934961654,Fennekin #059,https://www.vinted.pl/items/9934961654-fennekin-059,46.52,PLN,PSA 10,,,,,brak_ceny_referencyjnej
2026-09-08T18:45:41+00:00,9934943060,Chespin # 058,https://www.vinted.pl/items/9934943060-chespin-058,46.52,PLN,PSA 10,,,,,brak_ceny_referencyjnej
2026-09-08T18:45:42+00:00,9934927351,Pikachu & Zekrom GX PSA 10,https://www.vinted.pl/items/9934927351-pikachu-zekrom-gx-psa-10,3270.53,PLN,PSA 10,369.99,12,-137.8,1.00,poza_zakresem_rabatu
2026-09-08T18:45:44+00:00,9934907465,Froakie # 060,https://www.vinted.pl/items/9934907465-froakie-060,46.52,PLN,,,,,,brak_gradingu_w_tytule_ani_opisie
2026-09-08T18:45:45+00:00,9934850130,Team Rocket’s Mimikyu 238/217 PSA 10 GEM MT,https://www.vinted.pl/items/9934850130-team-rockets-mimikyu-238217-psa-10-gem-mt,675.87,PLN,PSA 10,180.00,335,-1.0,0.75,wyslano_na_discord
2026-09-08T18:45:46+00:00,9934819775,"BGS 8,5 Raichu #14, Pokemon Fossil 1st Edition Dutch",https://www.vinted.pl/items/9934819775-bgs-85-raichu-14-pokemon-fossil-1st-edition-dutch,5232.85,PLN,"BGS 8,5",160.06,7,-779.4,0.50,poza_zakresem_rabatu
2026-09-08T18:54:31+00:00,9935033765,"Fennekin, Froakie,Chespin",https://www.vinted.pl/items/9935033765-fennekin-froakiechespin,136.81,PLN,PSA 10,,,,,brak_ceny_referencyjnej
2026-09-08T19:01:07+00:00,9935158835,Jolteon gold star PSA 3🔥,https://www.vinted.pl/items/9935158835-jolteon-gold-star-psa-3,4375.32,PLN,PSA 3,,,,,brak_ceny_referencyjnej
2026-09-08T19:01:08+00:00,9935113484,Charmeleon 24 psa 5,https://www.vinted.pl/items/9935113484-charmeleon-24-psa-5,148.54,PLN,PSA 5,,,,,brak_ceny_referencyjnej
2026-09-08T19:01:09+00:00,9935101730,Flareon RC28/RC32 Generations Radiant Collection - XY 2016,https://www.vinted.pl/items/9935101730-flareon-rc28rc32-generations-radiant-collection-xy-2016,976.82,PLN,PSA 10,,,,,brak_ceny_referencyjnej
2026-09-08T19:15:37+00:00,9935343746,Pokemon PSA magnetic card holder case,https://www.vinted.pl/items/9935343746-pokemon-psa-magnetic-card-holder-case,56.69,PLN,,,,,,brak_gradingu_w_tytule_ani_opisie
2026-09-08T19:15:39+00:00,9935254462,Jumbo Galarian Rapidash,https://www.vinted.pl/items/9935254462-jumbo-galarian-rapidash,46.52,PLN,PSA 6,,,,,brak_ceny_referencyjnej
2026-09-08T19:15:41+00:00,9935325164,Venusaur XY-2/146 2024,https://www.vinted.pl/items/9935325164-venusaur-xy-2146-2024,187.51,PLN,,,,,,brak_gradingu_w_tytule_ani_opisie
2026-09-08T19:45:39+00:00,9935617735,Pokémon Dialga LV.X DP37,https://www.vinted.pl/items/9935617735-pokemon-dialga-lvx-dp37,810.9,PLN,PSA 7,130.50,1,,0.02,za_mala_probka_sprzedazy
2026-09-08T20:01:05+00:00,9935780660,Sprzedam 3 karty w bgs 9.5,https://www.vinted.pl/items/9935780660-sprzedam-3-karty-w-bgs-95,3900.0,PLN,BGS 9.5,,,,,brak_ceny_referencyjnej
2026-09-08T20:15:40+00:00,9935979256,PSA 10 Lionel Messi 2018 Panini Prizm World Cup #1 – GEM MT 10,https://www.vinted.pl/items/9935979256-psa-10-lionel-messi-2018-panini-prizm-world-cup-1-gem-mt-10,875.06,PLN,PSA 10,,,,,brak_ceny_referencyjnej
2026-09-08T20:30:51+00:00,9936059631,Oricorio ex 024 BGS 9.5,https://www.vinted.pl/items/9936059631-oricorio-ex-024-bgs-95,388.1,PLN,BGS 9.5,4.34,1,,0.67,za_mala_probka_sprzedazy
2026-09-08T21:01:06+00:00,9936390012,Raichu LV.X (Stf 99),https://www.vinted.pl/items/9936390012-raichu-lvx-stf-99,48.86,PLN,,,,,,brak_gradingu_w_tytule_ani_opisie
2026-09-08T21:01:07+00:00,9936369128,Infernape LV.X (Dppr 10),https://www.vinted.pl/items/9936369128-infernape-lvx-dppr-10,19.54,PLN,,,,,,brak_gradingu_w_tytule_ani_opisie
2026-09-08T21:01:09+00:00,9936337817,Heatran EX (PLF 13),https://www.vinted.pl/items/9936337817-heatran-ex-plf-13,35.18,PLN,,,,,,brak_gradingu_w_tytule_ani_opisie
2026-09-08T21:15:48+00:00,9936465025,Weavile  228/217 PSA 10,https://www.vinted.pl/items/9936465025-weavile-228217-psa-10,388.1,PLN,PSA 10,82.00,137,-27.3,1.00,poza_zakresem_rabatu
2026-09-08T21:30:52+00:00,9936575716,Light Jolteon (NDE 48),https://www.vinted.pl/items/9936575716-light-jolteon-nde-48,87.95,PLN,,,,,,brak_gradingu_w_tytule_ani_opisie
2026-09-08T21:30:55+00:00,9936565220,"2021 Pokémon Celebrations Classic Collection Venusaur Holo (#15/102),",https://www.vinted.pl/items/9936565220-2021-pokemon-celebrations-classic-collection-venusaur-holo-15102,348.86,PLN,PSA 10,,,,,brak_ceny_referencyjnej
2026-09-08T21:30:55+00:00,9936531063,Lillie's Clefairy ex 280/217 PSA 9,https://www.vinted.pl/items/9936531063-lillies-clefairy-ex-280217-psa-9,824.17,PLN,PSA 9,190.75,58,-16.2,1.00,poza_zakresem_rabatu
2026-09-08T21:30:55+00:00,9936497459,Poké Pad POR 113/088 PSA 10,https://www.vinted.pl/items/9936497459-poke-pad-por-113088-psa-10,300.89,PLN,PSA 10,47.00,25,-72.2,0.60,poza_zakresem_rabatu
2026-09-08T21:42:13+00:00,9936628371,Pokémon Charmeleon Shiny SV7 – Hidden Fates – PSA 10,https://www.vinted.pl/items/9936628371-pokemon-charmeleon-shiny-sv7-hidden-fates-psa-10,495.87,PLN,PSA 10,,,,,brak_ceny_referencyjnej
2026-09-08T21:42:14+00:00,9936628023,Blaine's Moltres (GH 1),https://www.vinted.pl/items/9936628023-blaines-moltres-gh-1,117.27,PLN,,,,,,brak_gradingu_w_tytule_ani_opisie
2026-09-08T21:42:15+00:00,9936575264,2021 Pokémon Celebrations Classic Collection Blastoise Holo (#2/102),https://www.vinted.pl/items/9936575264-2021-pokemon-celebrations-classic-collection-blastoise-holo-2102,436.07,PLN,,,,,,brak_gradingu_w_tytule_ani_opisie
2026-09-08T22:01:10+00:00,9936750772,Sliggoo (CRI 095),https://www.vinted.pl/items/9936750772-sliggoo-cri-095,12.44,PLN,PSA 10,99.97,9,96.7,0.01,poza_zakresem_rabatu
2026-09-08T22:01:12+00:00,9936744841,Charizard V (s9 014),https://www.vinted.pl/items/9936744841-charizard-v-s9-014,16.04,PLN,PSA 10,,,,,brak_ceny_referencyjnej
2026-09-08T22:01:12+00:00,9936706781,Pikachu McDonald’s Psa 10 Japanese,https://www.vinted.pl/items/9936706781-pikachu-mcdonalds-psa-10-japanese,468.25,PLN,PSA 10,,,,,brak_ceny_referencyjnej
2026-09-08T22:01:12+00:00,9936733371,"Electric Shock Showdown- CGC 7,5",https://www.vinted.pl/items/9936733371-electric-shock-showdown-cgc-75,125.99,PLN,"CGC 7,5",,,,,brak_ceny_referencyjnej
2026-09-08T22:15:39+00:00,9936773038,Primarina (PBL 088),https://www.vinted.pl/items/9936773038-primarina-pbl-088,16.04,PLN,PSA 10,,,,,brak_ceny_referencyjnej
2026-09-08T22:15:41+00:00,9936765719,Seadra (FO 42) 1st ed.,https://www.vinted.pl/items/9936765719-seadra-fo-42-1st-ed,23.25,PLN,PSA 10,256.75,18,97.6,0.02,poza_zakresem_rabatu
2026-09-08T22:15:42+00:00,9936760268,Iono (Pal 269) PSA 9,https://www.vinted.pl/items/9936760268-iono-pal-269-psa-9,216.11,PLN,PSA 9,57.11,237,-1.8,0.67,wyslano_na_discord
2026-09-08T22:15:44+00:00,9936757626,Watchog (m4 095),https://www.vinted.pl/items/9936757626-watchog-m4-095,10.63,PLN,PSA 10,,,,,brak_ceny_referencyjnej
2026-09-08T23:15:38+00:00,9937023264,Mallow trainer,https://www.vinted.pl/items/9937023264-mallow-trainer,82.84,PLN,PSA 10,,,,,brak_ceny_referencyjnej
2026-09-08T23:15:39+00:00,9937019641,Rotom,https://www.vinted.pl/items/9937019641-rotom,113.76,PLN,PSA 10,,,,,brak_ceny_referencyjnej
2026-09-08T23:15:42+00:00,9937011906,Manaphy,https://www.vinted.pl/items/9937011906-manaphy,43.75,PLN,PSA 10,,,,,brak_ceny_referencyjnej
2026-09-08T23:15:43+00:00,9937008138,Meowth,https://www.vinted.pl/items/9937008138-meowth,67.09,PLN,PSA 10,,,,,brak_ceny_referencyjnej
2026-09-08T23:15:45+00:00,9937004332,Pokemon gardevoir,https://www.vinted.pl/items/9937004332-pokemon-gardevoir,45.5,PLN,PSA 10,,,,,brak_ceny_referencyjnej
2026-09-08T23:15:47+00:00,9936998137,Pokemon,https://www.vinted.pl/items/9936998137-pokemon,148.76,PLN,PSA 10,,,,,brak_ceny_referencyjnej
2026-09-08T23:15:49+00:00,9936993538,Pokemon,https://www.vinted.pl/items/9936993538-pokemon,12.83,PLN,PSA 10,,,,,brak_ceny_referencyjnej
2026-09-08T23:15:50+00:00,9936987545,Pokemon,https://www.vinted.pl/items/9936987545-pokemon,10.5,PLN,PSA 10,,,,,brak_ceny_referencyjnej
2026-09-09T04:15:36+00:00,9937711865,"BGS 9 Snorlax #10, Reverse Holo, Pokemon Dragon Frontiers",https://www.vinted.pl/items/9937711865-bgs-9-snorlax-10-reverse-holo-pokemon-dragon-frontiers,6985.23,PLN,BGS 9,176.50,1,,1.00,za_mala_probka_sprzedazy
2026-09-09T05:00:57+00:00,9937787317,Charizard #183 PSA 10,https://www.vinted.pl/items/9937787317-charizard-183-psa-10,1039.06,PLN,PSA 10,185.00,206,-51.1,1.00,poza_zakresem_rabatu
2026-09-09T05:30:46+00:00,9937851855,Aurorus bgs 10 pristine,https://www.vinted.pl/items/9937851855-aurorus-bgs-10-pristine,851.32,PLN,BGS 10,,,,,brak_ceny_referencyjnej
2026-09-09T06:01:01+00:00,9937937648,Mega dragonite ex 290,https://www.vinted.pl/items/9937937648-mega-dragonite-ex-290,2099.99,PLN,PSA 10,1877.50,375,69.9,0.26,poza_zakresem_rabatu
2026-09-09T06:30:48+00:00,9938005341,Pikachu McDonald’s Psa 10 Japanese,https://www.vinted.pl/items/9938005341-pikachu-mcdonalds-psa-10-japanese,468.44,PLN,PSA 10,,,,,brak_ceny_referencyjnej
2026-09-09T07:01:02+00:00,9938213416,Sprzedam Ryhorn Psa 10,https://www.vinted.pl/items/9938213416-sprzedam-ryhorn-psa-10,2000.0,PLN,PSA 10,,,,,brak_ceny_referencyjnej
2026-09-09T07:15:38+00:00,9938263637,Pokemon TCG Canary,https://www.vinted.pl/items/9938263637-pokemon-tcg-canary,100.0,PLN,PSA 8,,,,,brak_ceny_referencyjnej
2026-09-09T07:30:58+00:00,9938375881,Pokémon 2002 Charizard Expedition PSA 8,https://www.vinted.pl/items/9938375881-pokemon-2002-charizard-expedition-psa-8,1100.0,PLN,PSA 8,,,,,brak_ceny_referencyjnej
2026-09-09T07:30:58+00:00,9938363629,Pikachu McDonald’s Psa 10 Japanese,https://www.vinted.pl/items/9938363629-pikachu-mcdonalds-psa-10-japanese,468.44,PLN,PSA 10,,,,,brak_ceny_referencyjnej
2026-09-09T07:30:58+00:00,9938344697,Pokémon Bulbasaur #50 Japanese SVG Special Set – PSA 8,https://www.vinted.pl/items/9938344697-pokemon-bulbasaur-50-japanese-svg-special-set-psa-8,276.14,PLN,PSA 8,,,,,brak_ceny_referencyjnej
2026-09-09T08:30:50+00:00,9938848552,Magikarp  ACE-10 Iba dnes zajtra !!,https://www.vinted.pl/items/9938848552-magikarp-ace-10-iba-dnes-zajtra,4278.45,PLN,,,,,,brak_gradingu_w_tytule_ani_opisie
2026-09-09T08:45:48+00:00,9938935299,Tangela 178/165 PSA 7,https://www.vinted.pl/items/9938935299-tangela-178165-psa-7,205.0,PLN,PSA 7,,,,,brak_ceny_referencyjnej
2026-09-09T08:45:48+00:00,9938864607,Pokemon machamp psa 9 1st edition holo 8/102 1999 first edition,https://www.vinted.pl/items/9938864607-pokemon-machamp-psa-9-1st-edition-holo-8102-1999-first-edition,1199.0,PLN,PSA 9,,,,,brak_ceny_referencyjnej
2026-09-09T09:15:37+00:00,9939182253,Poliwhirl sv2a 176/165 PSA 9,https://www.vinted.pl/items/9939182253-poliwhirl-sv2a-176165-psa-9,170.26,PLN,PSA 9,47.00,237,2.6,0.75,wyslano_na_discord
2026-09-09T09:15:39+00:00,9939174146,Card Pokémon Charizard VMAX SV107/SV122 Shiny - Shining Fates (Near Mint),https://www.vinted.pl/items/9939174146-card-pokemon-charizard-vmax-sv107sv122-shiny-shining-fates-near-mint,540.31,PLN,,,,,,brak_gradingu_w_tytule_ani_opisie
2026-09-09T09:30:48+00:00,9939406564,Special Delivery Charizard PSA 9,https://www.vinted.pl/items/9939406564-special-delivery-charizard-psa-9,1163.75,PLN,PSA 9,299.98,237,-4.3,1.00,poza_zakresem_rabatu
2026-09-09T09:30:49+00:00,9939297685,Mega Charizard X ex #116 PSA 9 Pokémon,https://www.vinted.pl/items/9939297685-mega-charizard-x-ex-116-psa-9-pokemon,3056.04,PLN,PSA 9,439.99,498,-86.8,0.67,poza_zakresem_rabatu
2026-09-09T09:30:51+00:00,9939446174,Mega Rayquaza ex 110/076 Storm Emeralda Holo (Japanese),https://www.vinted.pl/items/9939446174-mega-rayquaza-ex-110076-storm-emeralda-holo-japanese,3796.57,PLN,BGS 9.5,,,,,brak_ceny_referencyjnej
2026-09-09T09:45:36+00:00,9939536454,Blastoise base set holo 2/102 psa 8,https://www.vinted.pl/items/9939536454-blastoise-base-set-holo-2102-psa-8,1985.9,PLN,PSA 8,300.00,45,-78.1,1.00,poza_zakresem_rabatu
2026-09-09T11:01:07+00:00,9940079343,Mew ex #347 & Mega Gengar ex #240 - PSA 10 (w/Slab Guard & Extended Art),https://www.vinted.pl/items/9940079343-mew-ex-347-mega-gengar-ex-240-psa-10-wslab-guard-extended-art,6267.2,PLN,PSA 10,190.50,345,-784.9,0.22,poza_zakresem_rabatu
2026-09-09T11:01:10+00:00,9940154023,Pokemon kort,https://www.vinted.pl/items/9940154023-pokemon-kort,408.86,PLN,,,,,,brak_gradingu_w_tytule_ani_opisie
2026-09-09T11:15:45+00:00,9940559286,Toxtricity ex,https://www.vinted.pl/items/9940559286-toxtricity-ex,4.37,PLN,PSA 10,55.00,8,97.9,1.00,poza_zakresem_rabatu
2026-09-09T11:15:46+00:00,9940541454,Radiant Eternatus,https://www.vinted.pl/items/9940541454-radiant-eternatus,4.37,PLN,PSA 10,,,,,brak_ceny_referencyjnej
2026-09-09T11:15:48+00:00,9940524340,Radiant Alakazam,https://www.vinted.pl/items/9940524340-radiant-alakazam,4.37,PLN,PSA 10,62.73,193,98.1,1.00,poza_zakresem_rabatu
2026-09-09T11:15:49+00:00,9940521426,"Pokemon samling Ex, psa , old Hill",https://www.vinted.pl/items/9940521426-pokemon-samling-ex-psa-old-hill,5256.79,PLN,,,,,,brak_gradingu_w_tytule_ani_opisie
2026-09-09T11:15:51+00:00,9940511033,Hoopa ex,https://www.vinted.pl/items/9940511033-hoopa-ex,4.37,PLN,PSA 10,,,,,brak_ceny_referencyjnej
2026-09-09T11:30:53+00:00,9940602686,japonská karta,https://www.vinted.pl/items/9940602686-japonska-karta,13.1,PLN,PSA 10,,,,,brak_ceny_referencyjnej
2026-09-09T11:45:37+00:00,9940866971,Karta Pokemon Victini 209 PSA 9,https://www.vinted.pl/items/9940866971-karta-pokemon-victini-209-psa-9,200.0,PLN,PSA 9,163.78,2,,0.50,za_mala_probka_sprzedazy
2026-09-09T11:45:37+00:00,9940797990,Pokemon Eevee psa 4,https://www.vinted.pl/items/9940797990-pokemon-eevee-psa-4,109.14,PLN,PSA 4,,,,,brak_ceny_referencyjnej
2026-09-09T11:45:38+00:00,9940789908,Pokemon Magmortar PSA 9 japanese,https://www.vinted.pl/items/9940789908-pokemon-magmortar-psa-9-japanese,87.32,PLN,PSA 9,24.00,96,2.1,0.50,wyslano_na_discord
2026-09-09T11:45:39+00:00,9940744427,Gardevoir ex #233 psa 9,https://www.vinted.pl/items/9940744427-gardevoir-ex-233-psa-9,800.0,PLN,PSA 9,255.00,21,15.6,0.67,wyslano_na_discord
2026-09-09T11:45:41+00:00,9940807638,Pokemon Eevee GX - BGS 8,https://www.vinted.pl/items/9940807638-pokemon-eevee-gx-bgs-8,1222.42,PLN,BGS 8,,,,,brak_ceny_referencyjnej
2026-09-09T11:57:31+00:00,9940972841,Karta Pokemon Charcadet 22 PSA 8,https://www.vinted.pl/items/9940972841-karta-pokemon-charcadet-22-psa-8,170.0,PLN,PSA 8,12.40,1,,0.50,za_mala_probka_sprzedazy
2026-09-09T11:57:32+00:00,9940948175,Karta Pokemon Onix CLV PSA 10,https://www.vinted.pl/items/9940948175-karta-pokemon-onix-clv-psa-10,350.0,PLN,PSA 10,,,,,brak_ceny_referencyjnej
2026-09-09T11:57:32+00:00,9940925193,Karta Pokemon Eevee 127 PSA 7,https://www.vinted.pl/items/9940925193-karta-pokemon-eevee-127-psa-7,180.0,PLN,PSA 7,19.99,3,-142.2,0.50,poza_zakresem_rabatu
2026-09-09T12:45:39+00:00,9941529071,Pokemon Karty,https://www.vinted.pl/items/9941529071-pokemon-karty,162.4,PLN,PSA 7,,,,,brak_ceny_referencyjnej
2026-09-09T12:45:41+00:00,9941501590,Mega Greninja EX #114 - ACE 10 (Perfect Subgrades) - Pokemonkort (w/Slab Guard),https://www.vinted.pl/items/9941501590-mega-greninja-ex-114-ace-10-perfect-subgrades-pokemonkort-wslab-guard,1057.26,PLN,,,,,,brak_gradingu_w_tytule_ani_opisie
2026-09-09T12:45:42+00:00,9941487266,Mega Darkrai EX #114 - ACE 10 (Perfect Subgrades) - Pokemonkort (w/Slab Guard),https://www.vinted.pl/items/9941487266-mega-darkrai-ex-114-ace-10-perfect-subgrades-pokemonkort-wslab-guard,1135.61,PLN,,,,,,brak_gradingu_w_tytule_ani_opisie
2026-09-09T13:01:09+00:00,9941689575,Karta Pokemon Drowzee 086/078 JP PSA 10,https://www.vinted.pl/items/9941689575-karta-pokemon-drowzee-086078-jp-psa-10,410.0,PLN,PSA 10,140.00,133,21.2,0.50,wyslano_na_discord
2026-09-09T13:30:51+00:00,9942062693,pokémon PSA 10 flareon vaporeon jolteon ex jp set,https://www.vinted.pl/items/9942062693-pokemon-psa-10-flareon-vaporeon-jolteon-ex-jp-set,999.0,PLN,PSA 10,,,,,brak_ceny_referencyjnej
2026-09-09T13:30:54+00:00,9942157527,Ninetales EX #96 Beckett 9,https://www.vinted.pl/items/9942157527-ninetales-ex-96-beckett-9,3274.33,PLN,,,,,,brak_gradingu_w_tytule_ani_opisie
2026-09-09T13:45:37+00:00,9941282422,Clefable Holo #7 Pokémon Expedition 2002 English - PSA 7 NM,https://www.vinted.pl/items/9941282422-clefable-holo-7-pokemon-expedition-2002-english-psa-7-nm,1080.89,PLN,PSA 7,,,,,brak_ceny_referencyjnej
2026-09-09T13:45:37+00:00,9941239014,Bibarel #200 VSTAR Universe 2022 Japanese - PSA 10,https://www.vinted.pl/items/9941239014-bibarel-200-vstar-universe-2022-japanese-psa-10,240.1,PLN,PSA 10,,,,,brak_ceny_referencyjnej
2026-09-09T13:45:37+00:00,9941184726,Magikarp & Wailord GX #019 Japanese – PSA 10,https://www.vinted.pl/items/9941184726-magikarp-wailord-gx-019-japanese-psa-10,720.55,PLN,PSA 10,,,,,brak_ceny_referencyjnej
2026-09-09T13:45:38+00:00,9941317339,"Moltres, Zapdos & Articuno GX - PSA 8",https://www.vinted.pl/items/9941317339-moltres-zapdos-articuno-gx-psa-8,276.14,PLN,PSA 8,126.12,47,41.1,1.00,poza_zakresem_rabatu
2026-09-09T13:45:39+00:00,9941349106,Shining Celebi #004 Shining Legends 2017 Japanese - PSA 10,https://www.vinted.pl/items/9941349106-shining-celebi-004-shining-legends-2017-japanese-psa-10,1441.22,PLN,PSA 10,,,,,brak_ceny_referencyjnej
2026-09-09T13:45:41+00:00,9942357425,Mega Gengar EX ASC 269 - BGS,https://www.vinted.pl/items/9942357425-mega-gengar-ex-asc-269-bgs,873.15,PLN,,,,,,brak_gradingu_w_tytule_ani_opisie
2026-09-09T14:01:03+00:00,9942582834,Team Rocket's Wobbuffet SVP 203 (Destined Rivals ETB) PSA 9 Mint,https://www.vinted.pl/items/9942582834-team-rockets-wobbuffet-svp-203-destined-rivals-etb-psa-9-mint,196.46,PLN,PSA 9,35.00,335,-51.0,0.67,poza_zakresem_rabatu
2026-09-09T14:01:04+00:00,9942507112,Pokémon Gwynn 119/084,https://www.vinted.pl/items/9942507112-pokemon-gwynn-119084,149.0,PLN,,,,,,brak_gradingu_w_tytule_ani_opisie
2026-09-09T14:15:39+00:00,9942746611,Haunter jap PSA,https://www.vinted.pl/items/9942746611-haunter-jap-psa,210.22,PLN,,,,,,brak_gradingu_w_tytule_ani_opisie
2026-09-09T14:15:39+00:00,9886649684,M Rayquaza PSA 7 pokemon,https://www.vinted.pl/items/9886649684-m-rayquaza-psa-7-pokemon,3738.17,PLN,PSA 7,47.61,19,-2011.9,0.50,poza_zakresem_rabatu
2026-09-09T14:15:41+00:00,9942734158,Vulpix jap PSA,https://www.vinted.pl/items/9942734158-vulpix-jap-psa,121.8,PLN,,,,,,brak_gradingu_w_tytule_ani_opisie
2026-09-09T14:15:42+00:00,9942724333,Chansey jap PSA,https://www.vinted.pl/items/9942724333-chansey-jap-psa,189.29,PLN,,,,,,brak_gradingu_w_tytule_ani_opisie
2026-09-09T14:15:43+00:00,9942709462,Wigglytuff jap PSA,https://www.vinted.pl/items/9942709462-wigglytuff-jap-psa,115.31,PLN,,,,,,brak_gradingu_w_tytule_ani_opisie
2026-09-09T14:15:43+00:00,9942604384,Pikachu McDonald’s Psa 10 Japanese,https://www.vinted.pl/items/9942604384-pikachu-mcdonalds-psa-10-japanese,468.44,PLN,PSA 10,,,,,brak_ceny_referencyjnej
2026-09-09T14:45:40+00:00,9942976797,Full ACE 10 Ninja Spinner Set – Perfect Subgrades - Pokemonkort (w/ Slab Guards),https://www.vinted.pl/items/9942976797-full-ace-10-ninja-spinner-set-perfect-subgrades-pokemonkort-w-slab-guards,1566.51,PLN,,,,,,brak_gradingu_w_tytule_ani_opisie
2026-09-09T15:01:07+00:00,9943199554,Rainbow rare Blastoise&Piplup tag team,https://www.vinted.pl/items/9943199554-rainbow-rare-blastoisepiplup-tag-team,319.65,PLN,,,,,,brak_gradingu_w_tytule_ani_opisie
2026-09-09T15:15:36+00:00,9943350026,Dialga Holo #008 Pokémon 11th Movie Commemoration Set 2008 Japanese – PSA 8,https://www.vinted.pl/items/9943350026-dialga-holo-008-pokemon-11th-movie-commemoration-set-2008-japanese-psa-8,228.09,PLN,PSA 8,,,,,brak_ceny_referencyjnej
2026-09-09T15:15:38+00:00,9943510205,karta pokemon,https://www.vinted.pl/items/9943510205-karta-pokemon,160.0,PLN,,,,,,brak_gradingu_w_tytule_ani_opisie
2026-09-09T15:15:39+00:00,9943293996,Gengar Holo #085 Pokémon Vivid Voltage 2020 English – PSA 9 MINT,https://www.vinted.pl/items/9943293996-gengar-holo-085-pokemon-vivid-voltage-2020-english-psa-9-mint,216.08,PLN,PSA 9,24.99,19,-133.5,0.29,poza_zakresem_rabatu
2026-09-09T15:15:40+00:00,9943415253,"Venusaur ex, Ivysaur, Bulbasaur PSA 10 z japońskiedo dodatku 151",https://www.vinted.pl/items/9943415253-venusaur-ex-ivysaur-bulbasaur-psa-10-z-japonskiedo-dodatku-151,2200.0,PLN,PSA 10,450.00,311,-32.0,0.38,poza_zakresem_rabatu
2026-09-09T15:15:40+00:00,9943404607,"Blastoise ex, Wartortle, Squirtle PSA 10 z japońskiedo dodatku 151",https://www.vinted.pl/items/9943404607-blastoise-ex-wartortle-squirtle-psa-10-z-japonskiedo-dodatku-151,2500.0,PLN,PSA 10,590.00,347,-14.4,0.38,poza_zakresem_rabatu
2026-09-09T15:30:56+00:00,9943775147,Pikachu McDonald’s 2025 #020/M-P jp – PSA 9,https://www.vinted.pl/items/9943775147-pikachu-mcdonalds-2025-020m-p-jp-psa-9,399.0,PLN,PSA 9,86.00,1525,-25.3,0.12,poza_zakresem_rabatu
2026-09-09T15:30:58+00:00,9943746934,17 Pokemon PSA Cards,https://www.vinted.pl/items/9943746934-17-pokemon-psa-cards,4365.77,PLN,,,,,,brak_gradingu_w_tytule_ani_opisie
2026-09-09T15:31:00+00:00,9943686424,Karta Pokemon Beckett,https://www.vinted.pl/items/9943686424-karta-pokemon-beckett,160.0,PLN,,,,,,brak_gradingu_w_tytule_ani_opisie
2026-09-09T15:45:38+00:00,9943981340,Pokemon,https://www.vinted.pl/items/9943981340-pokemon,1343.4,PLN,PSA 10,,,,,brak_ceny_referencyjnej
2026-09-09T15:45:40+00:00,9943971819,Pokemon,https://www.vinted.pl/items/9943971819-pokemon,1343.4,PLN,PSA 10,,,,,brak_ceny_referencyjnej
2026-09-09T15:45:41+00:00,9943966915,Lugia first edition 9/111,https://www.vinted.pl/items/9943966915-lugia-first-edition-9111,6659.31,PLN,,,,,,brak_gradingu_w_tytule_ani_opisie
2026-09-09T15:45:43+00:00,9943959302,Pokemon,https://www.vinted.pl/items/9943959302-pokemon,1854.48,PLN,PSA 10,,,,,brak_ceny_referencyjnej
2026-09-09T15:45:44+00:00,9943800948,Graded karta bloodmoon ursaluna PSA 9,https://www.vinted.pl/items/9943800948-graded-karta-bloodmoon-ursaluna-psa-9,126.13,PLN,PSA 9,17.25,4,-97.4,1.00,poza_zakresem_rabatu
2026-09-09T15:45:45+00:00,9943789129,Unown V,https://www.vinted.pl/items/9943789129-unown-v,108.06,PLN,PSA 10,,,,,brak_ceny_referencyjnej
2026-09-09T16:01:09+00:00,9944115402,Pokémon Mega Darkrai ex SIR 116/084 - Pitch Black ETB - Pack Fresh / PSA 10 Candidate,https://www.vinted.pl/items/9944115402-pokemon-mega-darkrai-ex-sir-116084-pitch-black-etb-pack-fresh-psa-10-candidate,997.5,PLN,PSA 10,,,,,brak_ceny_referencyjnej
2026-09-09T16:01:11+00:00,9944041401,Sprzedam kartę Mewtwo BGS 9.5,https://www.vinted.pl/items/9944041401-sprzedam-karte-mewtwo-bgs-95,1740.0,PLN,BGS 9.5,,,,,brak_ceny_referencyjnej
2026-09-09T16:01:11+00:00,9944020943,Sprzedam kartę Pikaczu Sar Japan Bgs 9.5,https://www.vinted.pl/items/9944020943-sprzedam-karte-pikaczu-sar-japan-bgs-95,1490.0,PLN,BGS 9.5,,,,,brak_ceny_referencyjnej
2026-09-09T16:15:36+00:00,9944335019,PSA 9 Moltres Zapdos Articuno Sky Legend Full Art Pokemon Card JP,https://www.vinted.pl/items/9944335019-psa-9-moltres-zapdos-articuno-sky-legend-full-art-pokemon-card-jp,2511.58,PLN,PSA 9,,,,,brak_ceny_referencyjnej
2026-09-09T16:15:37+00:00,9944283287,Sprzedam kartę Pikaczu 30 Aniversary BGS 9.5,https://www.vinted.pl/items/9944283287-sprzedam-karte-pikaczu-30-aniversary-bgs-95,900.0,PLN,BGS 9.5,,,,,brak_ceny_referencyjnej
2026-09-09T16:15:37+00:00,9944242358,Sprzedam kartę Mewtwo BGS 9.5,https://www.vinted.pl/items/9944242358-sprzedam-karte-mewtwo-bgs-95,1940.0,PLN,BGS 9.5,,,,,brak_ceny_referencyjnej
2026-09-09T16:29:46+00:00,9944561868,Dark Gyarados,https://www.vinted.pl/items/9944561868-dark-gyarados,26.19,PLN,PSA 9,25.00,223,71.7,1.00,poza_zakresem_rabatu
2026-09-09T16:29:47+00:00,9944554051,pokémon PSA 10 flareon vaporeon jolteon ex jp set,https://www.vinted.pl/items/9944554051-pokemon-psa-10-flareon-vaporeon-jolteon-ex-jp-set,1.0,PLN,PSA 10,,,,,brak_ceny_referencyjnej
2026-09-09T16:30:53+00:00,9944592394,Wugtrio ex,https://www.vinted.pl/items/9944592394-wugtrio-ex,13.1,PLN,PSA 10,37.75,13,90.6,1.00,poza_zakresem_rabatu
2026-09-09T16:45:36+00:00,9944647052,Roaring moon ex,https://www.vinted.pl/items/9944647052-roaring-moon-ex,4.37,PLN,PSA 10,70.00,66,98.3,1.00,poza_zakresem_rabatu
2026-09-09T16:45:38+00:00,9944627126,Kirlia,https://www.vinted.pl/items/9944627126-kirlia,196.46,PLN,PSA 10,,,,,brak_ceny_referencyjnej
2026-09-09T16:45:39+00:00,9944607589,japonská karta,https://www.vinted.pl/items/9944607589-japonska-karta,13.1,PLN,PSA 10,,,,,brak_ceny_referencyjnej
2026-09-09T17:01:04+00:00,9944888475,Vespiquen ex,https://www.vinted.pl/items/9944888475-vespiquen-ex,8.73,PLN,PSA 10,31.50,13,92.5,0.67,poza_zakresem_rabatu
2026-09-09T17:01:06+00:00,9944868359,Turtonator,https://www.vinted.pl/items/9944868359-turtonator,65.49,PLN,PSA 10,65.00,17,72.8,1.00,poza_zakresem_rabatu
2026-09-09T17:15:38+00:00,9944959331,PSA 10 Gyarados 021/67- niski POP,https://www.vinted.pl/items/9944959331-psa-10-gyarados-02167-niski-pop,280.0,PLN,PSA 10,,,,,brak_ceny_referencyjnej
2026-09-09T17:15:39+00:00,9945124097,Pokemon rayquaza gold star psa 1,https://www.vinted.pl/items/9945124097-pokemon-rayquaza-gold-star-psa-1,43222.53,PLN,PSA 1,10000.00,13,-16.7,0.67,poza_zakresem_rabatu
2026-09-09T17:15:39+00:00,9945097344,Oricorio ex PSA9,https://www.vinted.pl/items/9945097344-oricorio-ex-psa9,207.52,PLN,PSA 9,15.50,25,-261.5,1.00,poza_zakresem_rabatu
2026-09-09T17:15:42+00:00,9945033332,Pokemon kort,https://www.vinted.pl/items/9945033332-pokemon-kort,408.86,PLN,,,,,,brak_gradingu_w_tytule_ani_opisie
2026-09-09T17:30:50+00:00,9945217055,2002 Charizard Expedition #39 - PSA 9,https://www.vinted.pl/items/9945217055-2002-charizard-expedition-39-psa-9,1789.96,PLN,PSA 9,299.99,8,-61.1,0.75,poza_zakresem_rabatu
2026-09-09T17:30:51+00:00,9945205183,pokémon PSA 10 flareon vaporeon jolteon ex jp set,https://www.vinted.pl/items/9945205183-pokemon-psa-10-flareon-vaporeon-jolteon-ex-jp-set,859.99,PLN,PSA 10,,,,,brak_ceny_referencyjnej
2026-09-09T17:45:37+00:00,9945575037,Pikachu Chinese psa 10,https://www.vinted.pl/items/9945575037-pikachu-chinese-psa-10,6463.45,PLN,PSA 10,202.50,803,-761.9,0.50,poza_zakresem_rabatu
2026-09-09T18:01:05+00:00,9945753643,Medicham ex,https://www.vinted.pl/items/9945753643-medicham-ex,13.1,PLN,PSA 10,15.00,1,,1.00,za_mala_probka_sprzedazy
2026-09-09T18:01:06+00:00,9945739799,Radiant Hisuian Sneasler,https://www.vinted.pl/items/9945739799-radiant-hisuian-sneasler,4.37,PLN,PSA 10,,,,,brak_ceny_referencyjnej
2026-09-09T18:01:06+00:00,9945698910,Castform Sunny Form PSA 9,https://www.vinted.pl/items/9945698910-castform-sunny-form-psa-9,128.5,PLN,PSA 9,,,,,brak_ceny_referencyjnej
2026-09-09T18:01:06+00:00,9945673961,Deoxys GG12 PSA8,https://www.vinted.pl/items/9945673961-deoxys-gg12-psa8,128.5,PLN,PSA 8,305.00,17,88.6,0.50,poza_zakresem_rabatu
2026-09-09T18:01:07+00:00,9945639447,Galarian moltres PSA 9,https://www.vinted.pl/items/9945639447-galarian-moltres-psa-9,175.23,PLN,PSA 9,35.00,26,-35.2,1.00,poza_zakresem_rabatu
2026-09-09T18:15:39+00:00,9945824178,japonská karta,https://www.vinted.pl/items/9945824178-japonska-karta,13.1,PLN,PSA 9,,,,,brak_ceny_referencyjnej
2026-09-09T18:15:41+00:00,9945802562,Maushold ex,https://www.vinted.pl/items/9945802562-maushold-ex,8.73,PLN,PSA 10,155.50,15,98.5,1.00,poza_zakresem_rabatu
2026-09-09T18:15:42+00:00,9945787064,Bastiodon,https://www.vinted.pl/items/9945787064-bastiodon,13.1,PLN,PSA 10,,,,,brak_ceny_referencyjnej
2026-09-09T18:15:43+00:00,9945772269,Oranguru V,https://www.vinted.pl/items/9945772269-oranguru-v,17.46,PLN,PSA 10,91.00,18,94.8,0.50,poza_zakresem_rabatu
2026-09-09T18:45:39+00:00,9946268336,Charizard vstar kor psa10,https://www.vinted.pl/items/9946268336-charizard-vstar-kor-psa10,523.89,PLN,PSA 10,1427.00,106,90.1,0.67,poza_zakresem_rabatu
2026-09-09T19:01:14+00:00,9946375931,Gen 3 set Pokemon,https://www.vinted.pl/items/9946375931-gen-3-set-pokemon,241.06,PLN,PSA 9.5,,,,,brak_ceny_referencyjnej
2026-09-09T19:15:41+00:00,9946597147,Sprigatito promo #61,https://www.vinted.pl/items/9946597147-sprigatito-promo-61,47.01,PLN,PSA 8,,,,,brak_ceny_referencyjnej
2026-09-09T19:15:42+00:00,9946541567,PSA 9 - Lillie's Clefairy EX,https://www.vinted.pl/items/9946541567-psa-9-lillies-clefairy-ex,714.67,PLN,PSA 9,,,,,brak_ceny_referencyjnej
2026-09-09T19:45:36+00:00,9946848994,PSA 10 Blissey ex (TWM 201),https://www.vinted.pl/items/9946848994-psa-10-blissey-ex-twm-201,158.61,PLN,PSA 10,49.00,21,12.6,0.75,wyslano_na_discord
2026-09-09T20:00:59+00:00,9946989666,PSA 10,https://www.vinted.pl/items/9946989666-psa-10,392.92,PLN,PSA 10,,,,,brak_ceny_referencyjnej
2026-09-09T20:01:01+00:00,9946985645,PSA 10 Tsareena ex (sv4K 080),https://www.vinted.pl/items/9946985645-psa-10-tsareena-ex-sv4k-080,99.07,PLN,PSA 10,38.20,6,30.0,0.50,wyslano_na_discord
2026-09-09T20:15:41+00:00,9947251764,Mega Gengar ex 240/132,https://www.vinted.pl/items/9947251764-mega-gengar-ex-240132,3133.79,PLN,PSA 10,,,,,brak_ceny_referencyjnej
2026-09-09T20:15:42+00:00,9947169491,Karta Pokemon Pikachu Polski Psa 9,https://www.vinted.pl/items/9947169491-karta-pokemon-pikachu-polski-psa-9,4600.0,PLN,PSA 9,84.33,1553,-1372.9,0.50,poza_zakresem_rabatu
2026-09-09T21:01:02+00:00,9947452176,Pokémon Clefairy (POR 094),https://www.vinted.pl/items/9947452176-pokemon-clefairy-por-094,90.04,PLN,PSA 10,,,,,brak_ceny_referencyjnej
2026-09-09T21:01:04+00:00,9947461254,Pokémon Clefairy (POR 094),https://www.vinted.pl/items/9947461254-pokemon-clefairy-por-094,90.04,PLN,PSA 10,,,,,brak_ceny_referencyjnej
2026-09-09T21:30:53+00:00,9947813022,Rocket’s Zapdos (CEL GC15) stav: Ex,https://www.vinted.pl/items/9947813022-rockets-zapdos-cel-gc15-stav-ex,17.86,PLN,PSA 10,,,,,brak_ceny_referencyjnej
2026-09-09T21:30:54+00:00,9947804444,Totodile (TK4 G14) stav: LP,https://www.vinted.pl/items/9947804444-totodile-tk4-g14-stav-lp,26.89,PLN,PSA 10,,,,,brak_ceny_referencyjnej
2026-09-09T21:30:57+00:00,9947795438,Mewtwo (DET 12) stav: Gd,https://www.vinted.pl/items/9947795438-mewtwo-det-12-stav-gd,34.1,PLN,PSA 10,2469.00,14,99.6,0.02,poza_zakresem_rabatu
2026-09-09T21:30:58+00:00,9947785576,Tornadus (SVP 210),https://www.vinted.pl/items/9947785576-tornadus-svp-210,10.65,PLN,PSA 10,49.99,109,94.2,0.02,poza_zakresem_rabatu
2026-09-09T21:31:00+00:00,9947781001,Charizard Ex (SVP 056),https://www.vinted.pl/items/9947781001-charizard-ex-svp-056,68.39,PLN,PSA 10,150.00,310,87.7,0.02,poza_zakresem_rabatu
2026-09-09T21:31:02+00:00,9947775228,Golbat (FO 34) 1st ed.,https://www.vinted.pl/items/9947775228-golbat-fo-34-1st-ed,41.32,PLN,PSA 10,49.99,1,,0.02,za_mala_probka_sprzedazy
2026-09-09T21:31:04+00:00,9947767154,Leafeon Ex (PRE 006),https://www.vinted.pl/items/9947767154-leafeon-ex-pre-006,16.06,PLN,PSA 10,64.01,183,93.2,0.02,poza_zakresem_rabatu
2026-09-09T21:31:05+00:00,9947761673,Medicham (m2a 207),https://www.vinted.pl/items/9947761673-medicham-m2a-207,10.65,PLN,PSA 10,,,,,brak_ceny_referencyjnej
2026-09-09T21:31:05+00:00,9947753777,Vaporeon gold star PSA 5🔥,https://www.vinted.pl/items/9947753777-vaporeon-gold-star-psa-5,6424.97,PLN,PSA 5,1399.99,25,-23.9,0.67,poza_zakresem_rabatu
2026-09-09T21:31:07+00:00,9947755377,AZ’s Tranquility (CRI 106),https://www.vinted.pl/items/9947755377-azs-tranquility-cri-106,10.65,PLN,PSA 10,33.01,1,,0.02,za_mala_probka_sprzedazy
2026-09-09T21:31:09+00:00,9947749806,Talonflame (POR 091),https://www.vinted.pl/items/9947749806-talonflame-por-091,14.26,PLN,PSA 10,,,,,brak_ceny_referencyjnej
2026-09-09T21:31:11+00:00,9947745283,Mega Diancie Ex (ASC 267),https://www.vinted.pl/items/9947745283-mega-diancie-ex-asc-267,25.08,PLN,PSA 10,80.00,202,91.5,0.03,poza_zakresem_rabatu
2026-09-09T21:31:12+00:00,9947740317,Toxtricity (PFL 103),https://www.vinted.pl/items/9947740317-toxtricity-pfl-103,10.65,PLN,PSA 10,48.00,211,94.0,0.01,poza_zakresem_rabatu
2026-09-09T21:45:38+00:00,9947843763,Pokemon - Holo Lot!,https://www.vinted.pl/items/9947843763-pokemon-holo-lot,273.82,PLN,,,,,,brak_gradingu_w_tytule_ani_opisie
2026-09-09T21:54:01+00:00,9947910600,Jolteon [Foil] #135 Pokemon 2000 Topps TV PSA 10 - POP 16,https://www.vinted.pl/items/9947910600-jolteon-foil-135-pokemon-2000-topps-tv-psa-10-pop-16,3525.52,PLN,PSA 10,,,,,brak_ceny_referencyjnej
2026-09-09T21:54:01+00:00,9947906965,Sandslash [Spectra] #28 Pokemon 2000 Topps Chrome PSA 10 - POP 36,https://www.vinted.pl/items/9947906965-sandslash-spectra-28-pokemon-2000-topps-chrome-psa-10-pop-36,2467.86,PLN,PSA 10,,,,,brak_ceny_referencyjnej
2026-09-09T21:54:02+00:00,9947902253,Pinsir [Foil] #127 Pokemon 2000 Topps TV PSA 10 - POP 9,https://www.vinted.pl/items/9947902253-pinsir-foil-127-pokemon-2000-topps-tv-psa-10-pop-9,2350.35,PLN,PSA 10,,,,,brak_ceny_referencyjnej
2026-09-09T21:54:02+00:00,9947896818,Rattata [Spectra] #19 Pokemon 2000 Topps Chrome PSA 10 - POP 34,https://www.vinted.pl/items/9947896818-rattata-spectra-19-pokemon-2000-topps-chrome-psa-10-pop-34,2350.35,PLN,PSA 10,,,,,brak_ceny_referencyjnej
2026-09-09T23:55:37+00:00,9948344514,PSA 10 karty,https://www.vinted.pl/items/9948344514-psa-10-karty,5864.57,PLN,PSA 10,,,,,brak_ceny_referencyjnej
2026-09-10T03:15:37+00:00,9948818052,Cassius Clay tank top (muscle shirt),https://www.vinted.pl/items/9948818052-cassius-clay-tank-top-muscle-shirt,131.03,PLN,,,,,,brak_gradingu_w_tytule_ani_opisie
2026-09-10T05:01:01+00:00,9948988203,228/197 - Charizard ex - PSA 8,https://www.vinted.pl/items/9948988203-228197-charizard-ex-psa-8,184.05,PLN,PSA 8,34.00,20,-46.2,0.50,poza_zakresem_rabatu
2026-09-10T05:45:35+00:00,9949076675,Pokemon Vulpix 138 PSA10,https://www.vinted.pl/items/9949076675-pokemon-vulpix-138-psa10,633.29,PLN,PSA 10,85.00,791,-101.2,1.00,poza_zakresem_rabatu
2026-09-10T06:30:50+00:00,9949251432,Charizard Beckett-9,https://www.vinted.pl/items/9949251432-charizard-beckett-9,1157.4,PLN,,,,,,brak_gradingu_w_tytule_ani_opisie
2026-09-10T06:45:37+00:00,9949304645,Mega Charizard X ex PSA-9,https://www.vinted.pl/items/9949304645-mega-charizard-x-ex-psa-9,3930.79,PLN,PSA 9,439.99,498,-141.2,1.00,poza_zakresem_rabatu
2026-09-10T06:45:39+00:00,9949287239,Pokemon kort,https://www.vinted.pl/items/9949287239-pokemon-kort,409.01,PLN,,,,,,brak_gradingu_w_tytule_ani_opisie
2026-09-10T07:00:59+00:00,9949347857,Marshadow (MEG 146) - PSA 10,https://www.vinted.pl/items/9949347857-marshadow-meg-146-psa-10,583.71,PLN,PSA 10,100.00,1153,-57.6,0.67,poza_zakresem_rabatu
2026-09-10T07:00:59+00:00,9949339717,Charmeleon Ivysaur PSA-10,https://www.vinted.pl/items/9949339717-charmeleon-ivysaur-psa-10,939.02,PLN,PSA 10,76.56,58,-231.2,0.50,poza_zakresem_rabatu
2026-09-10T07:00:59+00:00,9949322240,Prismatic Umbreon a Espeon PSA-10 cisla po sebe Gradovane,https://www.vinted.pl/items/9949322240-prismatic-umbreon-a-espeon-psa-10-cisla-po-sebe-gradovane,1747.02,PLN,PSA 10,,,,,brak_ceny_referencyjnej
2026-09-10T07:15:34+00:00,9949445830,Shadowless charizard psa 3,https://www.vinted.pl/items/9949445830-shadowless-charizard-psa-3,6427.28,PLN,PSA 3,692.00,4,-150.8,1.00,poza_zakresem_rabatu
2026-09-10T07:30:50+00:00,9949515399,PSA 9 Flareon SWSH 179 Pokemon,https://www.vinted.pl/items/9949515399-psa-9-flareon-swsh-179-pokemon,665.95,PLN,PSA 9,73.95,135,-143.2,0.67,poza_zakresem_rabatu
2026-09-10T07:30:50+00:00,9949509760,Pikachu KFC Promo Psa 10,https://www.vinted.pl/items/9949509760-pikachu-kfc-promo-psa-10,2100.0,PLN,PSA 10,202.50,803,-180.0,0.33,poza_zakresem_rabatu
2026-09-10T07:30:51+00:00,9949501775,PSA 9 Charizard PAF 234,https://www.vinted.pl/items/9949501775-psa-9-charizard-paf-234,1187.91,PLN,PSA 9,287.00,473,-11.8,0.67,poza_zakresem_rabatu
2026-09-10T07:45:34+00:00,9949564090,Ograderad psa 10 1200kr Gladion’s final battle,https://www.vinted.pl/items/9949564090-ograderad-psa-10-1200kr-gladions-final-battle,156.54,PLN,PSA 10,,,,,brak_ceny_referencyjnej
2026-09-10T07:45:37+00:00,9949583546,Pokémon TCG – Red’s Challenge – 034/024 - MINT,https://www.vinted.pl/items/9949583546-pokemon-tcg-reds-challenge-034024-mint,550.0,PLN,BGS 10,,,,,brak_ceny_referencyjnej
2026-09-10T08:01:00+00:00,9949763908,2016 Pokemon XY Evolutions Charizard-Holo (#11/108),https://www.vinted.pl/items/9949763908-2016-pokemon-xy-evolutions-charizard-holo-11108,436.75,PLN,PSA 5,,,,,brak_ceny_referencyjnej
2026-09-10T08:30:48+00:00,9949940759,Guard na PSA karty,https://www.vinted.pl/items/9949940759-guard-na-psa-karty,18.0,PLN,,,,,,brak_gradingu_w_tytule_ani_opisie
2026-09-10T08:30:49+00:00,9949927682,Oricorio mep 024 promo PSA9,https://www.vinted.pl/items/9949927682-oricorio-mep-024-promo-psa9,240.0,PLN,PSA 9,23.50,897,-175.8,0.50,poza_zakresem_rabatu
2026-09-10T08:30:50+00:00,9949921224,Karta Pokemon ERIKA'S  206 PSA 8,https://www.vinted.pl/items/9949921224-karta-pokemon-erikas-206-psa-8,290.0,PLN,PSA 8,99.99,1,,0.33,za_mala_probka_sprzedazy
2026-09-10T08:45:40+00:00,9950036518,PSA 9 Grusha #095 JP Snow Hazard,https://www.vinted.pl/items/9950036518-psa-9-grusha-095-jp-snow-hazard,195.67,PLN,PSA 9,,,,,brak_ceny_referencyjnej
2026-09-10T08:45:41+00:00,9950028695,Galarian Articuno #SWSH282 Promo - 2023 SWSH Pokémon Crown Zenith - PSA 9,https://www.vinted.pl/items/9950028695-galarian-articuno-swsh282-promo-2023-swsh-pokemon-crown-zenith-psa-9,195.67,PLN,PSA 9,21.50,90,-145.7,0.56,poza_zakresem_rabatu
2026-09-10T08:57:48+00:00,9950205312,Bulbasaur #037 PSA 9,https://www.vinted.pl/items/9950205312-bulbasaur-037-psa-9,379.79,PLN,PSA 9,79.89,3,-28.4,0.50,poza_zakresem_rabatu
2026-09-10T08:57:48+00:00,9950194076,Charmander #038 PSA 9,https://www.vinted.pl/items/9950194076-charmander-038-psa-9,409.01,PLN,PSA 9,69.99,1,,0.50,za_mala_probka_sprzedazy
2026-09-10T09:45:42+00:00,9950645358,Pikachu KFC Promo PSA 10 reserved,https://www.vinted.pl/items/9950645358-pikachu-kfc-promo-psa-10-reserved,2100.0,PLN,PSA 10,,,,,brak_ceny_referencyjnej
2026-09-10T09:45:44+00:00,9950643368,Pokemon,https://www.vinted.pl/items/9950643368-pokemon,349.4,PLN,,,,,,brak_gradingu_w_tytule_ani_opisie
2026-09-10T10:30:56+00:00,9951182298,Charmander 009/087 20TH Anniversary (JP) PSA 10,https://www.vinted.pl/items/9951182298-charmander-009087-20th-anniversary-jp-psa-10,390.95,PLN,PSA 10,83.81,1,,0.50,za_mala_probka_sprzedazy
2026-09-10T10:30:58+00:00,9951178750,Mega Diancie Ex (ASC 267),https://www.vinted.pl/items/9951178750-mega-diancie-ex-asc-267,25.02,PLN,PSA 10,80.00,202,91.6,0.03,poza_zakresem_rabatu
2026-09-10T10:31:00+00:00,9951175147,Mega Absol Ex (MEG 161),https://www.vinted.pl/items/9951175147-mega-absol-ex-meg-161,19.62,PLN,PSA 10,47.99,260,89.0,0.02,poza_zakresem_rabatu
2026-09-10T10:45:37+00:00,9951332146,Mega Gengar EX,https://www.vinted.pl/items/9951332146-mega-gengar-ex,122.7,PLN,PSA 10,2713.00,698,98.8,1.00,poza_zakresem_rabatu
2026-09-10T11:01:01+00:00,9951465500,Pokemon Gouging Fire TEF #214 PSA 10,https://www.vinted.pl/items/9951465500-pokemon-gouging-fire-tef-214-psa-10,399.08,PLN,PSA 10,56.04,22,-92.3,0.75,poza_zakresem_rabatu
2026-09-10T11:01:03+00:00,9951393414,Latios,https://www.vinted.pl/items/9951393414-latios,292.15,PLN,PSA 9,780.00,6,89.9,1.00,poza_zakresem_rabatu
2026-09-10T11:01:04+00:00,9951385854,Skarmory,https://www.vinted.pl/items/9951385854-skarmory,87.64,PLN,PSA 8,,,,,brak_ceny_referencyjnej
2026-09-10T11:01:06+00:00,9951346709,Mega Charizard x EX,https://www.vinted.pl/items/9951346709-mega-charizard-x-ex,116.86,PLN,PSA 9,439.99,498,92.8,1.00,poza_zakresem_rabatu
2026-09-10T11:15:33+00:00,9951548188,Pokemon Vulpix 138 PSA10,https://www.vinted.pl/items/9951548188-pokemon-vulpix-138-psa10,589.62,PLN,PSA 10,85.00,791,-87.3,1.00,poza_zakresem_rabatu
2026-09-10T12:01:04+00:00,9952144431,Pikachu McDonald’s Psa 10 Japanese,https://www.vinted.pl/items/9952144431-pikachu-mcdonalds-psa-10-japanese,467.76,PLN,PSA 10,,,,,brak_ceny_referencyjnej
2026-09-10T12:01:04+00:00,9952125854,Pokemon TCG - Zekrom ex PSA 10,https://www.vinted.pl/items/9952125854-pokemon-tcg-zekrom-ex-psa-10,341.97,PLN,PSA 10,,,,,brak_ceny_referencyjnej
2026-09-10T12:01:05+00:00,9952111711,Pokemon TCG - Entei V jp PSA 10,https://www.vinted.pl/items/9952111711-pokemon-tcg-entei-v-jp-psa-10,413.97,PLN,PSA 10,180.00,471,37.9,0.50,wyslano_na_discord
2026-09-10T12:01:07+00:00,9952008485,Pikachu 4/12 Holo,https://www.vinted.pl/items/9952008485-pikachu-412-holo,50.48,PLN,,,,,,brak_gradingu_w_tytule_ani_opisie
2026-09-10T12:01:08+00:00,9951995634,Magikarp 039/192,https://www.vinted.pl/items/9951995634-magikarp-039192,15.26,PLN,,,,,,brak_gradingu_w_tytule_ani_opisie
2026-09-10T12:15:41+00:00,9952241669,Jumpluff-Holo PSA 8.5 And Scyther-Holo PSA 8,https://www.vinted.pl/items/9952241669-jumpluff-holo-psa-85-and-scyther-holo-psa-8,655.13,PLN,PSA 8.5,,,,,brak_ceny_referencyjnej
2026-09-10T12:15:41+00:00,9952215355,Scyther Holo PSA 8,https://www.vinted.pl/items/9952215355-scyther-holo-psa-8,327.57,PLN,PSA 8,8.99,3,-883.9,1.00,poza_zakresem_rabatu
2026-09-10T12:15:42+00:00,9952200789,Jumpluff-Holo PSA 8.5,https://www.vinted.pl/items/9952200789-jumpluff-holo-psa-85,349.4,PLN,PSA 8.5,,,,,brak_ceny_referencyjnej
2026-09-10T12:15:42+00:00,9952183902,Pokemon TCG - Blaziken V jp PSA 10,https://www.vinted.pl/items/9952183902-pokemon-tcg-blaziken-v-jp-psa-10,539.96,PLN,PSA 10,105.00,182,-38.9,0.50,poza_zakresem_rabatu
2026-09-10T12:45:40+00:00,9952498975,Pokemon samling,https://www.vinted.pl/items/9952498975-pokemon-samling,642.14,PLN,PSA 10,,,,,brak_ceny_referencyjnej
2026-09-10T13:01:06+00:00,9952768586,Pikachu ex 276 - Ascended Heroes Pokémonkort,https://www.vinted.pl/items/9952768586-pikachu-ex-276-ascended-heroes-pokemonkort,6065.75,PLN,,,,,,brak_gradingu_w_tytule_ani_opisie
2026-09-10T14:01:06+00:00,9953512887,Mew ex #347 & Mega Gengar ex #240 - PSA 10 (w/Slab Guard & Extended Art),https://www.vinted.pl/items/9953512887-mew-ex-347-mega-gengar-ex-240-psa-10-wslab-guard-extended-art,6261.42,PLN,PSA 10,190.00,348,-789.8,0.22,poza_zakresem_rabatu
2026-09-10T14:01:08+00:00,9953490845,Bulbasaur První Edice Base Set,https://www.vinted.pl/items/9953490845-bulbasaur-prvni-edice-base-set,539.78,PLN,PSA 10,,,,,brak_ceny_referencyjnej
2026-09-10T14:01:09+00:00,9953397341,vand dancie carte pokemon,https://www.vinted.pl/items/9953397341-vand-dancie-carte-pokemon,124.71,PLN,,,,,,brak_gradingu_w_tytule_ani_opisie
2026-09-10T14:01:11+00:00,9953408914,Zestaw figurek Pokémon,https://www.vinted.pl/items/9953408914-zestaw-figurek-pokemon,10.0,PLN,,,,,,brak_gradingu_w_tytule_ani_opisie
2026-09-10T14:30:58+00:00,9953814717,Flying Pikachu VMAX 007/025 – Celebrations,https://www.vinted.pl/items/9953814717-flying-pikachu-vmax-007025-celebrations,43.63,PLN,PSA 10,200.00,70,94.1,0.03,poza_zakresem_rabatu
2026-09-10T14:45:35+00:00,9953966533,Karta pokemon Riolu 068/063 AR oceniona przez PSA na 10,https://www.vinted.pl/items/9953966533-karta-pokemon-riolu-068063-ar-oceniona-przez-psa-na-10,330.0,PLN,,,,,,brak_gradingu_w_tytule_ani_opisie
2026-09-10T14:45:38+00:00,9953936347,Karta pokemon Alcremie 201/184 Chr oceniona przez PSA na 10,https://www.vinted.pl/items/9953936347-karta-pokemon-alcremie-201184-chr-oceniona-przez-psa-na-10,340.0,PLN,,,,,,brak_gradingu_w_tytule_ani_opisie
2026-09-10T14:45:39+00:00,9953981380,Zestaw figurek Pokémon,https://www.vinted.pl/items/9953981380-zestaw-figurek-pokemon,10.0,PLN,,,,,,brak_gradingu_w_tytule_ani_opisie
2026-09-10T15:01:13+00:00,9954107609,Charizard PFL 125/094 gem Miner 9.5,https://www.vinted.pl/items/9954107609-charizard-pfl-125094-gem-miner-95,6100.0,PLN,,,,,,brak_gradingu_w_tytule_ani_opisie
2026-09-10T15:45:35+00:00,9778017606,"Zubat 70/82 Base set, Team Rocket Pokemon kort WOTC vintage 1999-2000",https://www.vinted.pl/items/9778017606-zubat-7082-base-set-team-rocket-pokemon-kort-wotc-vintage-1999-2000,4.7,PLN,,,,,,brak_gradingu_w_tytule_ani_opisie
2026-09-10T15:45:36+00:00,9778000097,"Trainer - The Boss's Way 73/82 Base set, Team Rocket Pokemon kort WOTC vintage 1999-2000",https://www.vinted.pl/items/9778000097-trainer-the-bosss-way-7382-base-set-team-rocket-pokemon-kort-wotc-vintage-1999-2000,6.65,PLN,,,,,,brak_gradingu_w_tytule_ani_opisie
2026-09-10T15:45:38+00:00,9778065031,"Voltorb 69/82 Base set, Team Rocket Pokemon kort WOTC vintage 1999-2000",https://www.vinted.pl/items/9778065031-voltorb-6982-base-set-team-rocket-pokemon-kort-wotc-vintage-1999-2000,4.7,PLN,,,,,,brak_gradingu_w_tytule_ani_opisie
2026-09-10T15:45:39+00:00,9778101116,"Squirtle 68/82 Base set, Team Rocket Pokemon kort WOTC vintage 1999-2000",https://www.vinted.pl/items/9778101116-squirtle-6882-base-set-team-rocket-pokemon-kort-wotc-vintage-1999-2000,13.7,PLN,,,,,,brak_gradingu_w_tytule_ani_opisie
2026-09-10T15:45:40+00:00,9778298647,"Slowpoke 67/82 Base set, Team Rocket Pokemon kort WOTC vintage 1999-2000",https://www.vinted.pl/items/9778298647-slowpoke-6782-base-set-team-rocket-pokemon-kort-wotc-vintage-1999-2000,5.87,PLN,,,,,,brak_gradingu_w_tytule_ani_opisie
2026-09-10T15:45:41+00:00,9779679899,"Ponyta 64/82 Base set, Team Rocket Pokemon kort WOTC vintage 1999-2000",https://www.vinted.pl/items/9779679899-ponyta-6482-base-set-team-rocket-pokemon-kort-wotc-vintage-1999-2000,5.87,PLN,,,,,,brak_gradingu_w_tytule_ani_opisie
2026-09-10T15:45:43+00:00,9779715763,"Meowth 62/82 Base set, Team Rocket Pokemon kort WOTC vintage 1999-2000",https://www.vinted.pl/items/9779715763-meowth-6282-base-set-team-rocket-pokemon-kort-wotc-vintage-1999-2000,5.87,PLN,,,,,,brak_gradingu_w_tytule_ani_opisie
2026-09-10T15:45:44+00:00,9779729369,"Mankey 61/82 Base set, Team Rocket Pokemon kort WOTC vintage 1999-2000",https://www.vinted.pl/items/9779729369-mankey-6182-base-set-team-rocket-pokemon-kort-wotc-vintage-1999-2000,5.09,PLN,,,,,,brak_gradingu_w_tytule_ani_opisie
2026-09-10T15:45:45+00:00,9779831826,"Koffing 58/82 Base set, Team Rocket Pokemon kort WOTC vintage 1999-2000",https://www.vinted.pl/items/9779831826-koffing-5882-base-set-team-rocket-pokemon-kort-wotc-vintage-1999-2000,5.87,PLN,,,,,,brak_gradingu_w_tytule_ani_opisie
2026-09-10T15:45:47+00:00,9779811974,"Machop 59/82 Base set, Team Rocket Pokemon kort WOTC vintage 1999-2000",https://www.vinted.pl/items/9779811974-machop-5982-base-set-team-rocket-pokemon-kort-wotc-vintage-1999-2000,5.87,PLN,,,,,,brak_gradingu_w_tytule_ani_opisie
2026-09-10T15:45:48+00:00,9781432577,"Diglett 52/82 Base set, Team Rocket Pokemon kort WOTC vintage 1999-2000",https://www.vinted.pl/items/9781432577-diglett-5282-base-set-team-rocket-pokemon-kort-wotc-vintage-1999-2000,6.65,PLN,,,,,,brak_gradingu_w_tytule_ani_opisie
2026-09-10T15:45:49+00:00,9781430451,"Dratini 53/82 Base set, Team Rocket Pokemon kort WOTC vintage 1999-2000",https://www.vinted.pl/items/9781430451-dratini-5382-base-set-team-rocket-pokemon-kort-wotc-vintage-1999-2000,5.87,PLN,,,,,,brak_gradingu_w_tytule_ani_opisie
2026-09-10T15:45:51+00:00,9781439660,"Charmander 50/82 Base set, Team Rocket Pokemon kort WOTC vintage 1999-2000",https://www.vinted.pl/items/9781439660-charmander-5082-base-set-team-rocket-pokemon-kort-wotc-vintage-1999-2000,19.57,PLN,,,,,,brak_gradingu_w_tytule_ani_opisie
2026-09-10T15:45:52+00:00,9781436700,"Dark Raticate 51/82 Base set, Team Rocket Pokemon kort WOTC vintage 1999-2000",https://www.vinted.pl/items/9781436700-dark-raticate-5182-base-set-team-rocket-pokemon-kort-wotc-vintage-1999-2000,5.87,PLN,,,,,,brak_gradingu_w_tytule_ani_opisie
2026-09-10T15:45:53+00:00,9781479442,"Dark Muk 41/82 Base set, Team Rocket Pokemon kort WOTC vintage 1999-2000",https://www.vinted.pl/items/9781479442-dark-muk-4182-base-set-team-rocket-pokemon-kort-wotc-vintage-1999-2000,9.78,PLN,,,,,,brak_gradingu_w_tytule_ani_opisie
2026-09-10T15:45:54+00:00,9781562061,"Dark Hypno 26/82 Base set, Team Rocket Pokemon kort WOTC vintage 1999-2000",https://www.vinted.pl/items/9781562061-dark-hypno-2682-base-set-team-rocket-pokemon-kort-wotc-vintage-1999-2000,46.96,PLN,,,,,,brak_gradingu_w_tytule_ani_opisie
2026-09-10T15:45:56+00:00,9824385625,Unown (S) 87/105 Neo Destiny Pokémon WOTC Pokemon kort,https://www.vinted.pl/items/9824385625-unown-s-87105-neo-destiny-pokemon-wotc-pokemon-kort,6.65,PLN,,,,,,brak_gradingu_w_tytule_ani_opisie
2026-09-10T15:45:57+00:00,9824427906,Unown (L) 86/105 Neo Destiny Pokémon WOTC Pokemon kort,https://www.vinted.pl/items/9824427906-unown-l-86105-neo-destiny-pokemon-wotc-pokemon-kort,5.87,PLN,,,,,,brak_gradingu_w_tytule_ani_opisie
2026-09-10T15:45:59+00:00,9824514736,Unown (Q) 59/105 Neo Destiny Pokémon WOTC Pokemon kort,https://www.vinted.pl/items/9824514736-unown-q-59105-neo-destiny-pokemon-wotc-pokemon-kort,25.44,PLN,,,,,,brak_gradingu_w_tytule_ani_opisie
2026-09-10T15:46:00+00:00,9831174742,Farfetch'd 43/64 Neo Revelation Pokemon kort WOTC vintage 1995-2001,https://www.vinted.pl/items/9831174742-farfetchd-4364-neo-revelation-pokemon-kort-wotc-vintage-1995-2001,6.26,PLN,,,,,,brak_gradingu_w_tytule_ani_opisie
2026-09-10T15:46:02+00:00,9831291143,Seaking 37/64 Neo Revelation Pokemon kort WOTC vintage 1995-2001,https://www.vinted.pl/items/9831291143-seaking-3764-neo-revelation-pokemon-kort-wotc-vintage-1995-2001,9.78,PLN,,,,,,brak_gradingu_w_tytule_ani_opisie
2026-09-10T15:46:03+00:00,9831424782,Graveler 30/64 Neo Revelation Pokemon kort WOTC vintage 1995-2001,https://www.vinted.pl/items/9831424782-graveler-3064-neo-revelation-pokemon-kort-wotc-vintage-1995-2001,5.87,PLN,,,,,,brak_gradingu_w_tytule_ani_opisie
2026-09-10T16:01:05+00:00,9777890751,"Energy - Potion Energy 82/82 Base set, Team Rocket Pokemon kort WOTC vintage 1999-2000",https://www.vinted.pl/items/9777890751-energy-potion-energy-8282-base-set-team-rocket-pokemon-kort-wotc-vintage-1999-2000,5.09,PLN,,,,,,brak_gradingu_w_tytule_ani_opisie
2026-09-10T16:15:39+00:00,9955037015,Cynthia 070/066 Ultra Prism PSA 9 Korean,https://www.vinted.pl/items/9955037015-cynthia-070066-ultra-prism-psa-9-korean,1100.0,PLN,PSA 9,210.00,12,-40.8,0.50,poza_zakresem_rabatu
2026-09-10T16:15:39+00:00,9955004293,Snorlax GX Promo PSA 8,https://www.vinted.pl/items/9955004293-snorlax-gx-promo-psa-8,220.0,PLN,PSA 8,155.00,27,61.9,0.67,poza_zakresem_rabatu
2026-09-10T16:30:51+00:00,9955279389,Karta Pokemon Vulpix MEG 138 PSA 10,https://www.vinted.pl/items/9955279389-karta-pokemon-vulpix-meg-138-psa-10,600.0,PLN,PSA 10,85.00,791,-89.7,0.67,poza_zakresem_rabatu
2026-09-10T16:30:52+00:00,9955271543,Pokemon japanske kort gengar starter set,https://www.vinted.pl/items/9955271543-pokemon-japanske-kort-gengar-starter-set,128.55,PLN,,,,,,brak_gradingu_w_tytule_ani_opisie
2026-09-10T17:01:03+00:00,9955713305,Hitmonlee Holo PSA 9 Japanese Fossil #106,https://www.vinted.pl/items/9955713305-hitmonlee-holo-psa-9-japanese-fossil-106,549.0,PLN,PSA 9,81.00,28,-82.2,0.50,poza_zakresem_rabatu
2026-09-10T17:14:01+00:00,9955765700,Charizard ex BGS 9.5 Gem Mint #161 Pokemon,https://www.vinted.pl/items/9955765700-charizard-ex-bgs-95-gem-mint-161-pokemon,199.0,PLN,BGS 9.5,8900.00,10,99.4,0.50,poza_zakresem_rabatu
2026-09-10T17:30:58+00:00,9956105338,Karta Pokemon Charizard OBF 223 PSA 6,https://www.vinted.pl/items/9956105338-karta-pokemon-charizard-obf-223-psa-6,400.0,PLN,PSA 6,94.99,5,-13.2,0.67,poza_zakresem_rabatu
2026-09-10T17:30:58+00:00,9956064970,Karta pokemon hop s zacian ex psa 7,https://www.vinted.pl/items/9956064970-karta-pokemon-hop-s-zacian-ex-psa-7,130.0,PLN,PSA 7,,,,,brak_ceny_referencyjnej
2026-09-10T17:30:59+00:00,9956040339,Karta lacey psa 9 pokemon,https://www.vinted.pl/items/9956040339-karta-lacey-psa-9-pokemon,100.0,PLN,PSA 9,27.00,47,0.5,1.00,wyslano_na_discord
2026-09-10T18:15:36+00:00,9956487872,Sprzedam kartę Mewtwo BGS 9.5,https://www.vinted.pl/items/9956487872-sprzedam-karte-mewtwo-bgs-95,1690.0,PLN,BGS 9.5,,,,,brak_ceny_referencyjnej
2026-09-10T18:30:51+00:00,9956791414,Primal groudon #86 Psa,https://www.vinted.pl/items/9956791414-primal-groudon-86-psa,701.16,PLN,,,,,,brak_gradingu_w_tytule_ani_opisie
2026-09-10T18:30:52+00:00,9956759126,Zekrom #31 Psa,https://www.vinted.pl/items/9956759126-zekrom-31-psa,175.29,PLN,,,,,,brak_gradingu_w_tytule_ani_opisie
2026-09-10T18:30:54+00:00,9956742760,Dragonite #131,https://www.vinted.pl/items/9956742760-dragonite-131,204.5,PLN,,,,,,brak_gradingu_w_tytule_ani_opisie
2026-09-10T18:30:55+00:00,9956719282,Tepig #96,https://www.vinted.pl/items/9956719282-tepig-96,292.15,PLN,,,,,,brak_gradingu_w_tytule_ani_opisie
2026-09-10T18:30:57+00:00,9956694366,Litten #44 Psa,https://www.vinted.pl/items/9956694366-litten-44-psa,96.41,PLN,,,,,,brak_gradingu_w_tytule_ani_opisie
2026-09-10T19:15:45+00:00,9957312608,Jolteon legendary collection PSA 1,https://www.vinted.pl/items/9957312608-jolteon-legendary-collection-psa-1,1314.67,PLN,PSA 1,99.99,1,,1.00,za_mala_probka_sprzedazy
2026-09-10T19:15:46+00:00,9957311328,Victini PSA 7,https://www.vinted.pl/items/9957311328-victini-psa-7,117.92,PLN,PSA 7,,,,,brak_ceny_referencyjnej
2026-09-10T19:31:02+00:00,9957469190,Porygon 137,https://www.vinted.pl/items/9957469190-porygon-137,260.98,PLN,,,,,,brak_gradingu_w_tytule_ani_opisie
2026-09-10T19:31:03+00:00,9957462316,Charizard Gold Star PSA 1,https://www.vinted.pl/items/9957462316-charizard-gold-star-psa-1,20450.43,PLN,PSA 1,,,,,brak_ceny_referencyjnej
2026-09-10T19:31:04+00:00,9957455012,Pikachu V psa 9  lost origin,https://www.vinted.pl/items/9957455012-pikachu-v-psa-9-lost-origin,305.98,PLN,PSA 9,109.99,171,25.2,1.00,wyslano_na_discord
2026-09-10T19:45:35+00:00,9957610592,Karta Pokémon TCG Lumineon V – SWSH250 Black Star Promo (Ultra Rare),https://www.vinted.pl/items/9957610592-karta-pokemon-tcg-lumineon-v-swsh250-black-star-promo-ultra-rare,18.0,PLN,,,,,,brak_gradingu_w_tytule_ani_opisie
2026-09-10T19:45:37+00:00,9957551848,Piplup Beckett-10 phantasmall flames 2025 mega evolution,https://www.vinted.pl/items/9957551848-piplup-beckett-10-phantasmall-flames-2025-mega-evolution,1091.88,PLN,,,,,,brak_gradingu_w_tytule_ani_opisie
2026-09-10T20:01:05+00:00,9957765205,Pokemon Lopunny promo 2007,https://www.vinted.pl/items/9957765205-pokemon-lopunny-promo-2007,305.73,PLN,PSA 9,149.99,1,,0.50,za_mala_probka_sprzedazy
2026-09-10T20:15:44+00:00,9957782022,Pokémon Topps Sticker #14 Scizor (2001) NM/EX 1st edition (Blue Logo),https://www.vinted.pl/items/9957782022-pokemon-topps-sticker-14-scizor-2001-nmex-1st-edition-blue-logo,88.05,PLN,PSA 6,,,,,brak_ceny_referencyjnej
2026-09-10T20:45:52+00:00,9958093205,Pikachu (Ffi 27) & Pikachu (Ros 20) bundle,https://www.vinted.pl/items/9958093205-pikachu-ffi-27-pikachu-ros-20-bundle,33.26,PLN,,,,,,brak_gradingu_w_tytule_ani_opisie
2026-09-10T20:45:54+00:00,9958070167,Raichu (HS 10),https://www.vinted.pl/items/9958070167-raichu-hs-10,19.57,PLN,,,,,,brak_gradingu_w_tytule_ani_opisie
2026-09-10T20:45:55+00:00,9958052436,Ampharos (HS 105),https://www.vinted.pl/items/9958052436-ampharos-hs-105,17.61,PLN,,,,,,brak_gradingu_w_tytule_ani_opisie
2026-09-10T21:15:38+00:00,9958314932,Pokemon psa q0 tag team blastoise piplup 215,https://www.vinted.pl/items/9958314932-pokemon-psa-q0-tag-team-blastoise-piplup-215,14398.88,PLN,PSA 10,,,,,brak_ceny_referencyjnej
2026-09-10T21:30:51+00:00,9958430708,Psa slab,https://www.vinted.pl/items/9958430708-psa-slab,233.72,PLN,,,,,,brak_gradingu_w_tytule_ani_opisie
2026-09-10T21:45:40+00:00,9958491432,Pikachu shiny rare PSA-9,https://www.vinted.pl/items/9958491432-pikachu-shiny-rare-psa-9,524.1,PLN,PSA 9,36.50,82,-285.9,0.50,poza_zakresem_rabatu
2026-09-10T21:45:41+00:00,9958478651,"Mewtwo Vstar PSA,-10",https://www.vinted.pl/items/9958478651-mewtwo-vstar-psa-10,655.13,PLN,,,,,,brak_gradingu_w_tytule_ani_opisie
2026-09-10T22:01:04+00:00,9958510337,Psa guard,https://www.vinted.pl/items/9958510337-psa-guard,233.72,PLN,,,,,,brak_gradingu_w_tytule_ani_opisie
2026-09-10T22:01:07+00:00,9958548957,"Clefairy jp Beckett-9,5",https://www.vinted.pl/items/9958548957-clefairy-jp-beckett-95,218.38,PLN,,,,,,brak_gradingu_w_tytule_ani_opisie
2026-09-10T22:01:08+00:00,9958543916,"Pikachu Beckett 9,5",https://www.vinted.pl/items/9958543916-pikachu-beckett-95,218.38,PLN,,,,,,brak_gradingu_w_tytule_ani_opisie
2026-09-10T22:01:09+00:00,9958535904,Charizard Beckett-9,https://www.vinted.pl/items/9958535904-charizard-beckett-9,2096.42,PLN,,,,,,brak_gradingu_w_tytule_ani_opisie
2026-09-10T22:15:36+00:00,9958609193,Psa guard,https://www.vinted.pl/items/9958609193-psa-guard,87.64,PLN,,,,,,brak_gradingu_w_tytule_ani_opisie
2026-09-11T05:15:39+00:00,9959588829,Pokemon Vulpix 138 PSA10,https://www.vinted.pl/items/9959588829-pokemon-vulpix-138-psa10,525.2,PLN,PSA 10,85.00,791,-66.1,1.00,poza_zakresem_rabatu
2026-09-11T06:30:54+00:00,9959830052,Sprzedam karta pokemon Pikaczu 132/106 bgs 9.5,https://www.vinted.pl/items/9959830052-sprzedam-karta-pokemon-pikaczu-132106-bgs-95,1540.0,PLN,BGS 9.5,,,,,brak_ceny_referencyjnej
2026-09-11T06:45:39+00:00,9959886330,Pokémon kort,https://www.vinted.pl/items/9959886330-pokemon-kort,467.03,PLN,PSA 10,,,,,brak_ceny_referencyjnej
2026-09-11T06:45:41+00:00,9959881791,Victini & Mimikyu,https://www.vinted.pl/items/9959881791-victini-mimikyu,1580.92,PLN,PSA 10,,,,,brak_ceny_referencyjnej
2026-09-11T08:15:37+00:00,9960417124,"Mega Darkrai PBL 116 BGS 9,5",https://www.vinted.pl/items/9960417124-mega-darkrai-pbl-116-bgs-95,1700.0,PLN,"BGS 9,5",510.00,5,10.4,0.75,wyslano_na_discord
2026-09-11T09:15:35+00:00,9960939727,Mimikyu PSA 10,https://www.vinted.pl/items/9960939727-mimikyu-psa-10,614.8,PLN,PSA 10,169.99,253,2.8,1.00,wyslano_na_discord
2026-09-11T09:30:49+00:00,9961118149,Victini PSA 10,https://www.vinted.pl/items/9961118149-victini-psa-10,878.29,PLN,PSA 10,,,,,brak_ceny_referencyjnej
2026-09-11T09:30:53+00:00,9961142002,Pokemon Team Rocket's Mewtwo ex (ASC 281) Beckett 9.5,https://www.vinted.pl/items/9961142002-pokemon-team-rockets-mewtwo-ex-asc-281-beckett-95,1838.19,PLN,,,,,,brak_gradingu_w_tytule_ani_opisie
2026-09-11T09:30:54+00:00,9961076581,Pokemon Mega Darkrai ex (PBL 116) Beckett 9.5,https://www.vinted.pl/items/9961076581-pokemon-mega-darkrai-ex-pbl-116-beckett-95,1838.19,PLN,,,,,,brak_gradingu_w_tytule_ani_opisie
2026-09-11T09:30:56+00:00,9961048555,Pokemon Bulbasaur (MEP 037) Beckett 10 Pristine,https://www.vinted.pl/items/9961048555-pokemon-bulbasaur-mep-037-beckett-10-pristine,962.86,PLN,,,,,,brak_gradingu_w_tytule_ani_opisie
2026-09-11T09:44:07+00:00,9961256191,23 Pokémon TCG Mega Brave M1L JPN Booster Pack oryginalny,https://www.vinted.pl/items/9961256191-23-pokemon-tcg-mega-brave-m1l-jpn-booster-pack-oryginalny,264.99,PLN,,,,,,brak_gradingu_w_tytule_ani_opisie
2026-09-11T10:01:02+00:00,9961368497,Charizard GX 9/68 PSA10 - Hidden Fates,https://www.vinted.pl/items/9961368497-charizard-gx-968-psa10-hidden-fates,467.03,PLN,PSA 10,100.00,459,-25.5,1.00,poza_zakresem_rabatu
2026-09-11T10:15:37+00:00,9961579757,"Squirtle 039 CGC 8,5 - Pokémon",https://www.vinted.pl/items/9961579757-squirtle-039-cgc-85-pokemon,234.65,PLN,"CGC 8,5",,,,,brak_ceny_referencyjnej
2026-09-11T10:15:37+00:00,9961562410,Charmander 038 CGC 9 - Pokémon,https://www.vinted.pl/items/9961562410-charmander-038-cgc-9-pokemon,333.93,PLN,CGC 9,,,,,brak_ceny_referencyjnej
2026-09-11T10:15:38+00:00,9961510152,Pokémon Zapdos Base Set 16/102 Holo WOTC EN,https://www.vinted.pl/items/9961510152-pokemon-zapdos-base-set-16102-holo-wotc-en,149.99,PLN,,,,,,brak_gradingu_w_tytule_ani_opisie
2026-09-11T10:30:48+00:00,9961614792,Machamp swsh 243 - PSA9 Pokémon,https://www.vinted.pl/items/9961614792-machamp-swsh-243-psa9-pokemon,180.32,PLN,PSA 9,21.50,4,-125.4,0.50,poza_zakresem_rabatu
2026-09-11T10:45:38+00:00,9961913251,Pikachu 020 McDonalds PSA 10,https://www.vinted.pl/items/9961913251-pikachu-020-mcdonalds-psa-10,525.41,PLN,PSA 10,629.28,82,77.6,0.33,poza_zakresem_rabatu
2026-09-11T11:01:01+00:00,9962052720,Steelix (MEG 150),https://www.vinted.pl/items/9962052720-steelix-meg-150,41.58,PLN,,,,,,brak_gradingu_w_tytule_ani_opisie
2026-09-11T11:01:03+00:00,9962030637,Mega Scrafty ex 270,https://www.vinted.pl/items/9962030637-mega-scrafty-ex-270,19.69,PLN,,,,,,brak_gradingu_w_tytule_ani_opisie
2026-09-11T11:01:04+00:00,9962009764,Mega Froslass ex 265,https://www.vinted.pl/items/9962009764-mega-froslass-ex-265,43.33,PLN,,,,,,brak_gradingu_w_tytule_ani_opisie
2026-09-11T11:01:05+00:00,9961992188,Mega Hawlucha ex 268,https://www.vinted.pl/items/9961992188-mega-hawlucha-ex-268,24.07,PLN,,,,,,brak_gradingu_w_tytule_ani_opisie
2026-09-11T11:01:07+00:00,9961944915,Marnie's Grimmsnarl ex (ASC 287),https://www.vinted.pl/items/9961944915-marnies-grimmsnarl-ex-asc-287,240.28,PLN,,,,,,brak_gradingu_w_tytule_ani_opisie
2026-09-11T11:15:39+00:00,9962206783,Mewtwo & Mew GX 222/236 – Unified Minds – PSA PR 1,https://www.vinted.pl/items/9962206783-mewtwo-mew-gx-222236-unified-minds-psa-pr-1,585.52,PLN,PSA 1,,,,,brak_ceny_referencyjnej
2026-09-11T11:15:41+00:00,9962087388,Chimchar 041 First Partner,https://www.vinted.pl/items/9962087388-chimchar-041-first-partner,32.82,PLN,,,,,,brak_gradingu_w_tytule_ani_opisie
2026-09-11T11:30:48+00:00,9962342825,Pokémon Donphan Neo Genesis 21/111 1st Edition WOTC EN,https://www.vinted.pl/items/9962342825-pokemon-donphan-neo-genesis-21111-1st-edition-wotc-en,49.99,PLN,,,,,,brak_gradingu_w_tytule_ani_opisie
2026-09-11T11:30:49+00:00,9962306920,Rowlet MEP 043,https://www.vinted.pl/items/9962306920-rowlet-mep-043,28.45,PLN,,,,,,brak_gradingu_w_tytule_ani_opisie
2026-09-11T12:15:36+00:00,9962733896,Shining Celebi #004 Shining Legends 2017 Japanese – PSA 10 Gem Mint,https://www.vinted.pl/items/9962733896-shining-celebi-004-shining-legends-2017-japanese-psa-10-gem-mint,1797.76,PLN,PSA 10,,,,,brak_ceny_referencyjnej
2026-09-11T12:15:37+00:00,9962714816,Pokemon TCG latios,https://www.vinted.pl/items/9962714816-pokemon-tcg-latios,80.0,PLN,,,,,,brak_gradingu_w_tytule_ani_opisie
2026-09-11T12:30:55+00:00,9962980166,Mega Starmie ex - Możliwe PSA 10,https://www.vinted.pl/items/9962980166-mega-starmie-ex-mozliwe-psa-10,200.0,PLN,PSA 10,,,,,brak_ceny_referencyjnej
2026-09-11T12:30:56+00:00,9962975062,Mega gardevoir ex angielska PSA9,https://www.vinted.pl/items/9962975062-mega-gardevoir-ex-angielska-psa9,184.46,PLN,PSA 9,222.49,276,77.7,0.75,poza_zakresem_rabatu
2026-09-11T12:30:57+00:00,9962971586,Nidoran (Skyridge 82),https://www.vinted.pl/items/9962971586-nidoran-skyridge-82,415.78,PLN,PSA 8,,,,,brak_ceny_referencyjnej
2026-09-11T12:30:59+00:00,9962970609,Destined Rivals Booster Box + Tcg-cases.de acrilyc,https://www.vinted.pl/items/9962970609-destined-rivals-booster-box-tcg-casesde-acrilyc,1797.88,PLN,,,,,,brak_gradingu_w_tytule_ani_opisie
2026-09-11T12:31:00+00:00,9962908376,Pokémon Muk Fossil 13/62 Holo WOTC EN,https://www.vinted.pl/items/9962908376-pokemon-muk-fossil-1362-holo-wotc-en,59.99,PLN,,,,,,brak_gradingu_w_tytule_ani_opisie
2026-09-11T13:15:35+00:00,9963494027,Sprzedam 3 karty w psa 9,https://www.vinted.pl/items/9963494027-sprzedam-3-karty-w-psa-9,840.0,PLN,PSA 9,,,,,brak_ceny_referencyjnej
2026-09-11T13:15:36+00:00,9963426662,Pokémon Scyther Base Set 2 17/130 Holo WOTC EN,https://www.vinted.pl/items/9963426662-pokemon-scyther-base-set-2-17130-holo-wotc-en,119.99,PLN,,,,,,brak_gradingu_w_tytule_ani_opisie
2026-09-11T13:30:54+00:00,9963539421,Sprzedsm kartę Pikaczu 30 Aniversary bgs 9.5,https://www.vinted.pl/items/9963539421-sprzedsm-karte-pikaczu-30-aniversary-bgs-95,900.0,PLN,BGS 9.5,,,,,brak_ceny_referencyjnej
2026-09-11T13:45:38+00:00,9963844626,Pokémon Steelix Neo Genesis 15/111 Holo WOTC EN,https://www.vinted.pl/items/9963844626-pokemon-steelix-neo-genesis-15111-holo-wotc-en,139.99,PLN,,,,,,brak_gradingu_w_tytule_ani_opisie
2026-09-11T13:45:39+00:00,9963841352,Pokemon HO-OH #051 Dragon Blade PSA 6,https://www.vinted.pl/items/9963841352-pokemon-ho-oh-051-dragon-blade-psa-6,541.55,PLN,PSA 6,14.45,2,,0.40,za_mala_probka_sprzedazy
2026-09-11T13:45:40+00:00,9963717695,Karta Pokemon,https://www.vinted.pl/items/9963717695-karta-pokemon,250.0,PLN,PSA 10,,,,,brak_ceny_referencyjnej
2026-09-11T13:45:41+00:00,9963706597,AipomPokémon TCG Aipom 211/182 Illustration Rare – Paradox Rift,https://www.vinted.pl/items/9963706597-aipompokemon-tcg-aipom-211182-illustration-rare-paradox-rift,96.29,PLN,,,,,,brak_gradingu_w_tytule_ani_opisie
2026-09-11T13:51:45+00:00,9963880952,Zestaw kart Pokémon z kartami PSA,https://www.vinted.pl/items/9963880952-zestaw-kart-pokemon-z-kartami-psa,1200.0,PLN,,,,,,brak_gradingu_w_tytule_ani_opisie
2026-09-11T14:01:08+00:00,9963961983,Iono’s Bellibolt 183/159 Journey Together Pokémonkort,https://www.vinted.pl/items/9963961983-ionos-bellibolt-183159-journey-together-pokemonkort,175.14,PLN,PSA 10,133.00,213,64.7,0.14,poza_zakresem_rabatu
2026-09-11T14:16:13+00:00,9964208492,Pokemon tcg card Dwebble illustration rare blk 129/086,https://www.vinted.pl/items/9964208492-pokemon-tcg-card-dwebble-illustration-rare-blk-129086,230.0,PLN,PSA 10,299.99,73,79.5,0.03,poza_zakresem_rabatu
2026-09-11T14:16:16+00:00,9964194163,Pokemon tcg card Litwick illustration rare wht 101/086,https://www.vinted.pl/items/9964194163-pokemon-tcg-card-litwick-illustration-rare-wht-101086,85.0,PLN,PSA 10,255.00,22,91.1,0.03,poza_zakresem_rabatu
2026-09-11T14:16:18+00:00,9964184191,Lugia EX 102/113 - Legendary Treasures - Hyper Rare Holo - Pokémon Kort,https://www.vinted.pl/items/9964184191-lugia-ex-102113-legendary-treasures-hyper-rare-holo-pokemon-kort,58.38,PLN,PSA 10,4150.00,16,99.6,0.05,poza_zakresem_rabatu
2026-09-11T14:16:19+00:00,9964154034,Mew v Fusion strike,https://www.vinted.pl/items/9964154034-mew-v-fusion-strike,270.57,PLN,,,,,,brak_gradingu_w_tytule_ani_opisie
2026-09-11T14:45:35+00:00,9964541519,Vaporeon VMAX #006 PSA 10 Pokémon,https://www.vinted.pl/items/9964541519-vaporeon-vmax-006-psa-10-pokemon,700.26,PLN,PSA 10,47.01,13,-299.2,0.25,poza_zakresem_rabatu
2026-09-11T15:01:18+00:00,9747708194,FlareonEx RC6/RC32 Rare Cute,https://www.vinted.pl/items/9747708194-flareonex-rc6rc32-rare-cute,200.0,PLN,PSA 10,,,,,brak_ceny_referencyjnej
2026-09-11T15:15:37+00:00,9964902408,Flygon JP PSA10,https://www.vinted.pl/items/9964902408-flygon-jp-psa10,323.1,PLN,PSA 10,,,,,brak_ceny_referencyjnej
2026-09-11T15:30:53+00:00,9965108000,Magnezone EX (FLF 35),https://www.vinted.pl/items/9965108000-magnezone-ex-flf-35,19.46,PLN,,,,,,brak_gradingu_w_tytule_ani_opisie
2026-09-11T15:30:53+00:00,9965075333,Brock's grit PSA 9,https://www.vinted.pl/items/9965075333-brocks-grit-psa-9,170.0,PLN,PSA 9,,,,,brak_ceny_referencyjnej
2026-09-11T15:30:58+00:00,9965041833,Mewtwo gx 78/73,https://www.vinted.pl/items/9965041833-mewtwo-gx-7873,7877.96,PLN,PSA 9,1381.00,394,-52.9,0.12,poza_zakresem_rabatu
2026-09-11T15:45:34+00:00,9965130208,Karta Pokemon Vulpix MEG 138 PSA 10,https://www.vinted.pl/items/9965130208-karta-pokemon-vulpix-meg-138-psa-10,600.0,PLN,PSA 10,85.00,799,-89.2,0.67,poza_zakresem_rabatu
2026-09-11T16:15:39+00:00,9965640648,Clefariy 86,https://www.vinted.pl/items/9965640648-clefariy-86,66.79,PLN,PSA 10,,,,,brak_ceny_referencyjnej
2026-09-11T16:15:41+00:00,9965596015,Reshiram v 177,https://www.vinted.pl/items/9965596015-reshiram-v-177,66.79,PLN,PSA 10,60.00,42,70.2,0.43,poza_zakresem_rabatu
2026-09-11T16:30:57+00:00,9965786147,Venusaur Promo,https://www.vinted.pl/items/9965786147-venusaur-promo,330.0,PLN,PSA 10,,,,,brak_ceny_referencyjnej
2026-09-11T16:30:59+00:00,9965679083,Raticate 92,https://www.vinted.pl/items/9965679083-raticate-92,72.2,PLN,PSA 10,,,,,brak_ceny_referencyjnej
2026-09-11T16:45:35+00:00,9966000557,Pokemon kort Quilava,https://www.vinted.pl/items/9966000557-pokemon-kort-quilava,23.42,PLN,,,,,,brak_gradingu_w_tytule_ani_opisie
2026-09-11T16:45:37+00:00,9965983624,Pokemon kort murkrow,https://www.vinted.pl/items/9965983624-pokemon-kort-murkrow,70.26,PLN,,,,,,brak_gradingu_w_tytule_ani_opisie
2026-09-11T17:01:01+00:00,9966015760,Pokemon kort sunkern,https://www.vinted.pl/items/9966015760-pokemon-kort-sunkern,23.42,PLN,,,,,,brak_gradingu_w_tytule_ani_opisie
2026-09-11T17:15:40+00:00,9966354596,Pokemon kort quilava,https://www.vinted.pl/items/9966354596-pokemon-kort-quilava,8.78,PLN,,,,,,brak_gradingu_w_tytule_ani_opisie
2026-09-11T17:15:41+00:00,9966339419,Ursaring Pokemon kort,https://www.vinted.pl/items/9966339419-ursaring-pokemon-kort,46.84,PLN,,,,,,brak_gradingu_w_tytule_ani_opisie
2026-09-11T17:15:43+00:00,9966226308,Gengar Kinesisk,https://www.vinted.pl/items/9966226308-gengar-kinesisk,1756.57,PLN,,,,,,brak_gradingu_w_tytule_ani_opisie
2026-09-11T17:30:53+00:00,9738682307,Espeon&DeoxysGX 72/236 Holo Rare,https://www.vinted.pl/items/9738682307-espeondeoxysgx-72236-holo-rare,200.0,PLN,PSA 10,660.00,61,91.9,0.03,poza_zakresem_rabatu
2026-09-11T17:30:53+00:00,9966487660,Pokémon Victreebel 1st Edition Jungle #30 PSA 10 GEM MT,https://www.vinted.pl/items/9966487660-pokemon-victreebel-1st-edition-jungle-30-psa-10-gem-mt,1199.0,PLN,PSA 10,,,,,brak_ceny_referencyjnej
2026-09-11T17:30:55+00:00,9966478340,Pikachu Pokemon kort,https://www.vinted.pl/items/9966478340-pikachu-pokemon-kort,58.55,PLN,,,,,,brak_gradingu_w_tytule_ani_opisie
2026-09-11T17:30:56+00:00,9966462525,Phanpy Pokemon kort,https://www.vinted.pl/items/9966462525-phanpy-pokemon-kort,8.78,PLN,,,,,,brak_gradingu_w_tytule_ani_opisie
2026-09-11T17:30:57+00:00,9966448118,Pokemon kort houndour,https://www.vinted.pl/items/9966448118-pokemon-kort-houndour,17.57,PLN,,,,,,brak_gradingu_w_tytule_ani_opisie
2026-09-11T17:30:59+00:00,9966430098,Diglett Pokemon kort,https://www.vinted.pl/items/9966430098-diglett-pokemon-kort,11.71,PLN,,,,,,brak_gradingu_w_tytule_ani_opisie
2026-09-11T17:31:00+00:00,9966417619,Nidorino Pokemon kort,https://www.vinted.pl/items/9966417619-nidorino-pokemon-kort,14.64,PLN,,,,,,brak_gradingu_w_tytule_ani_opisie
2026-09-11T17:31:01+00:00,9966399755,Seadra Pokemon kort,https://www.vinted.pl/items/9966399755-seadra-pokemon-kort,11.71,PLN,,,,,,brak_gradingu_w_tytule_ani_opisie
2026-09-11T17:31:02+00:00,9966386913,Weezing Pokemon kort,https://www.vinted.pl/items/9966386913-weezing-pokemon-kort,4.68,PLN,,,,,,brak_gradingu_w_tytule_ani_opisie
2026-09-11T17:31:04+00:00,9966370694,Nuzleaf Pokemon kort,https://www.vinted.pl/items/9966370694-nuzleaf-pokemon-kort,4.68,PLN,,,,,,brak_gradingu_w_tytule_ani_opisie
2026-09-11T17:45:38+00:00,9966602592,Pokemon sylveon gx sv76/sv94 cute fairy Love,https://www.vinted.pl/items/9966602592-pokemon-sylveon-gx-sv76sv94-cute-fairy-love,1000.0,PLN,PSA 10,,,,,brak_ceny_referencyjnej
2026-09-11T18:01:03+00:00,9966801747,N's Zoroark ex psa 9,https://www.vinted.pl/items/9966801747-ns-zoroark-ex-psa-9,372.01,PLN,PSA 9,169.99,84,41.3,1.00,poza_zakresem_rabatu
2026-09-11T18:01:03+00:00,9966752161,Pokemon hitmonchan psa 8,https://www.vinted.pl/items/9966752161-pokemon-hitmonchan-psa-8,96.29,PLN,PSA 8,,,,,brak_ceny_referencyjnej
2026-09-11T18:01:07+00:00,9966758604,Beckett slabs,https://www.vinted.pl/items/9966758604-beckett-slabs,1580.92,PLN,,,,,,brak_gradingu_w_tytule_ani_opisie
2026-09-11T18:30:51+00:00,9967129327,Lugia V #110 - PSA 10 - Japanese Pokemonkort (w/Slab Guard & Extended Art),https://www.vinted.pl/items/9967129327-lugia-v-110-psa-10-japanese-pokemonkort-wslab-guard-extended-art,4086.12,PLN,PSA 10,,,,,brak_ceny_referencyjnej
2026-09-11T18:30:52+00:00,9967121671,Rayquaza V #076 - PSA 10 - Japanese Pokemonkort (w/Slab Guard & Extended Art),https://www.vinted.pl/items/9967121671-rayquaza-v-076-psa-10-japanese-pokemonkort-wslab-guard-extended-art,5720.72,PLN,PSA 10,128.06,11,-1097.3,0.12,poza_zakresem_rabatu
2026-09-11T18:30:52+00:00,9967082380,Pokemon Clefairy psa 9 Pop 45!!,https://www.vinted.pl/items/9967082380-pokemon-clefairy-psa-9-pop-45,1697.43,PLN,PSA 9,20.00,148,-2174.7,0.33,poza_zakresem_rabatu
2026-09-11T18:45:33+00:00,9967290626,"Pokémon Charizard 187/184 – VMAX Climax
Art Rare (AR)
PSA 9
Japonská verze",https://www.vinted.pl/items/9967290626-pokemon-charizard-187184-vmax-climax-art-rare-ar-psa-9-japonska-verze,315.88,PLN,PSA 9,,,,,brak_ceny_referencyjnej
2026-09-11T18:45:35+00:00,9967285836,Ninetales holo 1st edition 10*,https://www.vinted.pl/items/9967285836-ninetales-holo-1st-edition-10,330.81,PLN,,,,,,brak_gradingu_w_tytule_ani_opisie
2026-09-11T18:45:35+00:00,9967219919,Piplup 085/080 – Mega Inferno X – PSA 9,https://www.vinted.pl/items/9967219919-piplup-085080-mega-inferno-x-psa-9,162.27,PLN,PSA 9,21.50,160,-102.3,0.33,poza_zakresem_rabatu
2026-09-11T18:45:38+00:00,9967287183,Moltres 12/62 Fossil Becket 9 Bgs,https://www.vinted.pl/items/9967287183-moltres-1262-fossil-becket-9-bgs,875.33,PLN,,,,,,brak_gradingu_w_tytule_ani_opisie
2026-09-11T19:01:04+00:00,9967441262,Eevee promo PSA9,https://www.vinted.pl/items/9967441262-eevee-promo-psa9,260.0,PLN,PSA 9,30.00,64,-132.3,1.00,poza_zakresem_rabatu
2026-09-11T19:15:38+00:00,9967544414,PSA 9 - Lillie's Clefairy EX - Journey Together,https://www.vinted.pl/items/9967544414-psa-9-lillies-clefairy-ex-journey-together,779.08,PLN,PSA 9,133.99,392,-55.8,1.00,poza_zakresem_rabatu
2026-09-11T19:15:40+00:00,9967524243,Pokémon Umbreon Yu Nagaba Promo #067/SV-P Japanese (Near Mint),https://www.vinted.pl/items/9967524243-pokemon-umbreon-yu-nagaba-promo-067sv-p-japanese-near-mint,1083.02,PLN,,,,,,brak_gradingu_w_tytule_ani_opisie
2026-09-11T19:15:40+00:00,9967493309,Pokémon Pikachu Art Rare (AR) #173 – 151 Japanese – PSA 9 Mint,https://www.vinted.pl/items/9967493309-pokemon-pikachu-art-rare-ar-173-151-japanese-psa-9-mint,361.01,PLN,PSA 9,,,,,brak_ceny_referencyjnej
2026-09-11T19:31:03+00:00,9967621248,Shiny greninja promo,https://www.vinted.pl/items/9967621248-shiny-greninja-promo,145.0,PLN,PSA 9,,,,,brak_ceny_referencyjnej
2026-09-11T19:45:32+00:00,9967749237,Pikachu promo 197/sv-p PSA 9,https://www.vinted.pl/items/9967749237-pikachu-promo-197sv-p-psa-9,168.3,PLN,PSA 9,140.00,48,67.8,0.60,poza_zakresem_rabatu
2026-09-11T20:30:49+00:00,9968214027,Team Rocket’s Crobat Ex (DRI 217),https://www.vinted.pl/items/9968214027-team-rockets-crobat-ex-dri-217,11.73,PLN,PSA 10,,,,,brak_ceny_referencyjnej
2026-09-11T20:30:51+00:00,9968204105,Riolu (MEP 010),https://www.vinted.pl/items/9968204105-riolu-mep-010,53.97,PLN,PSA 10,189.00,206,92.3,0.01,poza_zakresem_rabatu
2026-09-11T20:45:36+00:00,9968295583,Arcanine (DET 6) stav: Gd/Ex,https://www.vinted.pl/items/9968295583-arcanine-det-6-stav-gdex,16.06,PLN,PSA 10,356.60,5,98.8,0.02,poza_zakresem_rabatu
2026-09-11T20:45:37+00:00,9968277991,Mega Charizard Y Ex (ASC 022),https://www.vinted.pl/items/9968277991-mega-charizard-y-ex-asc-022,35.92,PLN,PSA 10,116.00,259,91.7,0.03,poza_zakresem_rabatu
2026-09-11T20:45:39+00:00,9968257334,Omastar (FO 40) 1st ed. stav: Ex,https://www.vinted.pl/items/9968257334-omastar-fo-40-1st-ed-stav-ex,17.87,PLN,PSA 10,,,,,brak_ceny_referencyjnej
2026-09-11T20:45:41+00:00,9968241155,Sliggoo (m4 093),https://www.vinted.pl/items/9968241155-sliggoo-m4-093,11.73,PLN,PSA 10,,,,,brak_ceny_referencyjnej
2026-09-11T20:45:42+00:00,9968230291,Galarian Obstagoon (ASC 245),https://www.vinted.pl/items/9968230291-galarian-obstagoon-asc-245,14.26,PLN,PSA 10,81.00,21,95.3,0.02,poza_zakresem_rabatu
2026-09-11T21:30:48+00:00,9968480783,Pokemon Psa,https://www.vinted.pl/items/9968480783-pokemon-psa,361.01,PLN,PSA 10,,,,,brak_ceny_referencyjnej
2026-09-11T21:30:50+00:00,9968456308,Pokemon Detective Pikachu,https://www.vinted.pl/items/9968456308-pokemon-detective-pikachu,2500.0,PLN,PSA 10,397.00,2,,1.00,za_mala_probka_sprzedazy
2026-09-11T22:01:03+00:00,9968707183,Charizard Beckett -9,https://www.vinted.pl/items/9968707183-charizard-beckett-9,1181.69,PLN,,,,,,brak_gradingu_w_tytule_ani_opisie
2026-09-11T22:01:04+00:00,9968674455,Piplup Phantasmal flame Beckett-10,https://www.vinted.pl/items/9968674455-piplup-phantasmal-flame-beckett-10,1050.4,PLN,,,,,,brak_gradingu_w_tytule_ani_opisie
2026-09-11T22:15:38+00:00,9968786671,Stojaki na karty 3szt,https://www.vinted.pl/items/9968786671-stojaki-na-karty-3szt,10.0,PLN,,,,,,brak_gradingu_w_tytule_ani_opisie
2026-09-12T05:08:08+00:00,9969607351,Pokémon Varoom 206/197 Illustration Rare Obsidian Flames NM,https://www.vinted.pl/items/9969607351-pokemon-varoom-206197-illustration-rare-obsidian-flames-nm,15.17,PLN,,,,,,brak_gradingu_w_tytule_ani_opisie
2026-09-12T05:45:33+00:00,9969766621,Hunter Pokémon PSA 10,https://www.vinted.pl/items/9969766621-hunter-pokemon-psa-10,360.82,PLN,PSA 10,,,,,brak_ceny_referencyjnej
2026-09-12T06:01:08+00:00,9969774135,Mega Gengar ex PSA 10,https://www.vinted.pl/items/9969774135-mega-gengar-ex-psa-10,884.01,PLN,PSA 10,2700.00,703,91.2,1.00,poza_zakresem_rabatu
2026-09-12T06:15:35+00:00,9969831963,Umbreon & Espeon PSA-10 cisla po sebe gradovane 710-711,https://www.vinted.pl/items/9969831963-umbreon-espeon-psa-10-cisla-po-sebe-gradovane-710-711,1837.66,PLN,PSA 10,,,,,brak_ceny_referencyjnej
2026-09-12T06:15:36+00:00,9928895464,Benazcap Sylveon Pokemon Binder,https://www.vinted.pl/items/9928895464-benazcap-sylveon-pokemon-binder,96.35,PLN,,,,,,brak_gradingu_w_tytule_ani_opisie
2026-09-12T07:01:04+00:00,9970072363,Pokemon coins,https://www.vinted.pl/items/9970072363-pokemon-coins,28.69,PLN,PSA 10,,,,,brak_ceny_referencyjnej
2026-09-12T07:01:05+00:00,9970065525,Hydrapple (DRI 188),https://www.vinted.pl/items/9970065525-hydrapple-dri-188,14.25,PLN,PSA 10,63.99,114,94.0,0.01,poza_zakresem_rabatu
2026-09-12T07:01:05+00:00,9970048796,Pokemon Rayquaza PSA 10.,https://www.vinted.pl/items/9970048796-pokemon-rayquaza-psa-10,1032.3,PLN,PSA 10,3074.00,23,91.0,1.00,poza_zakresem_rabatu
2026-09-12T07:31:29+00:00,9970266868,Pokemon PSA 9 (Arven’s Mabosstiff),https://www.vinted.pl/items/9970266868-pokemon-psa-9-arvens-mabosstiff,175.6,PLN,PSA 9,28.99,44,-62.3,1.00,poza_zakresem_rabatu
2026-09-12T07:31:29+00:00,9970253927,Pokemon PSA 9 (Jellicent),https://www.vinted.pl/items/9970253927-pokemon-psa-9-jellicent,175.6,PLN,PSA 9,,,,,brak_ceny_referencyjnej
2026-09-12T07:31:29+00:00,9970239010,Pokemon PSA 9 (Tranquill),https://www.vinted.pl/items/9970239010-pokemon-psa-9-tranquill,117.07,PLN,PSA 9,,,,,brak_ceny_referencyjnej
2026-09-12T07:31:29+00:00,9970228066,Pokemon PSA 9 (Fraxure),https://www.vinted.pl/items/9970228066-pokemon-psa-9-fraxure,117.07,PLN,PSA 9,,,,,brak_ceny_referencyjnej
2026-09-12T07:31:29+00:00,9970218587,Pokemon PSA 9 (Dusclops),https://www.vinted.pl/items/9970218587-pokemon-psa-9-dusclops,146.33,PLN,PSA 9,399.99,1,,1.00,za_mala_probka_sprzedazy
2026-09-12T07:31:30+00:00,9970199664,Pokemon PSA 9 (Cassiopeia),https://www.vinted.pl/items/9970199664-pokemon-psa-9-cassiopeia,175.6,PLN,PSA 9,33.99,76,-38.5,1.00,poza_zakresem_rabatu
2026-09-12T07:31:30+00:00,9970147328,Hunter Pokémon PSA 10,https://www.vinted.pl/items/9970147328-hunter-pokemon-psa-10,360.82,PLN,PSA 10,,,,,brak_ceny_referencyjnej
2026-09-12T07:31:32+00:00,9970125800,Mewtwo vstar pokemon 79/78,https://www.vinted.pl/items/9970125800-mewtwo-vstar-pokemon-7978,175.6,PLN,PSA 9,,,,,brak_ceny_referencyjnej
2026-09-12T07:31:33+00:00,9970114552,Pokemon Ex set,https://www.vinted.pl/items/9970114552-pokemon-ex-set,35.9,PLN,PSA 10,,,,,brak_ceny_referencyjnej
2026-09-12T07:31:35+00:00,9970106562,Team Rocket’s Houndoom (DRI 191),https://www.vinted.pl/items/9970106562-team-rockets-houndoom-dri-191,53.94,PLN,PSA 10,160.00,264,91.0,0.03,poza_zakresem_rabatu
2026-09-12T07:31:36+00:00,9970092118,Bellibolt (OBF 201),https://www.vinted.pl/items/9970092118-bellibolt-obf-201,16.06,PLN,PSA 10,93.45,68,95.4,0.01,poza_zakresem_rabatu
2026-09-12T07:31:37+00:00,9970087387,Team Rocket’s Wobbuffet (SVP 203) sealed,https://www.vinted.pl/items/9970087387-team-rockets-wobbuffet-svp-203-sealed,39.51,PLN,PSA 10,224.99,323,95.3,0.02,poza_zakresem_rabatu
2026-09-12T07:31:39+00:00,9970080529,Eeveelutions,https://www.vinted.pl/items/9970080529-eeveelutions,21.47,PLN,PSA 10,,,,,brak_ceny_referencyjnej
2026-09-12T07:45:33+00:00,9970330948,Pokemon PSA 9 (Simisage),https://www.vinted.pl/items/9970330948-pokemon-psa-9-simisage,117.07,PLN,PSA 9,,,,,brak_ceny_referencyjnej
2026-09-12T07:45:33+00:00,9970310115,Pokemon PSA 9 (Victini),https://www.vinted.pl/items/9970310115-pokemon-psa-9-victini,117.07,PLN,PSA 9,163.78,2,,1.00,za_mala_probka_sprzedazy
2026-09-12T07:45:33+00:00,9970295005,Pokemon PSA 9 (Panpour),https://www.vinted.pl/items/9970295005-pokemon-psa-9-panpour,117.07,PLN,PSA 9,,,,,brak_ceny_referencyjnej
2026-09-12T07:45:34+00:00,9970284846,Pokemon PSA 9 (Magmortar),https://www.vinted.pl/items/9970284846-pokemon-psa-9-magmortar,117.07,PLN,PSA 9,24.84,98,-26.3,1.00,poza_zakresem_rabatu
2026-09-12T08:30:51+00:00,9970509392,"Rowlet first partner cgc 8,5",https://www.vinted.pl/items/9970509392-rowlet-first-partner-cgc-85,87.51,PLN,"CGC 8,5",,,,,brak_ceny_referencyjnej
2026-09-12T08:45:33+00:00,9970908580,Shining Charizard PSA 8 - Neo Destiny 2002 Pokémon,https://www.vinted.pl/items/9970908580-shining-charizard-psa-8-neo-destiny-2002-pokemon,15090.34,PLN,PSA 8,3225.00,62,-25.4,0.67,poza_zakresem_rabatu
2026-09-12T08:45:34+00:00,9970905278,Pokemon JPN Pikachu #001,https://www.vinted.pl/items/9970905278-pokemon-jpn-pikachu-001,586.33,PLN,PSA 10,924.88,62,83.0,0.14,poza_zakresem_rabatu
2026-09-12T08:45:35+00:00,9970891140,Pikachu 86/110 PSA 5 - Reverse Holo Legendary Collection Pokémon,https://www.vinted.pl/items/9970891140-pikachu-86110-psa-5-reverse-holo-legendary-collection-pokemon,6022.13,PLN,PSA 5,,,,,brak_ceny_referencyjnej
2026-09-12T08:45:35+00:00,9970832371,Persian psa 10 #078,https://www.vinted.pl/items/9970832371-persian-psa-10-078,1463.32,PLN,PSA 10,290.00,288,-35.2,0.50,poza_zakresem_rabatu
2026-09-12T09:01:07+00:00,9971048059,Pokémon Elekid Neo Genesis 22/111 1st Edition WOTC EN,https://www.vinted.pl/items/9971048059-pokemon-elekid-neo-genesis-22111-1st-edition-wotc-en,89.99,PLN,,,,,,brak_gradingu_w_tytule_ani_opisie
2026-09-12T09:01:08+00:00,9970936758,Venusaur EX #088 - PSA 10 - Japanese Pokemonkort (w/Slab Guard & Extended Art),https://www.vinted.pl/items/9970936758-venusaur-ex-088-psa-10-japanese-pokemonkort-wslab-guard-extended-art,6224.04,PLN,PSA 10,8995.00,13,81.5,0.25,poza_zakresem_rabatu
2026-09-12T09:23:38+00:00,9971283584,Pokemon bundle,https://www.vinted.pl/items/9971283584-pokemon-bundle,175.6,PLN,PSA 10,,,,,brak_ceny_referencyjnej
2026-09-12T10:01:03+00:00,9971710864,Pokemon Vulpix 138 PSA 10,https://www.vinted.pl/items/9971710864-pokemon-vulpix-138-psa-10,546.92,PLN,PSA 10,85.00,799,-72.5,1.00,poza_zakresem_rabatu
2026-09-12T10:01:05+00:00,9971666057,Pokemon tcg card Psyduck cosmos holo rare pps9 asc 039/217,https://www.vinted.pl/items/9971666057-pokemon-tcg-card-psyduck-cosmos-holo-rare-pps9-asc-039217,40.0,PLN,PSA 10,,,,,brak_ceny_referencyjnej
2026-09-12T10:01:07+00:00,9971630112,Pokemon tcg card Gengar rare por 050/088,https://www.vinted.pl/items/9971630112-pokemon-tcg-card-gengar-rare-por-050088,30.0,PLN,PSA 10,,,,,brak_ceny_referencyjnej
2026-09-12T10:15:36+00:00,9971985069,Espeon,https://www.vinted.pl/items/9971985069-espeon,146.33,PLN,PSA 10,,,,,brak_ceny_referencyjnej
2026-09-12T10:15:39+00:00,9971945865,Charizard ex OBF,https://www.vinted.pl/items/9971945865-charizard-ex-obf,585.33,PLN,PSA 9,4500.00,49,96.5,0.67,poza_zakresem_rabatu
2026-09-12T10:15:40+00:00,9971897644,Mega Gengar ex ASC,https://www.vinted.pl/items/9971897644-mega-gengar-ex-asc,1463.32,PLN,PSA 10,276.00,1619,-42.1,0.75,poza_zakresem_rabatu
2026-09-12T10:15:41+00:00,9971828096,Gallade EX (XYPR 45),https://www.vinted.pl/items/9971828096-gallade-ex-xypr-45,17.51,PLN,,,,,,brak_gradingu_w_tytule_ani_opisie
2026-09-12T10:15:43+00:00,9971815304,Mega Dragonite EX ASC,https://www.vinted.pl/items/9971815304-mega-dragonite-ex-asc,877.99,PLN,PSA 10,1500.00,57,84.3,0.75,poza_zakresem_rabatu
2026-09-12T10:15:45+00:00,9971756186,Mega Gengar EX ASC,https://www.vinted.pl/items/9971756186-mega-gengar-ex-asc,1463.32,PLN,PSA 10,276.00,1619,-42.1,0.75,poza_zakresem_rabatu
2026-09-12T10:15:46+00:00,9971870244,Stojaczki Plastikowe na Karty Pokemon TCG Toploader Stojak Sztaluga (10 szt),https://www.vinted.pl/items/9971870244-stojaczki-plastikowe-na-karty-pokemon-tcg-toploader-stojak-sztaluga-10-szt,18.0,PLN,,,,,,brak_gradingu_w_tytule_ani_opisie
2026-09-12T10:45:36+00:00,9972327488,PSA 10 Scoop Up Net 207/192,https://www.vinted.pl/items/9972327488-psa-10-scoop-up-net-207192,184.79,PLN,PSA 10,38.95,7,-27.2,1.00,poza_zakresem_rabatu
2026-09-12T10:45:36+00:00,9972319605,PSA 10 Team Rocket's Persian ex 219/182,https://www.vinted.pl/items/9972319605-psa-10-team-rockets-persian-ex-219182,330.67,PLN,PSA 10,49.99,155,-77.3,1.00,poza_zakresem_rabatu
2026-09-12T10:45:37+00:00,9972308546,PSA 10 Minior 070/062,https://www.vinted.pl/items/9972308546-psa-10-minior-070062,291.77,PLN,PSA 10,47.01,1,,0.67,za_mala_probka_sprzedazy
2026-09-12T10:45:37+00:00,9972292247,PSA 10 Voltorb SV13/SV94,https://www.vinted.pl/items/9972292247-psa-10-voltorb-sv13sv94,252.87,PLN,PSA 10,,,,,brak_ceny_referencyjnej
2026-09-12T10:45:37+00:00,9972283908,PSA 10 Magneton SV28/SV94,https://www.vinted.pl/items/9972283908-psa-10-magneton-sv28sv94,252.87,PLN,PSA 10,,,,,brak_ceny_referencyjnej
2026-09-12T10:45:38+00:00,9972263270,Pokemon,https://www.vinted.pl/items/9972263270-pokemon,901.87,PLN,,,,,,brak_gradingu_w_tytule_ani_opisie
2026-09-12T10:45:39+00:00,9972234371,Pokemon Prismatic Evolutions Super Premium Collection med Akryl,https://www.vinted.pl/items/9972234371-pokemon-prismatic-evolutions-super-premium-collection-med-akryl,1295.46,PLN,,,,,,brak_gradingu_w_tytule_ani_opisie
2026-09-12T11:16:12+00:00,9972663930,KingdraGX-Promo,https://www.vinted.pl/items/9972663930-kingdragx-promo,656.26,PLN,PSA 10,,,,,brak_ceny_referencyjnej
2026-09-12T11:16:13+00:00,9972653895,Pokemon,https://www.vinted.pl/items/9972653895-pokemon,877.99,PLN,,,,,,brak_gradingu_w_tytule_ani_opisie
2026-09-12T11:30:51+00:00,9972908516,Pikachu 218/SV-P Promo Japanese Summer Get Campaign PSA 9 Mint Pokemon,https://www.vinted.pl/items/9972908516-pikachu-218sv-p-promo-japanese-summer-get-campaign-psa-9-mint-pokemon,280.0,PLN,PSA 9,23.00,5,-226.3,0.11,poza_zakresem_rabatu
2026-09-12T11:30:52+00:00,9972811821,PSA 9 - 2006 Pokemon POP Series 3 Ditto (Mr. Mime),https://www.vinted.pl/items/9972811821-psa-9-2006-pokemon-pop-series-3-ditto-mr-mime,585.33,PLN,PSA 9,400.00,2,,0.29,za_mala_probka_sprzedazy
2026-09-12T12:01:07+00:00,9973294950,PSA 9 Raikou #32/73 – Shining Legends – Cracked Ice Holo,https://www.vinted.pl/items/9973294950-psa-9-raikou-3273-shining-legends-cracked-ice-holo,194.91,PLN,PSA 9,,,,,brak_ceny_referencyjnej
2026-09-12T12:15:33+00:00,9973465927,Venusaur EX Japansk 003/165 PSA 10,https://www.vinted.pl/items/9973465927-venusaur-ex-japansk-003165-psa-10,204.86,PLN,PSA 10,8995.00,13,99.4,0.40,poza_zakresem_rabatu
2026-09-12T12:15:35+00:00,9973412139,Chimchar (MEP 041) 30 lecie Pokemon,https://www.vinted.pl/items/9973412139-chimchar-mep-041-30-lecie-pokemon,360.0,PLN,PSA 10,,,,,brak_ceny_referencyjnej
2026-09-12T12:30:51+00:00,9973681652,Litten 044 First Partner,https://www.vinted.pl/items/9973681652-litten-044-first-partner,25.81,PLN,,,,,,brak_gradingu_w_tytule_ani_opisie
2026-09-12T12:30:53+00:00,9973659224,Popplio 045 First Partner,https://www.vinted.pl/items/9973659224-popplio-045-first-partner,25.81,PLN,,,,,,brak_gradingu_w_tytule_ani_opisie
2026-09-12T12:30:54+00:00,9973635329,Turtwig 040 First Parter,https://www.vinted.pl/items/9973635329-turtwig-040-first-parter,28.44,PLN,,,,,,brak_gradingu_w_tytule_ani_opisie
2026-09-12T12:30:55+00:00,9973629761,PSA 9 - Wailord & Magikarp GX Tag Team,https://www.vinted.pl/items/9973629761-psa-9-wailord-magikarp-gx-tag-team,403.51,PLN,PSA 9,140.10,22,22.8,0.80,wyslano_na_discord
2026-09-12T12:45:36+00:00,9973620957,Pokémon TGC Arcanine EX Violet EX Holo CGC Graded 9.5,https://www.vinted.pl/items/9973620957-pokemon-tgc-arcanine-ex-violet-ex-holo-cgc-graded-95,250.0,PLN,,,,,,brak_gradingu_w_tytule_ani_opisie
2026-09-12T13:30:49+00:00,9974503289,Psa 10 dewgong,https://www.vinted.pl/items/9974503289-psa-10-dewgong,409.73,PLN,PSA 10,2700.00,7,95.9,1.00,poza_zakresem_rabatu
2026-09-12T13:30:52+00:00,9974431751,Mega Charizard ex 125,https://www.vinted.pl/items/9974431751-mega-charizard-ex-125,7609.26,PLN,PSA 10,2150.00,1935,5.1,1.00,wyslano_na_discord
2026-09-12T13:45:37+00:00,9974748238,Charizard psa 1,https://www.vinted.pl/items/9974748238-charizard-psa-1,1463.32,PLN,PSA 1,66.02,2,,1.00,za_mala_probka_sprzedazy
2026-09-12T13:45:39+00:00,9974615253,gengar 5/92,https://www.vinted.pl/items/9974615253-gengar-592,1167.08,PLN,PSA 9,,,,,brak_ceny_referencyjnej
2026-09-12T13:45:40+00:00,9974707252,Sprxedam kartę Pikaczu 132/106 BGS 9.5,https://www.vinted.pl/items/9974707252-sprxedam-karte-pikaczu-132106-bgs-95,1430.0,PLN,BGS 9.5,,,,,brak_ceny_referencyjnej
2026-09-12T13:45:41+00:00,9974676668,Sprzedam kartę Mewtwo 281/217  BGS 9.5,https://www.vinted.pl/items/9974676668-sprzedam-karte-mewtwo-281217-bgs-95,1540.0,PLN,BGS 9.5,511.95,18,19.4,0.75,wyslano_na_discord
2026-09-12T13:45:42+00:00,9974623057,Pikachu 276/217 Becketts 9.5 (10-10-10-9),https://www.vinted.pl/items/9974623057-pikachu-276217-becketts-95-10-10-10-9,6224.43,PLN,,,,,,brak_gradingu_w_tytule_ani_opisie
2026-09-12T14:01:39+00:00,9974981526,Pokemon Wobbuffet holo,https://www.vinted.pl/items/9974981526-pokemon-wobbuffet-holo,525.05,PLN,PSA 9,,,,,brak_ceny_referencyjnej
2026-09-12T14:15:35+00:00,9975143269,Mega darkrai ex pitch black - Pokémon 2026,https://www.vinted.pl/items/9975143269-mega-darkrai-ex-pitch-black-pokemon-2026,1050.0,PLN,,,,,,brak_gradingu_w_tytule_ani_opisie
2026-09-12T14:15:35+00:00,9975126006,Raging bolt ex psa 10,https://www.vinted.pl/items/9975126006-raging-bolt-ex-psa-10,350.03,PLN,PSA 10,56.00,36,-67.5,1.00,poza_zakresem_rabatu
2026-09-12T14:15:37+00:00,9975099374,Celebi V,https://www.vinted.pl/items/9975099374-celebi-v,503.17,PLN,PSA 9,56.34,16,-139.4,0.50,poza_zakresem_rabatu
2026-09-12T14:15:38+00:00,9975085528,mega darkrai ex pitch black,https://www.vinted.pl/items/9975085528-mega-darkrai-ex-pitch-black,1200.0,PLN,PSA 10,,,,,brak_ceny_referencyjnej
2026-09-12T14:15:40+00:00,9975065251,Charizard VSTAR,https://www.vinted.pl/items/9975065251-charizard-vstar,503.17,PLN,PSA 9,130.00,403,-3.7,1.00,poza_zakresem_rabatu
2026-09-12T14:15:40+00:00,9975021958,PSA 9 Cufant,https://www.vinted.pl/items/9975021958-psa-9-cufant,155.61,PLN,PSA 9,12.00,1,,1.00,za_mala_probka_sprzedazy
2026-09-12T14:31:00+00:00,9975260481,Pokemon Armarouge ex,https://www.vinted.pl/items/9975260481-pokemon-armarouge-ex,10.0,PLN,PSA 10,55.00,10,,0.14,blad_kursu_walut
2026-09-12T14:31:04+00:00,9975245229,Houndoom 066/064 Shrouded Fable,https://www.vinted.pl/items/9975245229-houndoom-066064-shrouded-fable,330.67,PLN,PSA 9,40.00,193,-121.6,0.83,poza_zakresem_rabatu
2026-09-12T14:31:04+00:00,9975195802,Calyrex V psa 10,https://www.vinted.pl/items/9975195802-calyrex-v-psa-10,437.54,PLN,PSA 10,50.00,21,-134.5,1.00,poza_zakresem_rabatu
2026-09-12T15:01:04+00:00,9975848061,2016 pokemon grass energy evolutions foil holo psa 9,https://www.vinted.pl/items/9975848061-2016-pokemon-grass-energy-evolutions-foil-holo-psa-9,200.0,PLN,PSA 9,,,,,brak_ceny_referencyjnej
2026-09-12T15:01:04+00:00,9975811873,1997 japanese fossil zaproszenie holo psa 7,https://www.vinted.pl/items/9975811873-1997-japanese-fossil-zaproszenie-holo-psa-7,300.0,PLN,PSA 7,15.37,11,-423.1,0.25,poza_zakresem_rabatu
2026-09-12T15:01:05+00:00,9975785480,2000 Pokemon japanese NEO 3 starmie holo psa 5,https://www.vinted.pl/items/9975785480-2000-pokemon-japanese-neo-3-starmie-holo-psa-5,300.0,PLN,PSA 5,,,,,brak_ceny_referencyjnej
2026-09-12T15:15:34+00:00,9976029100,Hunter Pokémon PSA 10,https://www.vinted.pl/items/9976029100-hunter-pokemon-psa-10,360.82,PLN,PSA 10,,,,,brak_ceny_referencyjnej
2026-09-12T15:15:34+00:00,9975998932,Pokémon Solgaleo & Lunala GX 216/236 PSA 9 MINT – Cosmic Eclipse,https://www.vinted.pl/items/9975998932-pokemon-solgaleo-lunala-gx-216236-psa-9-mint-cosmic-eclipse,1999.0,PLN,PSA 9,,,,,brak_ceny_referencyjnej
2026-09-12T15:15:36+00:00,9975936255,Clefairy (m3 086),https://www.vinted.pl/items/9975936255-clefairy-m3-086,340.0,PLN,PSA 10,,,,,brak_ceny_referencyjnej
2026-09-12T15:15:37+00:00,9975915985,Base set Hitmonchan pokemon 1999,https://www.vinted.pl/items/9975915985-base-set-hitmonchan-pokemon-1999,70.0,PLN,,,,,,brak_gradingu_w_tytule_ani_opisie
2026-09-12T15:15:39+00:00,9975866835,Leafeon ex (sv8a 200),https://www.vinted.pl/items/9975866835-leafeon-ex-sv8a-200,460.0,PLN,PSA 9,17.00,30,-625.2,0.06,poza_zakresem_rabatu
2026-09-12T15:30:49+00:00,9976093974,PSA-Slab Necklace,https://www.vinted.pl/items/9976093974-psa-slab-necklace,43.75,PLN,,,,,,brak_gradingu_w_tytule_ani_opisie
2026-09-12T15:30:52+00:00,9976089256,Galarian Zapdos V 182/172 Gold Secret Rare - Pokémon Brilliant Stars,https://www.vinted.pl/items/9976089256-galarian-zapdos-v-182172-gold-secret-rare-pokemon-brilliant-stars,97.26,PLN,PSA 9,21.40,30,-21.8,0.16,poza_zakresem_rabatu
2026-09-12T15:30:53+00:00,9976073561,PSA-Slab Necklace,https://www.vinted.pl/items/9976073561-psa-slab-necklace,43.75,PLN,,,,,,brak_gradingu_w_tytule_ani_opisie
2026-09-12T15:46:10+00:00,9976389402,Pikachu 173 i PSA 10,https://www.vinted.pl/items/9976389402-pikachu-173-i-psa-10,760.93,PLN,PSA 10,429.99,235,52.6,0.67,poza_zakresem_rabatu
2026-09-12T15:46:10+00:00,9976373921,Pikachu 073 i PSA 10,https://www.vinted.pl/items/9976373921-pikachu-073-i-psa-10,819.46,PLN,PSA 10,2000.00,1,,0.33,za_mala_probka_sprzedazy
2026-09-12T16:01:06+00:00,9976395069,Hama-Chan Slowking PSA 5 Hamada Slowking Glossy Coro Coro,https://www.vinted.pl/items/9976395069-hama-chan-slowking-psa-5-hamada-slowking-glossy-coro-coro,1141.39,PLN,PSA 5,,,,,brak_ceny_referencyjnej
2026-09-12T16:15:40+00:00,9976943192,Pokémon Kingdra Holo 1st Edition Neo Genesis 8/111 WOTC EN,https://www.vinted.pl/items/9976943192-pokemon-kingdra-holo-1st-edition-neo-genesis-8111-wotc-en,409.99,PLN,,,,,,brak_gradingu_w_tytule_ani_opisie
2026-09-12T16:30:53+00:00,9977124006,Hama-Chan Slowking PSA 5 Hamada Slowking Glossy Coro Coro,https://www.vinted.pl/items/9977124006-hama-chan-slowking-psa-5-hamada-slowking-glossy-coro-coro,1126.76,PLN,PSA 5,,,,,brak_ceny_referencyjnej
2026-09-12T16:30:55+00:00,9977040638,Pokémon kort Vintage - modern,https://www.vinted.pl/items/9977040638-pokemon-kort-vintage-modern,9336.64,PLN,,,,,,brak_gradingu_w_tytule_ani_opisie
2026-09-12T16:45:47+00:00,9977280918,Pokémon Beedrill Base Set 17/102 1999-2000 WOTC EN,https://www.vinted.pl/items/9977280918-pokemon-beedrill-base-set-17102-1999-2000-wotc-en,34.99,PLN,,,,,,brak_gradingu_w_tytule_ani_opisie
2026-09-12T16:45:47+00:00,9977272091,Delibird PSA 9,https://www.vinted.pl/items/9977272091-delibird-psa-9,158.0,PLN,PSA 9,,,,,brak_ceny_referencyjnej
2026-09-12T17:15:35+00:00,9977743430,Den är i bra kondition,https://www.vinted.pl/items/9977743430-den-ar-i-bra-kondition,427.93,PLN,PSA 10,,,,,brak_ceny_referencyjnej
2026-09-12T17:30:51+00:00,9977782400,Karty pokemon upc promo charizard,https://www.vinted.pl/items/9977782400-karty-pokemon-upc-promo-charizard,650.0,PLN,PSA 8,,,,,brak_ceny_referencyjnej
2026-09-12T17:45:38+00:00,9977972396,Mega Greninja EX,https://www.vinted.pl/items/9977972396-mega-greninja-ex,778.05,PLN,,,,,,brak_gradingu_w_tytule_ani_opisie
2026-09-12T17:45:40+00:00,9977958420,Greninja Chaos rising japansk,https://www.vinted.pl/items/9977958420-greninja-chaos-rising-japansk,972.18,PLN,PSA 10,,,,,brak_ceny_referencyjnej
2026-09-12T18:15:34+00:00,9978387947,Psa 10 zamazemta DRI,https://www.vinted.pl/items/9978387947-psa-10-zamazemta-dri,568.8,PLN,PSA 10,,,,,brak_ceny_referencyjnej
2026-09-12T18:30:48+00:00,9978582517,Pokemon,https://www.vinted.pl/items/9978582517-pokemon,439.0,PLN,,,,,,brak_gradingu_w_tytule_ani_opisie
2026-09-12T18:30:49+00:00,9978540261,Karta pokemon 2022 Pokemon swsh FA/Gengar Lost Origin PSA9,https://www.vinted.pl/items/9978540261-karta-pokemon-2022-pokemon-swsh-fagengar-lost-origin-psa9,350.0,PLN,PSA 9,80.00,458,-17.3,0.50,poza_zakresem_rabatu
2026-09-12T18:30:49+00:00,9978527008,karta pokemon 2023 Pokemon SVI EN Gayardos Ex PSA 9,https://www.vinted.pl/items/9978527008-karta-pokemon-2023-pokemon-svi-en-gayardos-ex-psa-9,150.0,PLN,PSA 9,,,,,brak_ceny_referencyjnej
2026-09-12T19:01:02+00:00,9978877477,Mewtwo Pokémon kort,https://www.vinted.pl/items/9978877477-mewtwo-pokemon-kort,87.8,PLN,,,,,,brak_gradingu_w_tytule_ani_opisie
2026-09-12T19:01:02+00:00,9978761776,"Gyaradoes Gx PSA 9,5-10",https://www.vinted.pl/items/9978761776-gyaradoes-gx-psa-95-10,30.73,PLN,"PSA 9,5",,,,,brak_ceny_referencyjnej
2026-09-12T19:15:41+00:00,9979033749,Flareon reverse holo Legendary Collection,https://www.vinted.pl/items/9979033749-flareon-reverse-holo-legendary-collection,2341.31,PLN,PSA 5,,,,,brak_ceny_referencyjnej
2026-09-12T19:15:42+00:00,9978918402,Scampisto PSA 9-10,https://www.vinted.pl/items/9978918402-scampisto-psa-9-10,38.51,PLN,PSA 9,,,,,brak_ceny_referencyjnej
2026-09-12T20:01:02+00:00,9979461679,Pokemon psa 10,https://www.vinted.pl/items/9979461679-pokemon-psa-10,1028.33,PLN,PSA 10,,,,,brak_ceny_referencyjnej
2026-09-12T20:15:38+00:00,9979575339,Pokemon Mgardevoir + akryl,https://www.vinted.pl/items/9979575339-pokemon-mgardevoir-akryl,525.05,PLN,PSA 8,,,,,brak_ceny_referencyjnej
2026-09-12T20:30:51+00:00,9979704935,Karta pokemon,https://www.vinted.pl/items/9979704935-karta-pokemon,25.0,PLN,,,,,,brak_gradingu_w_tytule_ani_opisie
2026-09-12T20:30:52+00:00,9979697989,Karta pokemon,https://www.vinted.pl/items/9979697989-karta-pokemon,34.0,PLN,,,,,,brak_gradingu_w_tytule_ani_opisie
2026-09-12T20:30:54+00:00,9979694524,Karta pokemon,https://www.vinted.pl/items/9979694524-karta-pokemon,40.0,PLN,,,,,,brak_gradingu_w_tytule_ani_opisie
2026-09-12T20:30:55+00:00,9979682001,Captain Pikachu mint PSA 9,https://www.vinted.pl/items/9979682001-captain-pikachu-mint-psa-9,168.4,PLN,PSA 9,83.84,1577,46.2,0.50,poza_zakresem_rabatu
2026-09-12T20:30:56+00:00,9979665548,Karta pokemon,https://www.vinted.pl/items/9979665548-karta-pokemon,55.0,PLN,,,,,,brak_gradingu_w_tytule_ani_opisie
2026-09-12T20:30:58+00:00,9979654155,Mega floette ex 117,https://www.vinted.pl/items/9979654155-mega-floette-ex-117,311.22,PLN,,,,,,brak_gradingu_w_tytule_ani_opisie
2026-09-12T20:30:59+00:00,9979619761,Pokemon Lopunny promo,https://www.vinted.pl/items/9979619761-pokemon-lopunny-promo,262.52,PLN,PSA 9,,,,,brak_ceny_referencyjnej
2026-09-12T20:30:59+00:00,9979614113,Psa 10,https://www.vinted.pl/items/9979614113-psa-10,360.64,PLN,PSA 10,,,,,brak_ceny_referencyjnej
2026-09-12T20:30:59+00:00,9979598245,Psa 10,https://www.vinted.pl/items/9979598245-psa-10,451.02,PLN,PSA 10,,,,,brak_ceny_referencyjnej
2026-09-12T20:45:38+00:00,9979810565,Combusken (CG 31),https://www.vinted.pl/items/9979810565-combusken-cg-31,11.67,PLN,,,,,,brak_gradingu_w_tytule_ani_opisie
2026-09-12T20:45:40+00:00,9979795268,Venomoth (TM 11),https://www.vinted.pl/items/9979795268-venomoth-tm-11,11.67,PLN,,,,,,brak_gradingu_w_tytule_ani_opisie
2026-09-12T20:45:41+00:00,9979723292,Karta pokemon,https://www.vinted.pl/items/9979723292-karta-pokemon,36.0,PLN,,,,,,brak_gradingu_w_tytule_ani_opisie
2026-09-12T20:45:42+00:00,9979713641,Karta pokemon,https://www.vinted.pl/items/9979713641-karta-pokemon,58.0,PLN,,,,,,brak_gradingu_w_tytule_ani_opisie
2026-09-12T20:45:43+00:00,9979709078,Karta pokemon,https://www.vinted.pl/items/9979709078-karta-pokemon,28.0,PLN,,,,,,brak_gradingu_w_tytule_ani_opisie
2026-09-12T20:58:47+00:00,9979829953,Pangoro (XYPR 50),https://www.vinted.pl/items/9979829953-pangoro-xypr-50,13.62,PLN,,,,,,brak_gradingu_w_tytule_ani_opisie
2026-09-12T21:01:04+00:00,9979926106,Camerupt (CG 3),https://www.vinted.pl/items/9979926106-camerupt-cg-3,38.9,PLN,,,,,,brak_gradingu_w_tytule_ani_opisie
2026-09-12T21:15:33+00:00,9980009948,Espeon (AQ 11) - Reverse Holo PSA 4,https://www.vinted.pl/items/9980009948-espeon-aq-11-reverse-holo-psa-4,1290.74,PLN,PSA 4,,,,,brak_ceny_referencyjnej
2026-09-12T21:30:52+00:00,9980110273,"Pokémon Pärm för Samling, Blaziken (4- Fickor)",https://www.vinted.pl/items/9980110273-pokemon-parm-for-samling-blaziken-4-fickor,38.9,PLN,,,,,,brak_gradingu_w_tytule_ani_opisie
2026-09-12T21:30:53+00:00,9980097324,Pokémon Kort Pärm 2007 (4-fickor),https://www.vinted.pl/items/9980097324-pokemon-kort-parm-2007-4-fickor,116.71,PLN,,,,,,brak_gradingu_w_tytule_ani_opisie
2026-09-12T21:45:36+00:00,9980197729,PSA only Graded pokemon card stand. Read description!!,https://www.vinted.pl/items/9980197729-psa-only-graded-pokemon-card-stand-read-description,20.81,PLN,,,,,,brak_gradingu_w_tytule_ani_opisie
2026-09-12T21:45:37+00:00,9980174704,"Universal graded card stand. psa/ace/cgc, etc.",https://www.vinted.pl/items/9980174704-universal-graded-card-stand-psaacecgc-etc,24.98,PLN,,,,,,brak_gradingu_w_tytule_ani_opisie
2026-09-12T22:15:35+00:00,9980314893,"Pokemon collection  Ex card , holos and psa slabs",https://www.vinted.pl/items/9980314893-pokemon-collection-ex-card-holos-and-psa-slabs,4975.28,PLN,PSA 10,,,,,brak_ceny_referencyjnej
2026-09-12T22:15:36+00:00,9980288632,Pikachu Holo PSA 4,https://www.vinted.pl/items/9980288632-pikachu-holo-psa-4,272.32,PLN,PSA 4,100.00,1,27.0,1.00,wyslano_na_discord
2026-09-12T23:30:51+00:00,9980612266,Charizard GX 9/68 PSA10 - Hidden Fates - Pokemoncard,https://www.vinted.pl/items/9980612266-charizard-gx-968-psa10-hidden-fates-pokemoncard,466.83,PLN,PSA 10,100.00,468,-25.1,0.86,poza_zakresem_rabatu
2026-09-13T04:45:34+00:00,9981261885,Vaporeon Holo slabs - Pokémonkort,https://www.vinted.pl/items/9981261885-vaporeon-holo-slabs-pokemonkort,194.51,PLN,PSA 7,,,,,brak_ceny_referencyjnej
2026-09-13T07:15:37+00:00,9981742457,pokemon graded,https://www.vinted.pl/items/9981742457-pokemon-graded,291.38,PLN,PSA 10,55.00,38,-42.0,1.00,poza_zakresem_rabatu
2026-09-13T07:15:38+00:00,9981730477,2023 Pokémon Vulpix PSA 9,https://www.vinted.pl/items/9981730477-2023-pokemon-vulpix-psa-9,106.98,PLN,PSA 9,,,,,brak_ceny_referencyjnej
2026-09-13T07:15:39+00:00,9981717628,2001 Pokémon Weezing Holo PSA 6,https://www.vinted.pl/items/9981717628-2001-pokemon-weezing-holo-psa-6,427.93,PLN,PSA 6,,,,,brak_ceny_referencyjnej
2026-09-13T07:30:51+00:00,9981806340,Greninja Ex 132 Promo,https://www.vinted.pl/items/9981806340-greninja-ex-132-promo,396.9,PLN,PSA 10,469.99,333,77.4,0.14,poza_zakresem_rabatu
2026-09-13T07:45:35+00:00,9981963182,Dawn Pfl PSA 10,https://www.vinted.pl/items/9981963182-dawn-pfl-psa-10,140.0,PLN,PSA 10,,,,,brak_ceny_referencyjnej
2026-09-13T07:45:36+00:00,9981943271,Mega Charizard X ex PFL PSA 9,https://www.vinted.pl/items/9981943271-mega-charizard-x-ex-pfl-psa-9,1150.0,PLN,PSA 9,436.00,506,29.3,0.80,wyslano_na_discord
2026-09-13T08:01:02+00:00,9982106746,Latios EX-HOLO psa 1,https://www.vinted.pl/items/9982106746-latios-ex-holo-psa-1,643.86,PLN,PSA 1,34.25,2,-403.8,1.00,poza_zakresem_rabatu
2026-09-13T08:01:02+00:00,9982091699,Dark Dragonite PSA 9,https://www.vinted.pl/items/9982091699-dark-dragonite-psa-9,585.33,PLN,PSA 9,169.99,80,7.7,1.00,wyslano_na_discord
2026-09-13T08:01:03+00:00,9982079507,Umbreon holo PSA 3,https://www.vinted.pl/items/9982079507-umbreon-holo-psa-3,1463.32,PLN,PSA 3,29.00,1,-1252.4,1.00,poza_zakresem_rabatu
2026-09-13T08:01:05+00:00,9982063050,Jynx 18/147 Reverse Holo - Pokémon Aquapolis,https://www.vinted.pl/items/9982063050-jynx-18147-reverse-holo-pokemon-aquapolis,116.71,PLN,,,,,,brak_gradingu_w_tytule_ani_opisie
2026-09-13T08:01:06+00:00,9982033534,Leafeon GX 157/156 - Pokémon Ultra Prism,https://www.vinted.pl/items/9982033534-leafeon-gx-157156-pokemon-ultra-prism,190.62,PLN,,,,,,brak_gradingu_w_tytule_ani_opisie
2026-09-13T08:01:07+00:00,9982017910,Dragonite EX 108/111 - Pokémon Furious Fists,https://www.vinted.pl/items/9982017910-dragonite-ex-108111-pokemon-furious-fists,223.69,PLN,,,,,,brak_gradingu_w_tytule_ani_opisie
2026-09-13T08:01:09+00:00,9981997398,Gardevoir ex 245/198 - Pokémon Scarlet & Violet,https://www.vinted.pl/items/9981997398-gardevoir-ex-245198-pokemon-scarlet-violet,192.57,PLN,PSA 10,229.95,106,77.6,0.09,poza_zakresem_rabatu
2026-09-13T08:15:38+00:00,9982248458,Pokemon tcg simplified chinese Sylveon card and coin sealed,https://www.vinted.pl/items/9982248458-pokemon-tcg-simplified-chinese-sylveon-card-and-coin-sealed,15.0,PLN,PSA 10,,,,,brak_ceny_referencyjnej
2026-09-13T08:15:38+00:00,9982217137,Charizard 183/165 Psa 10 !ITALY!!,https://www.vinted.pl/items/9982217137-charizard-183165-psa-10-italy,721.64,PLN,PSA 10,185.00,207,-4.5,0.75,poza_zakresem_rabatu
2026-09-13T08:15:39+00:00,9982156186,Charizard V (JP) PSA 10,https://www.vinted.pl/items/9982156186-charizard-v-jp-psa-10,584.74,PLN,PSA 10,500.00,42,68.7,0.33,poza_zakresem_rabatu
2026-09-13T08:15:39+00:00,9982134931,Blastoise Holo Japanese 25th Anniversary Edition PSA 10,https://www.vinted.pl/items/9982134931-blastoise-holo-japanese-25th-anniversary-edition-psa-10,1170.66,PLN,PSA 10,,,,,brak_ceny_referencyjnej
2026-09-13T08:15:39+00:00,9982122130,Venusaur Holo Japanese 25th Anniversary Edition PSA 10,https://www.vinted.pl/items/9982122130-venusaur-holo-japanese-25th-anniversary-edition-psa-10,760.93,PLN,PSA 10,,,,,brak_ceny_referencyjnej
2026-09-13T09:45:38+00:00,9983335644,Karta Pokemon Vulpix MEG 138 PSA 10,https://www.vinted.pl/items/9983335644-karta-pokemon-vulpix-meg-138-psa-10,500.0,PLN,PSA 10,85.00,799,-57.7,0.67,poza_zakresem_rabatu
2026-09-13T09:45:38+00:00,9983262183,Ohodnocená Pokémon karta Mega Charizard X ex (m2 013) PSA 10,https://www.vinted.pl/items/9983262183-ohodnocena-pokemon-karta-mega-charizard-x-ex-m2-013-psa-10,342.78,PLN,PSA 10,,,,,brak_ceny_referencyjnej
2026-09-13T09:45:38+00:00,9983382941,Ohodnocená Pokémon karta Pikachu (SV-P 291) PSA 10,https://www.vinted.pl/items/9983382941-ohodnocena-pokemon-karta-pikachu-sv-p-291-psa-10,396.9,PLN,PSA 10,1995.00,5,94.7,0.33,poza_zakresem_rabatu
2026-09-13T09:45:38+00:00,9983256467,Rocket's zapdos-holo PSA10 008,https://www.vinted.pl/items/9983256467-rockets-zapdos-holo-psa10-008,437.54,PLN,PSA 10,4408.50,6,97.3,0.75,poza_zakresem_rabatu
2026-09-13T09:45:38+00:00,9983238486,Ohodnocená Pokémon karta Beautifly (m2a 194) PSA 10,https://www.vinted.pl/items/9983238486-ohodnocena-pokemon-karta-beautifly-m2a-194-psa-10,270.61,PLN,PSA 10,,,,,brak_ceny_referencyjnej
2026-09-13T09:45:39+00:00,9983247301,Pokémon Pikachu Black Star Promo 1 WOTC EN,https://www.vinted.pl/items/9983247301-pokemon-pikachu-black-star-promo-1-wotc-en,129.99,PLN,,,,,,brak_gradingu_w_tytule_ani_opisie
2026-09-13T09:45:39+00:00,9983189190,Ohodnocená Pokémon karta Sawk (sv11W 128) PSA 10,https://www.vinted.pl/items/9983189190-ohodnocena-pokemon-karta-sawk-sv11w-128-psa-10,270.61,PLN,PSA 10,,,,,brak_ceny_referencyjnej
2026-09-13T09:45:41+00:00,9983212861,Pokémon Dark Dragonite Team Rocket 5/82 Holo WOTC EN,https://www.vinted.pl/items/9983212861-pokemon-dark-dragonite-team-rocket-582-holo-wotc-en,1099.0,PLN,,,,,,brak_gradingu_w_tytule_ani_opisie
2026-09-13T09:45:42+00:00,9982933145,2 stk psa kort,https://www.vinted.pl/items/9982933145-2-stk-psa-kort,263.4,PLN,PSA 8,,,,,brak_ceny_referencyjnej
2026-09-13T09:45:44+00:00,9982841316,3 riktigt bra Pokémon kort,https://www.vinted.pl/items/9982841316-3-riktigt-bra-pokemon-kort,54.46,PLN,PSA 10,,,,,brak_ceny_referencyjnej
2026-09-13T09:45:45+00:00,9982793823,Karta psa,https://www.vinted.pl/items/9982793823-karta-psa,210.0,PLN,,,,,,brak_gradingu_w_tytule_ani_opisie
2026-09-13T09:45:46+00:00,9982668172,M2a 205 Team Rocket’s Mimikyu PSA 10 JP,https://www.vinted.pl/items/9982668172-m2a-205-team-rockets-mimikyu-psa-10-jp,451.02,PLN,PSA 10,1199.00,15,89.9,0.71,poza_zakresem_rabatu
2026-09-13T09:45:46+00:00,9982634560,SSP 192 Exeggcute PSA 10,https://www.vinted.pl/items/9982634560-ssp-192-exeggcute-psa-10,541.23,PLN,PSA 10,68.50,191,-111.8,0.67,poza_zakresem_rabatu
2026-09-13T09:45:46+00:00,9982612393,MEG 185 Lt. Surge’s Bargain PSA 10,https://www.vinted.pl/items/9982612393-meg-185-lt-surges-bargain-psa-10,541.23,PLN,PSA 10,88.00,139,-64.8,0.83,poza_zakresem_rabatu
2026-09-13T09:45:47+00:00,9982604231,Charizard 010/078 – Pokémon GO Reverse Holo,https://www.vinted.pl/items/9982604231-charizard-010078-pokemon-go-reverse-holo,21.83,PLN,PSA 10,300.00,56,98.0,0.04,poza_zakresem_rabatu
2026-09-13T09:45:48+00:00,9982580660,MEP 022 Charcadet PSA 10,https://www.vinted.pl/items/9982580660-mep-022-charcadet-psa-10,811.84,PLN,PSA 10,52.50,2,-314.5,0.33,poza_zakresem_rabatu
2026-09-13T09:45:49+00:00,9982567287,Pokémon kort,https://www.vinted.pl/items/9982567287-pokemon-kort,1945.13,PLN,PSA 8,,,,,brak_ceny_referencyjnej
2026-09-13T09:45:51+00:00,9982497213,Rare pokemon kortit,https://www.vinted.pl/items/9982497213-rare-pokemon-kortit,393.78,PLN,,,,,,brak_gradingu_w_tytule_ani_opisie
2026-09-13T09:45:51+00:00,9982484623,SVP 075 Mimikyu PSA 10,https://www.vinted.pl/items/9982484623-svp-075-mimikyu-psa-10,775.76,PLN,PSA 10,169.99,253,-22.3,0.33,poza_zakresem_rabatu
2026-09-13T09:45:54+00:00,9983472102,Haunter #31 ACE 10 (Pop 1) & Gengar #32 ACE 8 Pokemon 2008 Japanese Stormfront,https://www.vinted.pl/items/9983472102-haunter-31-ace-10-pop-1-gengar-32-ace-8-pokemon-2008-japanese-stormfront,1093.8,PLN,BGS 9,,,,,brak_ceny_referencyjnej
2026-09-13T10:01:11+00:00,9983704473,Psa Aloan Exeggutor 9,https://www.vinted.pl/items/9983704473-psa-aloan-exeggutor-9,65.63,PLN,PSA 9,20.50,56,14.2,0.43,wyslano_na_discord
2026-09-13T10:01:12+00:00,9983689574,Ohodnocená Pokémon karta Mew ex (sv2a 195) PSA 10,https://www.vinted.pl/items/9983689574-ohodnocena-pokemon-karta-mew-ex-sv2a-195-psa-10,451.02,PLN,PSA 10,30.00,35,-302.9,0.17,poza_zakresem_rabatu
2026-09-13T10:01:12+00:00,9983633505,Karta pokemon Sabrina’s gaze PSA 6,https://www.vinted.pl/items/9983633505-karta-pokemon-sabrinas-gaze-psa-6,200.0,PLN,PSA 6,11.00,1,-387.3,1.00,poza_zakresem_rabatu
2026-09-13T10:01:12+00:00,9983504847,Pokémon Giovanni’s Nidoking Holo 1999 Japanese Gym 2 PSA 9 MINT,https://www.vinted.pl/items/9983504847-pokemon-giovannis-nidoking-holo-1999-japanese-gym-2-psa-9-mint,599.0,PLN,PSA 9,,,,,brak_ceny_referencyjnej
2026-09-13T10:15:33+00:00,9983787557,karta pokemon slab psa 9 arceus dialga palkia gx chinese tag team,https://www.vinted.pl/items/9983787557-karta-pokemon-slab-psa-9-arceus-dialga-palkia-gx-chinese-tag-team,380.0,PLN,PSA 9,,,,,brak_ceny_referencyjnej
2026-09-13T10:15:34+00:00,9983749480,Ohodnocená Pokémon karta Sandy Shocks ex (sv8a 215),https://www.vinted.pl/items/9983749480-ohodnocena-pokemon-karta-sandy-shocks-ex-sv8a-215,270.61,PLN,PSA 10,,,,,brak_ceny_referencyjnej
2026-09-13T10:15:35+00:00,9983737930,Gumshoos 153/132 PSA 10,https://www.vinted.pl/items/9983737930-gumshoos-153132-psa-10,409.73,PLN,PSA 10,55.00,492,-99.7,1.00,poza_zakresem_rabatu
2026-09-13T10:15:35+00:00,9983715851,Ohodnocená Pokémon karta Beartic (sv11B 114) PSA 10,https://www.vinted.pl/items/9983715851-ohodnocena-pokemon-karta-beartic-sv11b-114-psa-10,288.66,PLN,PSA 10,,,,,brak_ceny_referencyjnej
2026-09-13T10:30:50+00:00,9984051503,Oricorio 024 PSA 9,https://www.vinted.pl/items/9984051503-oricorio-024-psa-9,260.0,PLN,PSA 9,23.50,897,-196.5,0.50,poza_zakresem_rabatu
2026-09-13T10:45:37+00:00,9984386427,Eevee 173 PSA 10,https://www.vinted.pl/items/9984386427-eevee-173-psa-10,699.99,PLN,PSA 10,143.50,830,-30.7,1.00,poza_zakresem_rabatu
2026-09-13T11:01:03+00:00,9984670265,Pokémon,https://www.vinted.pl/items/9984670265-pokemon,1931.58,PLN,PSA 10,,,,,brak_ceny_referencyjnej
2026-09-13T11:01:03+00:00,9984480588,wartortle #42 psa 8 POP600,https://www.vinted.pl/items/9984480588-wartortle-42-psa-8-pop600,1136.58,PLN,PSA 8,30.86,2,-887.3,0.33,poza_zakresem_rabatu
2026-09-13T11:15:37+00:00,9984732656,PSA 10 Umbreon (Master Ball Pattern),https://www.vinted.pl/items/9984732656-psa-10-umbreon-master-ball-pattern,439.0,PLN,PSA 10,555.00,80,78.8,1.00,poza_zakresem_rabatu
2026-09-13T11:23:56+00:00,9985011806,Sjældent vintage Pokémonkort: Lapras PSA 9 Mint (1998 Vending Machine Series 2) pop 224,https://www.vinted.pl/items/9985011806-sjaeldent-vintage-pokemonkort-lapras-psa-9-mint-1998-vending-machine-series-2-pop-224,585.33,PLN,PSA 9,,,,,brak_ceny_referencyjnej
2026-09-13T11:23:58+00:00,9984998031,Houndour ex Team Rocket - Holo - 59/109,https://www.vinted.pl/items/9984998031-houndour-ex-team-rocket-holo-59109,143.55,PLN,PSA 10,,,,,brak_ceny_referencyjnej
2026-09-13T11:45:45+00:00,9985399698,Groudon,https://www.vinted.pl/items/9985399698-groudon,4.38,PLN,PSA 10,,,,,brak_ceny_referencyjnej
2026-09-13T11:45:47+00:00,9985375971,Professor’s Research,https://www.vinted.pl/items/9985375971-professors-research,8.75,PLN,PSA 10,,,,,brak_ceny_referencyjnej
2026-09-13T11:45:49+00:00,9985343201,Cosmog,https://www.vinted.pl/items/9985343201-cosmog,4.38,PLN,PSA 10,,,,,brak_ceny_referencyjnej
2026-09-13T11:45:49+00:00,9985259198,Hunter Pokémon PSA 10,https://www.vinted.pl/items/9985259198-hunter-pokemon-psa-10,360.82,PLN,PSA 10,,,,,brak_ceny_referencyjnej
2026-09-13T12:01:02+00:00,9985600911,Pokemon charizard kasket hat,https://www.vinted.pl/items/9985600911-pokemon-charizard-kasket-hat,35.12,PLN,,,,,,brak_gradingu_w_tytule_ani_opisie
2026-09-13T12:01:05+00:00,9985518691,Reshiram,https://www.vinted.pl/items/9985518691-reshiram,4.38,PLN,PSA 10,544.98,38,99.8,0.07,poza_zakresem_rabatu
2026-09-13T12:01:06+00:00,9985492777,Yveltal,https://www.vinted.pl/items/9985492777-yveltal,4.38,PLN,PSA 10,,,,,brak_ceny_referencyjnej
2026-09-13T12:01:08+00:00,9985473181,Xerneas,https://www.vinted.pl/items/9985473181-xerneas,4.38,PLN,PSA 10,,,,,brak_ceny_referencyjnej
2026-09-13T12:01:10+00:00,9985424447,Cosmoen,https://www.vinted.pl/items/9985424447-cosmoen,4.38,PLN,PSA 10,,,,,brak_ceny_referencyjnej
2026-09-13T12:15:41+00:00,9985788458,Medicham IR 241/217 BGS 10 & Togekiss IR 235/217 BGS 9,https://www.vinted.pl/items/9985788458-medicham-ir-241217-bgs-10-togekiss-ir-235217-bgs-9,680.8,PLN,BGS 10,,,,,brak_ceny_referencyjnej
2026-09-13T12:30:52+00:00,9986082551,Karta pokemon mega clefable ex rzadka !!,https://www.vinted.pl/items/9986082551-karta-pokemon-mega-clefable-ex-rzadka,232.36,PLN,PSA 10,179.99,110,65.4,0.14,poza_zakresem_rabatu
2026-09-13T12:45:35+00:00,9986285719,Carte Pokemon PSA 10 Pikachu 2024,https://www.vinted.pl/items/9986285719-carte-pokemon-psa-10-pikachu-2024,624.38,PLN,PSA 10,291.50,124,42.6,0.67,poza_zakresem_rabatu
2026-09-13T13:01:10+00:00,9986530690,PSA 9 clefairy 184,https://www.vinted.pl/items/9986530690-psa-9-clefairy-184,656.31,PLN,PSA 9,133.99,396,-31.3,1.00,poza_zakresem_rabatu
2026-09-13T13:15:35+00:00,9986897756,PSA 9 Mewtwo & Mew gx world championships 2019,https://www.vinted.pl/items/9986897756-psa-9-mewtwo-mew-gx-world-championships-2019,656.31,PLN,PSA 9,137.75,17,-27.7,0.83,poza_zakresem_rabatu
2026-09-13T13:15:35+00:00,9986818207,Shadowless charizard psa 3,https://www.vinted.pl/items/9986818207-shadowless-charizard-psa-3,5853.28,PLN,PSA 3,692.00,4,-126.7,1.00,poza_zakresem_rabatu
2026-09-13T13:30:50+00:00,9987008632,PSA 10 - Pikachu - MC Donalds Promo,https://www.vinted.pl/items/9987008632-psa-10-pikachu-mc-donalds-promo,602.26,PLN,PSA 10,,,,,brak_ceny_referencyjnej
2026-09-13T13:45:35+00:00,9987491301,Pokemon karta Sawsbuck PSA9,https://www.vinted.pl/items/9987491301-pokemon-karta-sawsbuck-psa9,267.91,PLN,PSA 9,40.00,149,-79.5,1.00,poza_zakresem_rabatu
2026-09-13T13:45:36+00:00,9987446319,3+1 Nové vzácné Pokémon karty v skoro perfektním stavu,https://www.vinted.pl/items/9987446319-31-nove-vzacne-pokemon-karty-v-skoro-perfektnim-stavu,270.61,PLN,PSA 9,,,,,brak_ceny_referencyjnej
2026-09-13T13:45:37+00:00,9987344021,Crabominable 149 Illustration Rare Stellar Crown Pokemon CGC 10 Gem Mint not PSA,https://www.vinted.pl/items/9987344021-crabominable-149-illustration-rare-stellar-crown-pokemon-cgc-10-gem-mint-not-psa,169.55,PLN,CGC 10,26.11,18,-74.0,0.50,poza_zakresem_rabatu
2026-09-13T13:45:37+00:00,9987311168,Crabominable 149 Illustration Rare Stellar Crown Pokemon CGC 10 Gem Mint not PSA,https://www.vinted.pl/items/9987311168-crabominable-149-illustration-rare-stellar-crown-pokemon-cgc-10-gem-mint-not-psa,186.79,PLN,CGC 10,26.11,18,-91.7,0.50,poza_zakresem_rabatu
2026-09-13T13:45:39+00:00,9987384996,CGC 10 Claydol Holo #15 Celebrations ClassicPokemon 2021,https://www.vinted.pl/items/9987384996-cgc-10-claydol-holo-15-celebrations-classicpokemon-2021,117.26,PLN,CGC 10,,,,,brak_ceny_referencyjnej
2026-09-13T14:01:12+00:00,9987820937,Pokemon karta Meowscarada EX PSA9,https://www.vinted.pl/items/9987820937-pokemon-karta-meowscarada-ex-psa9,225.51,PLN,PSA 9,18.74,19,-222.4,1.00,poza_zakresem_rabatu
2026-09-13T14:01:12+00:00,9987783328,Pokemon karta Venusaur PSA9,https://www.vinted.pl/items/9987783328-pokemon-karta-venusaur-psa9,243.55,PLN,PSA 9,36.00,5,-81.3,1.00,poza_zakresem_rabatu
2026-09-13T14:01:12+00:00,9987743716,Pokemon karta Terapagos PSA9,https://www.vinted.pl/items/9987743716-pokemon-karta-terapagos-psa9,267.91,PLN,PSA 9,23.00,84,-212.2,1.00,poza_zakresem_rabatu
2026-09-13T14:01:14+00:00,9987698337,Wigglytuff jap PSA,https://www.vinted.pl/items/9987698337-wigglytuff-jap-psa,111.67,PLN,,,,,,brak_gradingu_w_tytule_ani_opisie
2026-09-13T14:01:15+00:00,9987684565,Chansey jap PSA,https://www.vinted.pl/items/9987684565-chansey-jap-psa,183.12,PLN,,,,,,brak_gradingu_w_tytule_ani_opisie
2026-09-13T14:01:17+00:00,9987669146,Vulpix jap PSA,https://www.vinted.pl/items/9987669146-vulpix-jap-psa,116.36,PLN,,,,,,brak_gradingu_w_tytule_ani_opisie
2026-09-13T14:01:18+00:00,9987654051,Haunter jap PSA,https://www.vinted.pl/items/9987654051-haunter-jap-psa,201.16,PLN,,,,,,brak_gradingu_w_tytule_ani_opisie
2026-09-13T14:15:35+00:00,9988018423,Pokemon karta Rayquaza VmaxPSA9,https://www.vinted.pl/items/9988018423-pokemon-karta-rayquaza-vmaxpsa9,960.68,PLN,PSA 9,,,,,brak_ceny_referencyjnej
2026-09-13T14:15:36+00:00,9987975204,Pokemon karta Dachsbun EX PSA9,https://www.vinted.pl/items/9987975204-pokemon-karta-dachsbun-ex-psa9,267.91,PLN,PSA 9,40.00,86,-79.5,1.00,poza_zakresem_rabatu
2026-09-13T14:15:36+00:00,9987948761,Pokemon karta Pecharunt EX PSA9,https://www.vinted.pl/items/9987948761-pokemon-karta-pecharunt-ex-psa9,225.51,PLN,PSA 9,27.99,55,-115.9,1.00,poza_zakresem_rabatu
2026-09-13T14:15:36+00:00,9987919426,Pokemon karta Archaludon EX PSA9,https://www.vinted.pl/items/9987919426-pokemon-karta-archaludon-ex-psa9,225.51,PLN,PSA 9,18.99,32,-218.2,1.00,poza_zakresem_rabatu
2026-09-13T14:15:36+00:00,9987886712,Pokemon karta Galvantula EX PSA9,https://www.vinted.pl/items/9987886712-pokemon-karta-galvantula-ex-psa9,225.51,PLN,PSA 9,22.25,41,-171.6,1.00,poza_zakresem_rabatu
2026-09-13T14:15:36+00:00,9987854282,Pokemon karta Walking Wake EX PSA9,https://www.vinted.pl/items/9987854282-pokemon-karta-walking-wake-ex-psa9,267.91,PLN,PSA 9,19.61,13,-266.2,1.00,poza_zakresem_rabatu
2026-09-13T14:45:35+00:00,9988681379,Mew V darkness ablaze 069/189,https://www.vinted.pl/items/9988681379-mew-v-darkness-ablaze-069189,25.29,PLN,PSA 10,89.99,82,92.5,0.55,poza_zakresem_rabatu
2026-09-13T14:45:35+00:00,9988652862,Mega Venusaur ex #003/063 – PSA 10,https://www.vinted.pl/items/9988652862-mega-venusaur-ex-003063-psa-10,234.13,PLN,PSA 10,40.00,107,-56.9,0.80,poza_zakresem_rabatu
2026-09-13T14:45:35+00:00,9988595697,Gengar ex #047/071 – PSA 10,https://www.vinted.pl/items/9988595697-gengar-ex-047071-psa-10,351.2,PLN,PSA 10,5999.00,9,98.4,0.50,poza_zakresem_rabatu
2026-09-13T14:59:42+00:00,9988831798,Squirtle #170/165 Art Rare – PSA 10,https://www.vinted.pl/items/9988831798-squirtle-170165-art-rare-psa-10,468.26,PLN,PSA 10,379.48,218,66.9,0.75,poza_zakresem_rabatu
2026-09-13T14:59:42+00:00,9988776020,Pikachu #173/165 Art Rare – PSA 10,https://www.vinted.pl/items/9988776020-pikachu-173165-art-rare-psa-10,585.33,PLN,PSA 10,429.99,235,63.5,0.75,poza_zakresem_rabatu
2026-09-13T14:59:44+00:00,9988731781,Snorlax - Skyridge Pokemon kort #100,https://www.vinted.pl/items/9988731781-snorlax-skyridge-pokemon-kort-100,439.0,PLN,PSA 10,840.00,11,86.0,0.03,poza_zakresem_rabatu
2026-09-13T14:59:44+00:00,9988685400,Snorlax #077/071 – PSA 10,https://www.vinted.pl/items/9988685400-snorlax-077071-psa-10,468.26,PLN,PSA 10,1000.00,1,87.4,0.67,poza_zakresem_rabatu
2026-09-13T14:59:45+00:00,9988957556,"Rosa's Encouragement (POR 123) BGS 9,5 Gem Mint",https://www.vinted.pl/items/9988957556-rosas-encouragement-por-123-bgs-95-gem-mint,450.0,PLN,"BGS 9,5",117.50,4,-2.6,0.67,poza_zakresem_rabatu
2026-09-13T15:01:04+00:00,9988980231,Cinccino ex (CRI 119) BGS 9 Mint,https://www.vinted.pl/items/9988980231-cinccino-ex-cri-119-bgs-9-mint,420.0,PLN,BGS 9,47.00,1,-139.5,0.75,poza_zakresem_rabatu
2026-09-13T15:15:37+00:00,9989195483,"Mega Gengar ex (ASC 269) BGS 9,5 Gem Mint",https://www.vinted.pl/items/9989195483-mega-gengar-ex-asc-269-bgs-95-gem-mint,695.0,PLN,"BGS 9,5",180.00,30,-3.5,0.67,poza_zakresem_rabatu
2026-09-13T15:15:37+00:00,9989181908,Mega Gengar ex (ASC 269) BGS 9 Mint,https://www.vinted.pl/items/9989181908-mega-gengar-ex-asc-269-bgs-9-mint,470.0,PLN,BGS 9,66.00,8,-90.9,0.80,poza_zakresem_rabatu
2026-09-13T15:15:37+00:00,9989091136,"Oricorio ex (MEP 024) BGS 9,5 Gem Mint",https://www.vinted.pl/items/9989091136-oricorio-ex-mep-024-bgs-95-gem-mint,355.0,PLN,"BGS 9,5",4.34,1,-2092.3,0.40,poza_zakresem_rabatu
2026-09-13T15:15:37+00:00,9989050651,"N's Reshiram (JTG 167) BGS 9,5 Gem Mint",https://www.vinted.pl/items/9989050651-ns-reshiram-jtg-167-bgs-95-gem-mint,415.0,PLN,"BGS 9,5",30.00,1,-270.8,0.33,poza_zakresem_rabatu
2026-09-13T15:30:52+00:00,9989479923,Dragaige,https://www.vinted.pl/items/9989479923-dragaige,31.12,PLN,PSA 9,,,,,brak_ceny_referencyjnej
2026-09-13T15:30:52+00:00,9989462769,Pokémon grade karta Mew 151 UPC - PSA 9,https://www.vinted.pl/items/9989462769-pokemon-grade-karta-mew-151-upc-psa-9,700.06,PLN,PSA 9,,,,,brak_ceny_referencyjnej
2026-09-13T15:30:54+00:00,9989453959,MVenusaur EX (EVO 100) Evolutions,https://www.vinted.pl/items/9989453959-mvenusaur-ex-evo-100-evolutions,459.42,PLN,PSA 9,,,,,brak_ceny_referencyjnej
2026-09-13T15:45:37+00:00,9989833616,Pangoro (PSA 10),https://www.vinted.pl/items/9989833616-pangoro-psa-10,583.54,PLN,PSA 10,,,,,brak_ceny_referencyjnej
2026-09-13T15:45:37+00:00,9989769736,Gastly psa 10,https://www.vinted.pl/items/9989769736-gastly-psa-10,320.0,PLN,PSA 10,,,,,brak_ceny_referencyjnej
2026-09-13T15:45:39+00:00,9989722857,Marshadow Pokémon kort,https://www.vinted.pl/items/9989722857-marshadow-pokemon-kort,77.81,PLN,PSA 10,,,,,brak_ceny_referencyjnej
2026-09-13T15:45:40+00:00,9989697502,Squirtle (PSA 10),https://www.vinted.pl/items/9989697502-squirtle-psa-10,155.61,PLN,PSA 10,2700.00,4,98.5,1.00,poza_zakresem_rabatu
2026-09-13T15:45:42+00:00,9989609119,Radiant Charizard PGO 011,https://www.vinted.pl/items/9989609119-radiant-charizard-pgo-011,87.51,PLN,PSA 10,166.62,523,85.9,0.12,poza_zakresem_rabatu
2026-09-13T15:45:42+00:00,9989574095,Pancham (PSA 10),https://www.vinted.pl/items/9989574095-pancham-psa-10,1166.69,PLN,PSA 10,,,,,brak_ceny_referencyjnej
2026-09-13T16:01:09+00:00,9990068909,Karta pokemon zekrom angielska (zdjecie),https://www.vinted.pl/items/9990068909-karta-pokemon-zekrom-angielska-zdjecie,450.0,PLN,PSA 10,499.99,637,75.9,0.15,poza_zakresem_rabatu
2026-09-13T16:01:10+00:00,9990058904,Karta mistys psyduck (zdjecie),https://www.vinted.pl/items/9990058904-karta-mistys-psyduck-zdjecie,350.0,PLN,PSA 9,,,,,brak_ceny_referencyjnej
2026-09-13T16:15:38+00:00,9990230483,Karta pokemon dragonite(zdjecie),https://www.vinted.pl/items/9990230483-karta-pokemon-dragonitezdjecie,490.0,PLN,PSA 10,,,,,brak_ceny_referencyjnej
2026-09-13T16:30:52+00:00,9990732334,banette 234 ascended heroes English,https://www.vinted.pl/items/9990732334-banette-234-ascended-heroes-english,43.75,PLN,PSA 10,99.99,202,88.3,0.67,poza_zakresem_rabatu
2026-09-13T16:30:52+00:00,9990523432,Pikachu ex psa 9,https://www.vinted.pl/items/9990523432-pikachu-ex-psa-9,162.37,PLN,PSA 9,369.48,39,88.2,1.00,poza_zakresem_rabatu
2026-09-13T16:45:42+00:00,9990999460,3x Pokemon Mini Tin (empty),https://www.vinted.pl/items/9990999460-3x-pokemon-mini-tin-empty,12.88,PLN,,,,,,brak_gradingu_w_tytule_ani_opisie
2026-09-13T16:45:42+00:00,9990978885,Chariza V psa 9,https://www.vinted.pl/items/9990978885-chariza-v-psa-9,198.45,PLN,PSA 9,,,,,brak_ceny_referencyjnej
2026-09-13T16:45:44+00:00,9990796992,Psa pokemon,https://www.vinted.pl/items/9990796992-psa-pokemon,680.0,PLN,PSA 10,,,,,brak_ceny_referencyjnej
2026-09-13T17:01:01+00:00,9991248229,Pikachu psa 10 218/sv-p Japanese summer get pack promo.,https://www.vinted.pl/items/9991248229-pikachu-psa-10-218sv-p-japanese-summer-get-pack-promo,702.39,PLN,PSA 10,68.00,4,-176.8,0.11,poza_zakresem_rabatu
2026-09-13T17:01:01+00:00,9991176425,Dialga palkia arceus gx tag team pokemon kort psa 10,https://www.vinted.pl/items/9991176425-dialga-palkia-arceus-gx-tag-team-pokemon-kort-psa-10,1170.66,PLN,PSA 10,,,,,brak_ceny_referencyjnej
2026-09-13T17:01:03+00:00,9991049416,TCG - Pokémon Mystery Tiny EX 21 Cards ( Karty ),https://www.vinted.pl/items/9991049416-tcg-pokemon-mystery-tiny-ex-21-cards-karty,200.0,PLN,,,,,,brak_gradingu_w_tytule_ani_opisie
2026-09-13T17:15:36+00:00,9991469444,3 x Orange x Graderet Kort Slab Beskytter - Beskyttelsesetui til Samlekort,https://www.vinted.pl/items/9991469444-3-x-orange-x-graderet-kort-slab-beskytter-beskyttelsesetui-til-samlekort,43.9,PLN,,,,,,brak_gradingu_w_tytule_ani_opisie
2026-09-13T17:15:37+00:00,9991426843,Mega Gengar ex 284/217 Ascended Heroes Psa 10,https://www.vinted.pl/items/9991426843-mega-gengar-ex-284217-ascended-heroes-psa-10,7780.53,PLN,PSA 10,2700.00,715,22.8,1.00,wyslano_na_discord
2026-09-13T17:15:38+00:00,9991357785,Charmander squirtle 151 pokemon Japanese.,https://www.vinted.pl/items/9991357785-charmander-squirtle-151-pokemon-japanese,234.13,PLN,,,,,,brak_gradingu_w_tytule_ani_opisie
2026-09-13T17:30:52+00:00,9991724488,M darkai,https://www.vinted.pl/items/9991724488-m-darkai,61.26,PLN,PSA 10,,,,,brak_ceny_referencyjnej
2026-09-13T17:45:42+00:00,9991978794,karty Pokémon Charizard PSA,https://www.vinted.pl/items/9991978794-karty-pokemon-charizard-psa,200.0,PLN,,,,,,brak_gradingu_w_tytule_ani_opisie
2026-09-13T17:45:42+00:00,9991951641,Shaymin psa 9,https://www.vinted.pl/items/9991951641-shaymin-psa-9,263.4,PLN,PSA 9,158.75,2,55.5,1.00,poza_zakresem_rabatu
2026-09-13T17:45:43+00:00,9991904826,2023 Pokémon Pikachu with Grey Felt Hat #085 – Van Gogh Museum – PSA 10,https://www.vinted.pl/items/9991904826-2023-pokemon-pikachu-with-grey-felt-hat-085-van-gogh-museum-psa-10,9500.0,PLN,PSA 10,,,,,brak_ceny_referencyjnej
2026-09-13T18:01:01+00:00,9992171004,2021 Pokémon Mew ex #014/025 – 25th Anniversary Promo Japanese – PSA 10,https://www.vinted.pl/items/9992171004-2021-pokemon-mew-ex-014025-25th-anniversary-promo-japanese-psa-10,599.0,PLN,PSA 10,,,,,brak_ceny_referencyjnej
2026-09-13T18:01:02+00:00,9992081155,Karta pokemon Team Rocket mimikiu,https://www.vinted.pl/items/9992081155-karta-pokemon-team-rocket-mimikiu,200.0,PLN,PSA 10,,,,,brak_ceny_referencyjnej
2026-09-13T18:15:33+00:00,9992423540,Mega Venusaur og Bulbasaur PSA 10,https://www.vinted.pl/items/9992423540-mega-venusaur-og-bulbasaur-psa-10,1463.32,PLN,PSA 10,,,,,brak_ceny_referencyjnej
2026-09-13T18:15:35+00:00,9992411360,1997 japan jungel,https://www.vinted.pl/items/9992411360-1997-japan-jungel,240.9,PLN,PSA 4,,,,,brak_ceny_referencyjnej
2026-09-13T18:15:38+00:00,9992460915,Gengar swsh241 [[promo]],https://www.vinted.pl/items/9992460915-gengar-swsh241-promo,583.54,PLN,,,,,,brak_gradingu_w_tytule_ani_opisie
2026-09-13T18:30:55+00:00,9992688264,Snorlax 131/185 vivid voltage,https://www.vinted.pl/items/9992688264-snorlax-131185-vivid-voltage,1361.59,PLN,PSA 10,,,,,brak_ceny_referencyjnej
2026-09-13T18:45:33+00:00,9992812465,Karta Pokemon Charizard 226 PSA 9,https://www.vinted.pl/items/9992812465-karta-pokemon-charizard-226-psa-9,1130.0,PLN,PSA 9,61.99,30,-388.6,0.50,poza_zakresem_rabatu
2026-09-13T18:45:34+00:00,9992765226,Pikachu ex 277/217 Ascended Heroes Pokemonkort - PSA 9,https://www.vinted.pl/items/9992765226-pikachu-ex-277217-ascended-heroes-pokemonkort-psa-9,1434.05,PLN,PSA 9,399.00,170,3.7,0.86,wyslano_na_discord
2026-09-13T18:45:34+00:00,9992724641,Alolan dugtrio psa 9,https://www.vinted.pl/items/9992724641-alolan-dugtrio-psa-9,234.53,PLN,PSA 9,,,,,brak_ceny_referencyjnej
2026-09-13T18:45:34+00:00,9992716379,Karta Pokemon Charizard 11 PSA 8,https://www.vinted.pl/items/9992716379-karta-pokemon-charizard-11-psa-8,630.0,PLN,PSA 8,33.00,21,-411.7,0.50,poza_zakresem_rabatu
2026-09-13T19:01:01+00:00,9992994082,Pokémon Charizard V SWSH050 Promo PSA 10 Gem Mint,https://www.vinted.pl/items/9992994082-pokemon-charizard-v-swsh050-promo-psa-10-gem-mint,520.0,PLN,PSA 10,,,,,brak_ceny_referencyjnej
2026-09-13T19:01:02+00:00,9992925189,psa 9 mew hidden fates,https://www.vinted.pl/items/9992925189-psa-9-mew-hidden-fates,108.25,PLN,PSA 9,30.00,9,3.3,1.00,wyslano_na_discord
2026-09-13T19:15:34+00:00,9993183254,Snorunt PSA 6,https://www.vinted.pl/items/9993183254-snorunt-psa-6,85.0,PLN,PSA 6,,,,,brak_ceny_referencyjnej
2026-09-13T19:30:48+00:00,9993404660,Karta Pokemon Exeggutor MEG 135 PSA 10,https://www.vinted.pl/items/9993404660-karta-pokemon-exeggutor-meg-135-psa-10,400.0,PLN,PSA 10,57.00,412,-88.1,0.67,poza_zakresem_rabatu
2026-09-13T19:45:36+00:00,9993627892,Pokemon PSA,https://www.vinted.pl/items/9993627892-pokemon-psa,87.8,PLN,,,,,,brak_gradingu_w_tytule_ani_opisie
2026-09-13T20:15:43+00:00,9993938691,Karta Detective Pikachu jęz. japoński (Pokemon TCG JP Promo 098/SV-P) PSA 10,https://www.vinted.pl/items/9993938691-karta-detective-pikachu-jez-japonski-pokemon-tcg-jp-promo-098sv-p-psa-10,1800.0,PLN,PSA 10,322.00,205,-49.8,0.20,poza_zakresem_rabatu
2026-09-13T20:30:51+00:00,9994086845,Corphish 005/019 PSA 9,https://www.vinted.pl/items/9994086845-corphish-005019-psa-9,150.0,PLN,PSA 9,,,,,brak_ceny_referencyjnej
2026-09-13T20:30:51+00:00,9994030480,Gastly psa 10,https://www.vinted.pl/items/9994030480-gastly-psa-10,320.0,PLN,PSA 10,,,,,brak_ceny_referencyjnej
2026-09-13T20:30:53+00:00,9994030448,Karta pokemon dragonite(zdjecie),https://www.vinted.pl/items/9994030448-karta-pokemon-dragonitezdjecie,440.0,PLN,PSA 10,,,,,brak_ceny_referencyjnej
2026-09-13T20:30:55+00:00,9994030408,Karta mistys psyduck (zdjecie),https://www.vinted.pl/items/9994030408-karta-mistys-psyduck-zdjecie,350.0,PLN,PSA 9,,,,,brak_ceny_referencyjnej
2026-09-13T20:45:36+00:00,9994252647,Psa pokemon,https://www.vinted.pl/items/9994252647-psa-pokemon,950.0,PLN,PSA 10,,,,,brak_ceny_referencyjnej
2026-09-13T20:45:38+00:00,9994204410,Scorbunny (MEP 053),https://www.vinted.pl/items/9994204410-scorbunny-mep-053,680.0,PLN,PSA 10,112.50,11,-62.0,0.03,poza_zakresem_rabatu
2026-09-13T21:45:36+00:00,9994659453,Karta pokemon,https://www.vinted.pl/items/9994659453-karta-pokemon,1400.0,PLN,PSA 10,,,,,brak_ceny_referencyjnej
2026-09-13T21:45:38+00:00,9994634758,Darkrai abyss eye pokemon,https://www.vinted.pl/items/9994634758-darkrai-abyss-eye-pokemon,650.0,PLN,PSA 10,,,,,brak_ceny_referencyjnej
2026-09-13T22:01:01+00:00,9994737688,Psa 10 pokemon,https://www.vinted.pl/items/9994737688-psa-10-pokemon,700.0,PLN,PSA 10,,,,,brak_ceny_referencyjnej
2026-09-13T22:01:04+00:00,9994704431,Psa pokemon 10,https://www.vinted.pl/items/9994704431-psa-pokemon-10,400.0,PLN,PSA 10,,,,,brak_ceny_referencyjnej
2026-09-13T22:01:05+00:00,9994689559,Psa pokemon,https://www.vinted.pl/items/9994689559-psa-pokemon,450.0,PLN,PSA 10,,,,,brak_ceny_referencyjnej
2026-09-13T22:01:06+00:00,9994680372,Psa pokemon,https://www.vinted.pl/items/9994680372-psa-pokemon,400.0,PLN,PSA 10,,,,,brak_ceny_referencyjnej
2026-09-13T22:15:33+00:00,9994800100,Eevee (SVP 173) PSA 10,https://www.vinted.pl/items/9994800100-eevee-svp-173-psa-10,860.0,PLN,PSA 10,143.50,830,-60.6,0.67,poza_zakresem_rabatu
2026-09-14T03:45:37+00:00,9992516713,Snorlax 118/162,https://www.vinted.pl/items/9992516713-snorlax-118162,660.98,PLN,,,,,,brak_gradingu_w_tytule_ani_opisie
2026-09-14T05:30:54+00:00,9995873335,Psa pokemon,https://www.vinted.pl/items/9995873335-psa-pokemon,450.0,PLN,PSA 10,,,,,brak_ceny_referencyjnej
2026-09-14T05:45:36+00:00,9995908622,Mew ex 232/091 (Bubble Mew) PSA 9,https://www.vinted.pl/items/9995908622-mew-ex-232091-bubble-mew-psa-9,3396.64,PLN,PSA 9,29.99,109,-2935.6,0.40,poza_zakresem_rabatu
2026-09-14T05:45:36+00:00,9995905188,Pikachu ex 238/191 Surging Sparks PSA 10,https://www.vinted.pl/items/9995905188-pikachu-ex-238191-surging-sparks-psa-10,3630.9,PLN,PSA 10,999.00,534,2.6,1.00,wyslano_na_discord
2026-09-14T05:45:36+00:00,9995901619,Psa10 pokemon,https://www.vinted.pl/items/9995901619-psa10-pokemon,750.0,PLN,PSA 10,,,,,brak_ceny_referencyjnej
2026-09-14T05:45:37+00:00,9995900629,Reshiram ex 173/086 White Flare PSA 10,https://www.vinted.pl/items/9995900629-reshiram-ex-173086-white-flare-psa-10,4802.15,PLN,PSA 10,1149.99,592,-11.9,1.00,poza_zakresem_rabatu
2026-09-14T06:01:03+00:00,9995924341,Psa10 pokemon,https://www.vinted.pl/items/9995924341-psa10-pokemon,500.0,PLN,PSA 10,,,,,brak_ceny_referencyjnej
2026-09-14T06:15:36+00:00,9996006164,"Pikachu- With grey felt hat-""Van Gogh""",https://www.vinted.pl/items/9996006164-pikachu-with-grey-felt-hat-van-gogh,3589.68,PLN,PSA 9,,,,,brak_ceny_referencyjnej
2026-09-14T06:30:56+00:00,9996057207,Venusaur & snivy psa 9,https://www.vinted.pl/items/9996057207-venusaur-snivy-psa-9,218.88,PLN,PSA 9,126.00,92,53.4,1.00,poza_zakresem_rabatu
2026-09-14T06:30:56+00:00,9996051732,PSA 9 Morpeko,https://www.vinted.pl/items/9996051732-psa-9-morpeko,240.77,PLN,PSA 9,,,,,brak_ceny_referencyjnej
2026-09-14T06:30:56+00:00,9996033386,Pokemon psa10,https://www.vinted.pl/items/9996033386-pokemon-psa10,850.0,PLN,PSA 10,,,,,brak_ceny_referencyjnej
2026-09-14T06:45:36+00:00,9996120064,Mega Abomasnow ex 036/132,https://www.vinted.pl/items/9996120064-mega-abomasnow-ex-036132,5.86,PLN,PSA 10,,,,,brak_ceny_referencyjnej
2026-09-14T06:45:37+00:00,9996114914,Bellibolt ex 053/159,https://www.vinted.pl/items/9996114914-bellibolt-ex-053159,5.86,PLN,PSA 10,,,,,brak_ceny_referencyjnej
2026-09-14T06:45:39+00:00,9996107402,Lucario ex 082/142,https://www.vinted.pl/items/9996107402-lucario-ex-082142,5.86,PLN,PSA 10,62.48,4,97.5,0.03,poza_zakresem_rabatu
2026-09-14T06:45:40+00:00,9996100599,Vanillish 190/182 Holiday Calendar PSA 10,https://www.vinted.pl/items/9996100599-vanillish-190182-holiday-calendar-psa-10,272.17,PLN,PSA 10,63.36,28,-15.1,1.00,poza_zakresem_rabatu
2026-09-14T07:01:06+00:00,9996182781,Fennekin 080 promo (Sealed),https://www.vinted.pl/items/9996182781-fennekin-080-promo-sealed,35.14,PLN,PSA 10,149.99,8,93.7,0.01,poza_zakresem_rabatu
2026-09-14T07:01:08+00:00,9996160112,Mega Pyroar ex 015/086,https://www.vinted.pl/items/9996160112-mega-pyroar-ex-015086,5.86,PLN,PSA 10,,,,,brak_ceny_referencyjnej
2026-09-14T07:01:09+00:00,9996151870,Mega Excadrill ex 103/084,https://www.vinted.pl/items/9996151870-mega-excadrill-ex-103084,29.28,PLN,PSA 10,,,,,brak_ceny_referencyjnej
2026-09-14T07:01:11+00:00,9996142697,Yveltal ex 105/88,https://www.vinted.pl/items/9996142697-yveltal-ex-10588,26.35,PLN,PSA 10,96.00,21,92.6,0.03,poza_zakresem_rabatu
2026-09-14T07:01:13+00:00,9996134657,Salazzle ex 101/88,https://www.vinted.pl/items/9996134657-salazzle-ex-10188,8.78,PLN,PSA 10,,,,,brak_ceny_referencyjnej
2026-09-14T07:01:15+00:00,9996127712,Morpeko ex 102/084,https://www.vinted.pl/items/9996127712-morpeko-ex-102084,17.57,PLN,PSA 10,500.00,1,99.1,0.03,poza_zakresem_rabatu
2026-09-14T07:15:35+00:00,9996258192,Tarragon 116/088,https://www.vinted.pl/items/9996258192-tarragon-116088,11.71,PLN,PSA 10,,,,,brak_ceny_referencyjnej
2026-09-14T07:15:36+00:00,9996251106,Emma 107/086,https://www.vinted.pl/items/9996251106-emma-107086,11.71,PLN,PSA 10,,,,,brak_ceny_referencyjnej
2026-09-14T07:15:38+00:00,9996243702,Ho-Oh V 140/195,https://www.vinted.pl/items/9996243702-ho-oh-v-140195,26.35,PLN,PSA 10,,,,,brak_ceny_referencyjnej
2026-09-14T07:15:46+00:00,9996235413,Fennekin 080 promo,https://www.vinted.pl/items/9996235413-fennekin-080-promo,14.64,PLN,PSA 10,149.99,8,97.4,0.01,poza_zakresem_rabatu
2026-09-14T07:15:47+00:00,9996228583,Pikachu ex 057/217,https://www.vinted.pl/items/9996228583-pikachu-ex-057217,17.57,PLN,PSA 10,1000.00,1,99.5,0.03,poza_zakresem_rabatu
2026-09-14T07:15:48+00:00,9996221930,Mega Greninja ex 022/086,https://www.vinted.pl/items/9996221930-mega-greninja-ex-022086,5.86,PLN,PSA 10,86.98,7,98.2,0.03,poza_zakresem_rabatu
2026-09-14T07:15:50+00:00,9996217096,Excadrill ex 160/086,https://www.vinted.pl/items/9996217096-excadrill-ex-160086,5.86,PLN,PSA 10,33.99,13,95.4,0.03,poza_zakresem_rabatu
2026-09-14T07:15:51+00:00,9996207122,Flareon Promo,https://www.vinted.pl/items/9996207122-flareon-promo,20.5,PLN,PSA 10,680.50,58,99.2,0.03,poza_zakresem_rabatu
2026-09-14T07:15:53+00:00,9996196074,Tyrunt 070 promo (Sealed),https://www.vinted.pl/items/9996196074-tyrunt-070-promo-sealed,23.43,PLN,PSA 10,435.00,64,98.6,0.01,poza_zakresem_rabatu
2026-09-14T07:30:54+00:00,9996347666,Blowtorch 117/094,https://www.vinted.pl/items/9996347666-blowtorch-117094,5.86,PLN,PSA 10,,,,,brak_ceny_referencyjnej
2026-09-14T07:30:56+00:00,9996331638,Fighting Gong 168/132,https://www.vinted.pl/items/9996331638-fighting-gong-168132,8.78,PLN,PSA 10,25.00,41,90.6,0.03,poza_zakresem_rabatu
2026-09-14T07:30:58+00:00,9996309848,Mimikye ex 004 promo,https://www.vinted.pl/items/9996309848-mimikye-ex-004-promo,5.86,PLN,PSA 10,136.50,8,98.8,0.01,poza_zakresem_rabatu
2026-09-14T07:30:59+00:00,9996305429,Mimikye ex 004 promo,https://www.vinted.pl/items/9996305429-mimikye-ex-004-promo,5.86,PLN,PSA 10,136.50,8,98.8,0.01,poza_zakresem_rabatu
2026-09-14T07:31:01+00:00,9996277534,Prism Tower 111/086,https://www.vinted.pl/items/9996277534-prism-tower-111086,11.71,PLN,PSA 10,132.50,2,97.6,0.03,poza_zakresem_rabatu
2026-09-14T07:31:03+00:00,9996270397,Cobalion ex 103/086,https://www.vinted.pl/items/9996270397-cobalion-ex-103086,8.78,PLN,PSA 10,,,,,brak_ceny_referencyjnej
2026-09-14T07:45:37+00:00,9996424429,2 stk sealed energi bundle,https://www.vinted.pl/items/9996424429-2-stk-sealed-energi-bundle,5.86,PLN,PSA 10,,,,,brak_ceny_referencyjnej
2026-09-14T07:45:38+00:00,9996403687,Lugia 2021 celebration 022 psa 9,https://www.vinted.pl/items/9996403687-lugia-2021-celebration-022-psa-9,87.84,PLN,PSA 9,17.23,85,-36.7,0.25,poza_zakresem_rabatu
2026-09-14T07:45:39+00:00,9996380550,Gengar 050/088,https://www.vinted.pl/items/9996380550-gengar-050088,5.86,PLN,PSA 10,,,,,brak_ceny_referencyjnej
2026-09-14T07:45:41+00:00,9996373933,Mega Drakrai ex 048/084,https://www.vinted.pl/items/9996373933-mega-drakrai-ex-048084,5.86,PLN,PSA 10,,,,,brak_ceny_referencyjnej
2026-09-14T07:45:42+00:00,9996365674,Iron Defender 110/084,https://www.vinted.pl/items/9996365674-iron-defender-110084,5.86,PLN,PSA 10,,,,,brak_ceny_referencyjnej
2026-09-14T07:45:43+00:00,9996366036,Venusaur EX - xypr123,https://www.vinted.pl/items/9996366036-venusaur-ex-xypr123,175.1,PLN,,,,,,brak_gradingu_w_tytule_ani_opisie
2026-09-14T08:01:06+00:00,9996475216,Reverse holo bulk (204 gram),https://www.vinted.pl/items/9996475216-reverse-holo-bulk-204-gram,7.03,PLN,PSA 10,,,,,brak_ceny_referencyjnej
2026-09-14T08:15:36+00:00,9996569847,Koszulki bez rękawów Pokemon r.134/140,https://www.vinted.pl/items/9996569847-koszulki-bez-rekawow-pokemon-r134140,12.0,PLN,,,,,,brak_gradingu_w_tytule_ani_opisie
2026-09-14T08:30:52+00:00,9996678624,Pokemon psa10,https://www.vinted.pl/items/9996678624-pokemon-psa10,350.0,PLN,PSA 10,,,,,brak_ceny_referencyjnej
2026-09-14T08:30:52+00:00,9996678594,Psa10 pokemon,https://www.vinted.pl/items/9996678594-psa10-pokemon,500.0,PLN,PSA 10,,,,,brak_ceny_referencyjnej
2026-09-14T08:30:54+00:00,9996722621,Karta Pokemon Iono's Bellibolt Ex Mega Dream ex ACE 10,https://www.vinted.pl/items/9996722621-karta-pokemon-ionos-bellibolt-ex-mega-dream-ex-ace-10,300.0,PLN,,,,,,brak_gradingu_w_tytule_ani_opisie
2026-09-14T09:01:11+00:00,9997020991,Ohodnocená Pokémon karta Gigalith (sv11W 127) PSA 10,https://www.vinted.pl/items/9997020991-ohodnocena-pokemon-karta-gigalith-sv11w-127-psa-10,288.84,PLN,PSA 10,,,,,brak_ceny_referencyjnej
2026-09-14T09:01:11+00:00,9997035988,Ohodnocená Pokémon karta Wigglytuff (m2 091) PSA 10,https://www.vinted.pl/items/9997035988-ohodnocena-pokemon-karta-wigglytuff-m2-091-psa-10,270.78,PLN,PSA 10,,,,,brak_ceny_referencyjnej
2026-09-14T09:01:11+00:00,9996945292,Pokemon psa10,https://www.vinted.pl/items/9996945292-pokemon-psa10,350.0,PLN,PSA 10,,,,,brak_ceny_referencyjnej
2026-09-14T09:01:11+00:00,9996553485,Ohodnocená Pokémon karta Hiroshima's Pikachu (SV-P 261) PSA 8,https://www.vinted.pl/items/9996553485-ohodnocena-pokemon-karta-hiroshimas-pikachu-sv-p-261-psa-8,451.31,PLN,PSA 8,,,,,brak_ceny_referencyjnej
2026-09-14T09:15:38+00:00,9997204780,12 x Acryl standere til Pokémon / samlekort – gennemsigtig,https://www.vinted.pl/items/9997204780-12-x-acryl-standere-til-pokemon-samlekort-gennemsigtig,35.14,PLN,,,,,,brak_gradingu_w_tytule_ani_opisie
2026-09-14T09:15:39+00:00,9997202342,205/193 - Rockets Mimikyu - PSA 10,https://www.vinted.pl/items/9997202342-205193-rockets-mimikyu-psa-10,289.89,PLN,PSA 10,180.00,347,56.8,0.25,poza_zakresem_rabatu
2026-09-14T09:15:40+00:00,9997157018,Pokémon Bewear 079/064 Shrouded Fable PSA 10 – English,https://www.vinted.pl/items/9997157018-pokemon-bewear-079064-shrouded-fable-psa-10-english,871.15,PLN,PSA 10,,,,,brak_ceny_referencyjnej
2026-09-14T09:15:40+00:00,9997137804,Articuno 148/147 Supreme Victors bgs 7.5 Low pop 2,https://www.vinted.pl/items/9997137804-articuno-148147-supreme-victors-bgs-75-low-pop-2,2225.39,PLN,BGS 7.5,,,,,brak_ceny_referencyjnej
2026-09-14T09:30:49+00:00,9997382599,Decidueye ex 012/088,https://www.vinted.pl/items/9997382599-decidueye-ex-012088,5.86,PLN,PSA 10,,,,,brak_ceny_referencyjnej
2026-09-14T09:30:51+00:00,9997372044,Mega Clefable ex 031/088,https://www.vinted.pl/items/9997372044-mega-clefable-ex-031088,5.86,PLN,PSA 10,,,,,brak_ceny_referencyjnej
2026-09-14T09:30:53+00:00,9997359366,Mega Dragalge ex 065/086,https://www.vinted.pl/items/9997359366-mega-dragalge-ex-065086,5.86,PLN,PSA 10,,,,,brak_ceny_referencyjnej
2026-09-14T09:30:54+00:00,9997330271,Japońska karta pokemon Sar,https://www.vinted.pl/items/9997330271-japonska-karta-pokemon-sar,140.0,PLN,PSA 10,,,,,brak_ceny_referencyjnej
2026-09-14T09:30:54+00:00,9997245622,007/095 - Reshiram/Charizard Tag Team - PSA 10,https://www.vinted.pl/items/9997245622-007095-reshiramcharizard-tag-team-psa-10,497.78,PLN,PSA 10,,,,,brak_ceny_referencyjnej
2026-09-14T09:45:34+00:00,9997536001,Mega Charizard X ex PSA 10,https://www.vinted.pl/items/9997536001-mega-charizard-x-ex-psa-10,732.04,PLN,PSA 10,2862.50,202,93.1,1.00,poza_zakresem_rabatu
2026-09-14T09:45:36+00:00,9997532222,Mega Excadrill ex 065/084,https://www.vinted.pl/items/9997532222-mega-excadrill-ex-065084,5.86,PLN,PSA 10,,,,,brak_ceny_referencyjnej
2026-09-14T09:45:37+00:00,9997515725,Pokemon Mew ex 232/091,https://www.vinted.pl/items/9997515725-pokemon-mew-ex-232091,3500.0,PLN,,,,,,brak_gradingu_w_tytule_ani_opisie
2026-09-14T09:45:37+00:00,9997509501,242/sv-p - Pikachu 2024 Illustration contest - PSA 10,https://www.vinted.pl/items/9997509501-242sv-p-pikachu-2024-illustration-contest-psa-10,436.29,PLN,PSA 10,293.14,126,60.1,0.71,poza_zakresem_rabatu
2026-09-14T09:45:39+00:00,9997503406,Mega Zeraora ex 027/084,https://www.vinted.pl/items/9997503406-mega-zeraora-ex-027084,5.86,PLN,PSA 10,,,,,brak_ceny_referencyjnej
2026-09-14T09:45:41+00:00,9997490234,Mismagius ex 036/094,https://www.vinted.pl/items/9997490234-mismagius-ex-036094,5.86,PLN,PSA 10,,,,,brak_ceny_referencyjnej
2026-09-14T09:45:42+00:00,9997476477,Cinccino ex 073/086,https://www.vinted.pl/items/9997476477-cinccino-ex-073086,5.86,PLN,PSA 10,,,,,brak_ceny_referencyjnej
2026-09-14T09:45:44+00:00,9997453063,Mega Clefable ex 072 promo,https://www.vinted.pl/items/9997453063-mega-clefable-ex-072-promo,5.86,PLN,PSA 10,,,,,brak_ceny_referencyjnej
2026-09-14T09:45:45+00:00,9997413300,Erika’s Vileplume ex 003/217,https://www.vinted.pl/items/9997413300-erikas-vileplume-ex-003217,5.86,PLN,PSA 10,,,,,brak_ceny_referencyjnej
2026-09-14T09:45:45+00:00,9997408548,Pikachu McDonald’s Psa 10 Japanese,https://www.vinted.pl/items/9997408548-pikachu-mcdonalds-psa-10-japanese,468.94,PLN,PSA 10,,,,,brak_ceny_referencyjnej
2026-09-14T09:45:47+00:00,9997401527,Mega Chandelure ex 038/084,https://www.vinted.pl/items/9997401527-mega-chandelure-ex-038084,5.86,PLN,PSA 10,,,,,brak_ceny_referencyjnej
2026-09-14T09:45:49+00:00,9997391840,Decidueye ex 012/088,https://www.vinted.pl/items/9997391840-decidueye-ex-012088,5.86,PLN,PSA 10,,,,,brak_ceny_referencyjnej
2026-09-14T10:01:06+00:00,9997659105,Marshadow 069 2024 Japanese PSA 10,https://www.vinted.pl/items/9997659105-marshadow-069-2024-japanese-psa-10,348.45,PLN,PSA 10,,,,,brak_ceny_referencyjnej
2026-09-14T10:01:07+00:00,9997620198,Pikachu PSA 9,https://www.vinted.pl/items/9997620198-pikachu-psa-9,1346.94,PLN,PSA 9,675.00,9,46.5,1.00,poza_zakresem_rabatu
2026-09-14T10:01:07+00:00,9997597720,Pikachu PSA 10,https://www.vinted.pl/items/9997597720-pikachu-psa-10,409.94,PLN,PSA 10,2000.00,1,94.5,1.00,poza_zakresem_rabatu
2026-09-14T10:01:07+00:00,9997577345,Psyduck Psa 9,https://www.vinted.pl/items/9997577345-psyduck-psa-9,175.69,PLN,PSA 9,36.00,8,-30.8,1.00,poza_zakresem_rabatu
2026-09-14T10:01:07+00:00,9997564155,Team Rockets Meowth PSA 10,https://www.vinted.pl/items/9997564155-team-rockets-meowth-psa-10,292.81,PLN,PSA 10,212.50,28,63.1,0.67,poza_zakresem_rabatu
2026-09-14T10:15:39+00:00,9997710994,Team Rocket’s Tyranitar 096/182,https://www.vinted.pl/items/9997710994-team-rockets-tyranitar-096182,5.86,PLN,PSA 10,3999.00,3,100.0,0.04,poza_zakresem_rabatu
2026-09-14T10:30:56+00:00,9998026215,Magikarp #203,https://www.vinted.pl/items/9998026215-magikarp-203,2346.79,PLN,,,,,,brak_gradingu_w_tytule_ani_opisie
2026-09-14T10:45:35+00:00,9998065664,Arctibax Frigibax Brute Bonnet PSA 10,https://www.vinted.pl/items/9998065664-arctibax-frigibax-brute-bonnet-psa-10,1171.26,PLN,PSA 10,,,,,brak_ceny_referencyjnej
2026-09-14T10:45:37+00:00,9998186130,Trainer Deck B Energy Removal CGC 8.5,https://www.vinted.pl/items/9998186130-trainer-deck-b-energy-removal-cgc-85,875.49,PLN,CGC 8.5,,,,,brak_ceny_referencyjnej
2026-09-14T11:01:06+00:00,9998324980,Lugia BGS 7.5,https://www.vinted.pl/items/9998324980-lugia-bgs-75,18386.17,PLN,BGS 7.5,,,,,brak_ceny_referencyjnej
2026-09-14T11:01:06+00:00,9998302756,Lileep stamped CGC 10,https://www.vinted.pl/items/9998302756-lileep-stamped-cgc-10,1969.9,PLN,CGC 10,,,,,brak_ceny_referencyjnej
2026-09-14T11:01:06+00:00,9998273124,Baltoy stamped CGC 10,https://www.vinted.pl/items/9998273124-baltoy-stamped-cgc-10,787.93,PLN,CGC 10,,,,,brak_ceny_referencyjnej
2026-09-14T11:01:07+00:00,9998211165,Old Maid Mew CGC perfect 10,https://www.vinted.pl/items/9998211165-old-maid-mew-cgc-perfect-10,2407.67,PLN,,,,,,brak_gradingu_w_tytule_ani_opisie
2026-09-14T11:01:07+00:00,9998200009,Trainer Deck B Energy Removal CGC 9,https://www.vinted.pl/items/9998200009-trainer-deck-b-energy-removal-cgc-9,875.49,PLN,CGC 9,,,,,brak_ceny_referencyjnej
2026-09-14T11:15:39+00:00,9998462765,Charizard OBF PSA 8,https://www.vinted.pl/items/9998462765-charizard-obf-psa-8,342.99,PLN,PSA 8,33.00,21,-178.6,0.50,poza_zakresem_rabatu
2026-09-14T11:31:30+00:00,9998617756,Pokemon : Team Rocket's Giovanni |PSA 9|,https://www.vinted.pl/items/9998617756-pokemon-team-rockets-giovanni-psa-9,288.65,PLN,PSA 9,145.04,2,46.7,0.75,poza_zakresem_rabatu
2026-09-14T11:31:30+00:00,9998609522,Houndoom 066/064 Pokemon Psa 9,https://www.vinted.pl/items/9998609522-houndoom-066064-pokemon-psa-9,240.77,PLN,PSA 9,40.00,193,-61.3,1.00,poza_zakresem_rabatu
2026-09-14T11:31:30+00:00,9998589310,Pokemon : Fezandipiti ex |PSA 10|,https://www.vinted.pl/items/9998589310-pokemon-fezandipiti-ex-psa-10,812.17,PLN,PSA 10,200.00,64,-8.8,1.00,poza_zakresem_rabatu
2026-09-14T11:31:32+00:00,9998573701,Lurantis ex 004/084,https://www.vinted.pl/items/9998573701-lurantis-ex-004084,5.86,PLN,PSA 10,,,,,brak_ceny_referencyjnej
2026-09-14T11:31:32+00:00,9998569265,Pokemon : Mega Charizard X ex |PSA 10|,https://www.vinted.pl/items/9998569265-pokemon-mega-charizard-x-ex-psa-10,1010.74,PLN,PSA 10,2850.00,204,90.5,1.00,poza_zakresem_rabatu
2026-09-14T11:31:34+00:00,9998557093,Cinccino ex 037/086,https://www.vinted.pl/items/9998557093-cinccino-ex-037086,5.86,PLN,PSA 10,246.25,24,99.4,0.02,poza_zakresem_rabatu
2026-09-14T11:31:36+00:00,9998547371,Mega Mawile ex 094/132,https://www.vinted.pl/items/9998547371-mega-mawile-ex-094132,5.86,PLN,PSA 10,,,,,brak_ceny_referencyjnej
2026-09-14T11:31:37+00:00,9998534620,Mega Abomasnow ex 036/132,https://www.vinted.pl/items/9998534620-mega-abomasnow-ex-036132,5.86,PLN,PSA 10,,,,,brak_ceny_referencyjnej
2026-09-14T11:31:40+00:00,9998522754,Rampardos ex 045/084,https://www.vinted.pl/items/9998522754-rampardos-ex-045084,5.86,PLN,PSA 10,,,,,brak_ceny_referencyjnej
2026-09-14T11:45:35+00:00,9998841871,Mega darkrai ex pitch black - Pokémon 2026,https://www.vinted.pl/items/9998841871-mega-darkrai-ex-pitch-black-pokemon-2026,950.0,PLN,,,,,,brak_gradingu_w_tytule_ani_opisie
2026-09-14T11:45:37+00:00,9998778484,Kids bundle (Starter pack),https://www.vinted.pl/items/9998778484-kids-bundle-starter-pack,11.71,PLN,PSA 10,,,,,brak_ceny_referencyjnej
2026-09-14T12:01:07+00:00,9998900478,Kids bundle (Starter pack),https://www.vinted.pl/items/9998900478-kids-bundle-starter-pack,11.71,PLN,PSA 10,,,,,brak_ceny_referencyjnej
2026-09-14T12:30:45+00:00,9999183380,Ohodnocená Pokémon karta Pikachu (SV-P 216) PSA 10,https://www.vinted.pl/items/9999183380-ohodnocena-pokemon-karta-pikachu-sv-p-216-psa-10,126.37,PLN,PSA 10,1995.00,5,98.3,0.33,poza_zakresem_rabatu
2026-09-14T12:30:46+00:00,9999144026,Ohodnocená Pokémon karta Darkrai VSTAR (s12a 228) PSA 10,https://www.vinted.pl/items/9999144026-ohodnocena-pokemon-karta-darkrai-vstar-s12a-228-psa-10,577.67,PLN,PSA 10,,,,,brak_ceny_referencyjnej
2026-09-14T12:45:38+00:00,9999487214,Psyduck Psa 10,https://www.vinted.pl/items/9999487214-psyduck-psa-10,2342.51,PLN,PSA 10,1031.00,8,39.1,1.00,wyslano_na_discord
2026-09-14T12:45:41+00:00,9999434877,Kids bundle (Starter pack),https://www.vinted.pl/items/9999434877-kids-bundle-starter-pack,11.71,PLN,PSA 10,,,,,brak_ceny_referencyjnej
2026-09-14T12:45:41+00:00,9999413064,Gastly 177/162 PSA 9,https://www.vinted.pl/items/9999413064-gastly-177162-psa-9,656.65,PLN,PSA 9,110.00,492,-60.0,1.00,poza_zakresem_rabatu
2026-09-14T12:45:42+00:00,9999412181,PSA 8 Venusaur EX 2016 Black Star Promo,https://www.vinted.pl/items/9999412181-psa-8-venusaur-ex-2016-black-star-promo,2100.0,PLN,PSA 8,599.50,24,6.1,0.33,wyslano_na_discord
2026-09-14T13:01:24+00:00,9999707260,Bulbasaur PSA 10 2025,https://www.vinted.pl/items/9999707260-bulbasaur-psa-10-2025,439.22,PLN,PSA 10,2124.99,1,94.5,0.50,poza_zakresem_rabatu
2026-09-14T13:13:00+00:00,9999876968,Espeon 211 jpn PSA 10,https://www.vinted.pl/items/9999876968-espeon-211-jpn-psa-10,750.0,PLN,PSA 10,60.19,29,-234.0,0.33,poza_zakresem_rabatu
2026-09-14T13:13:01+00:00,9999863224,Lucario ex 107/111,https://www.vinted.pl/items/9999863224-lucario-ex-107111,427.31,PLN,PSA 10,,,,,brak_ceny_referencyjnej
2026-09-14T13:13:04+00:00,9999803086,Riolu - Art rare - 2025,https://www.vinted.pl/items/9999803086-riolu-art-rare-2025,380.66,PLN,PSA 10,72.00,24,-41.7,0.06,poza_zakresem_rabatu
2026-09-14T13:13:04+00:00,9999753817,Et virkelig unikt Palafin Special Art Rare kort - PSA 10,https://www.vinted.pl/items/9999753817-et-virkelig-unikt-palafin-special-art-rare-kort-psa-10,350.79,PLN,PSA 10,,,,,brak_ceny_referencyjnej
2026-09-14T13:15:49+00:00,9999902744,Jolteon 209/187 Jpn PSA 9,https://www.vinted.pl/items/9999902744-jolteon-209187-jpn-psa-9,320.0,PLN,PSA 9,32.00,115,-168.0,0.25,poza_zakresem_rabatu
2026-09-14T13:15:50+00:00,9999895446,Gym Event Pikachu - PSA 10,https://www.vinted.pl/items/9999895446-gym-event-pikachu-psa-10,497.78,PLN,PSA 10,462.50,6,71.2,0.67,poza_zakresem_rabatu
2026-09-14T13:31:06+00:00,10000111833,Gastly 080/071 Jpn PSA 10,https://www.vinted.pl/items/10000111833-gastly-080071-jpn-psa-10,620.0,PLN,PSA 10,,,,,brak_ceny_referencyjnej
2026-09-14T13:31:09+00:00,9999201398,Mega Gengar ex (ASC 269) Ascended Heroes full art karty pokemon cards,https://www.vinted.pl/items/9999201398-mega-gengar-ex-asc-269-ascended-heroes-full-art-karty-pokemon-cards,275.0,PLN,PSA 10,275.00,1651,73.2,0.60,poza_zakresem_rabatu
2026-09-14T13:31:10+00:00,9999217114,Marshadow (MEG 146) Mega Evolution karty pokemon cards full art,https://www.vinted.pl/items/9999217114-marshadow-meg-146-mega-evolution-karty-pokemon-cards-full-art,80.0,PLN,PSA 10,100.00,1171,78.6,0.44,poza_zakresem_rabatu
2026-09-14T13:31:11+00:00,10000043888,Kingdra 190/184 Jpn PSA 10,https://www.vinted.pl/items/10000043888-kingdra-190184-jpn-psa-10,400.0,PLN,PSA 10,,,,,brak_ceny_referencyjnej
2026-09-14T13:31:11+00:00,10000019530,Iron Crown ex 206/162 PSA 10,https://www.vinted.pl/items/10000019530-iron-crown-ex-206162-psa-10,750.0,PLN,PSA 10,160.00,243,-25.6,1.00,poza_zakresem_rabatu
2026-09-14T13:31:12+00:00,9999206508,Darkrai VSTAR (s12a 228) VSTAR Universe karty pokemon cards,https://www.vinted.pl/items/9999206508-darkrai-vstar-s12a-228-vstar-universe-karty-pokemon-cards,200.0,PLN,PSA 10,295.00,466,81.8,0.22,poza_zakresem_rabatu
2026-09-14T13:31:13+00:00,9999989783,Morpeko v union 228/184 Jpn PSA 10,https://www.vinted.pl/items/9999989783-morpeko-v-union-228184-jpn-psa-10,320.0,PLN,PSA 10,,,,,brak_ceny_referencyjnej
2026-09-14T13:31:13+00:00,9999964304,Pikachu & Zekrom 041/173 Jpn PSA 9,https://www.vinted.pl/items/9999964304-pikachu-zekrom-041173-jpn-psa-9,400.0,PLN,PSA 9,58.27,175,-84.0,0.40,poza_zakresem_rabatu
2026-09-14T13:31:13+00:00,9999929944,Sylveon 212/187 Jpn PSA 9,https://www.vinted.pl/items/9999929944-sylveon-212187-jpn-psa-9,650.0,PLN,PSA 9,360.90,84,51.7,0.50,poza_zakresem_rabatu
2026-09-14T14:01:37+00:00,10000363171,Tikton,https://www.vinted.pl/items/10000363171-tikton,136.08,PLN,,,,,,brak_gradingu_w_tytule_ani_opisie
2026-09-14T14:15:38+00:00,10000554044,Pokémon Charizard #11/108 Evolutions Reverse Holo PSA 9 Mint,https://www.vinted.pl/items/10000554044-pokemon-charizard-11108-evolutions-reverse-holo-psa-9-mint,855.39,PLN,PSA 9,21.29,14,-976.9,0.60,poza_zakresem_rabatu
2026-09-14T14:31:03+00:00,10000682123,Mega Gardevoir ex 178/132 PSA10,https://www.vinted.pl/items/10000682123-mega-gardevoir-ex-178132-psa10,1615.36,PLN,PSA 10,400.00,660,-8.2,1.00,poza_zakresem_rabatu
2026-09-14T14:45:42+00:00,9999177945,Lucario Vstar (SWSH 291) swsh Black Star Promo karty pokemon cards,https://www.vinted.pl/items/9999177945-lucario-vstar-swsh-291-swsh-black-star-promo-karty-pokemon-cards,85.0,PLN,PSA 10,145.00,591,84.3,0.40,poza_zakresem_rabatu
2026-09-14T14:45:42+00:00,9999185472,Piplup (PFL 098) Phantasmal Flames full art psa 10 karty pokemon cards,https://www.vinted.pl/items/9999185472-piplup-pfl-098-phantasmal-flames-full-art-psa-10-karty-pokemon-cards,76.0,PLN,PSA 10,145.00,438,86.0,0.60,poza_zakresem_rabatu
2026-09-14T14:45:45+00:00,9999192489,Ivysaur (MEG 134) Mega Evolution full art karty pokemon cards,https://www.vinted.pl/items/9999192489-ivysaur-meg-134-mega-evolution-full-art-karty-pokemon-cards,100.0,PLN,PSA 10,97.00,948,72.4,0.50,poza_zakresem_rabatu
2026-09-14T14:45:47+00:00,9999211597,Duskull (sv6a 068) full art karty pokemon cards,https://www.vinted.pl/items/9999211597-duskull-sv6a-068-full-art-karty-pokemon-cards,40.0,PLN,PSA 10,135.00,163,92.1,0.14,poza_zakresem_rabatu
2026-09-14T14:45:49+00:00,10000936993,To jest karta pokemon oryginalna trainer Misty's Determinantor 108/108 z 2016 roku,https://www.vinted.pl/items/10000936993-to-jest-karta-pokemon-oryginalna-trainer-mistys-determinantor-108108-z-2016-roku,75.82,PLN,PSA 10,,,,,brak_ceny_referencyjnej
2026-09-14T14:45:49+00:00,10000895842,Golem 122 Expedition Holo 1st Edition Japansk PSA 10 Pokémon,https://www.vinted.pl/items/10000895842-golem-122-expedition-holo-1st-edition-japansk-psa-10-pokemon,2635.33,PLN,PSA 10,132.53,1,-433.0,0.29,poza_zakresem_rabatu
2026-09-14T15:30:56+00:00,10001654147,"Väldigt stor Pokémon samling med Graderade kort (PSA , Graad) , pärm, vintage kort, sleeves med mera",https://www.vinted.pl/items/10001654147-valdigt-stor-pokemon-samling-med-graderade-kort-psa-graad-parm-vintage-kort-sleeves-med-mera,368.98,PLN,,,,,,brak_gradingu_w_tytule_ani_opisie
2026-09-14T15:30:57+00:00,10001550339,Beartic & Phione Pokemon Psa 10,https://www.vinted.pl/items/10001550339-beartic-phione-pokemon-psa-10,468.5,PLN,PSA 10,,,,,brak_ceny_referencyjnej
2026-09-14T15:46:17+00:00,10001856447,"Squirtle MEW 170, PSA 9",https://www.vinted.pl/items/10001856447-squirtle-mew-170-psa-9,767.22,PLN,PSA 9,110.00,375,-85.6,0.67,poza_zakresem_rabatu
2026-09-14T15:46:17+00:00,10001827872,Pikachu MEW 173 PSA 9,https://www.vinted.pl/items/10001827872-pikachu-mew-173-psa-9,722.09,PLN,PSA 9,93.50,331,-105.5,0.67,poza_zakresem_rabatu
2026-09-14T16:01:09+00:00,10002035267,Arceus & Dialga & Palkia Tag team GX,https://www.vinted.pl/items/10002035267-arceus-dialga-palkia-tag-team-gx,585.04,PLN,PSA 10,,,,,brak_ceny_referencyjnej
2026-09-14T16:15:41+00:00,10002235755,Pokemon PSA 8 pikachu 25 celebration,https://www.vinted.pl/items/10002235755-pokemon-psa-8-pikachu-25-celebration,153.22,PLN,PSA 8,,,,,brak_ceny_referencyjnej
2026-09-14T16:15:41+00:00,10002082084,Karta Pokemon Ninjask 065 PSA 9,https://www.vinted.pl/items/10002082084-karta-pokemon-ninjask-065-psa-9,55.0,PLN,PSA 9,,,,,brak_ceny_referencyjnej
2026-09-14T16:30:52+00:00,10002436060,1999 imposter professor oak. Psa 8 #73,https://www.vinted.pl/items/10002436060-1999-imposter-professor-oak-psa-8-73,202.18,PLN,PSA 8,,,,,brak_ceny_referencyjnej
2026-09-14T16:30:53+00:00,10002396982,Graderat psa 9 trainer kort. Japansk. #089,https://www.vinted.pl/items/10002396982-graderat-psa-9-trainer-kort-japansk-089,116.64,PLN,PSA 9,,,,,brak_ceny_referencyjnej
2026-09-14T16:45:39+00:00,10002688045,Pikachu 367/sm-p psa 10,https://www.vinted.pl/items/10002688045-pikachu-367sm-p-psa-10,1229.82,PLN,PSA 10,4250.00,6,92.3,0.50,poza_zakresem_rabatu
2026-09-14T16:45:39+00:00,10002680359,Ho-Oh #224/XY-P Japansk Holo PSA 10 Gem Mint Pokémon,https://www.vinted.pl/items/10002680359-ho-oh-224xy-p-japansk-holo-psa-10-gem-mint-pokemon,1639.76,PLN,PSA 10,122.50,69,-256.1,0.25,poza_zakresem_rabatu
2026-09-14T16:45:39+00:00,10002662220,Charmander #97 Expedition PSA 10 Gem Mint Pokémon,https://www.vinted.pl/items/10002662220-charmander-97-expedition-psa-10-gem-mint-pokemon,2283.95,PLN,PSA 10,320.00,13,-89.9,0.60,poza_zakresem_rabatu
2026-09-14T16:45:39+00:00,10002643833,Yu Nagaba's Pikachu psa 10,https://www.vinted.pl/items/10002643833-yu-nagabas-pikachu-psa-10,1815.45,PLN,PSA 10,243.00,40,-98.8,1.00,poza_zakresem_rabatu
2026-09-14T16:45:40+00:00,10002624073,Yokohama's Pikachu 282/sm-p psa 10,https://www.vinted.pl/items/10002624073-yokohamas-pikachu-282sm-p-psa-10,6734.72,PLN,PSA 10,4250.00,6,57.8,0.33,poza_zakresem_rabatu
2026-09-14T16:45:40+00:00,10002489232,Två psa 9 en cgc 9,https://www.vinted.pl/items/10002489232-tva-psa-9-en-cgc-9,447.14,PLN,PSA 9,,,,,brak_ceny_referencyjnej
2026-09-14T17:01:15+00:00,10002855820,Slabs för Pokémon PSA kort,https://www.vinted.pl/items/10002855820-slabs-for-pokemon-psa-kort,97.2,PLN,,,,,,brak_gradingu_w_tytule_ani_opisie
2026-09-14T17:01:15+00:00,10002812289,Houndoom #15/147 Aquapolis Reverse Holo PSA 6 Pokémon,https://www.vinted.pl/items/10002812289-houndoom-15147-aquapolis-reverse-holo-psa-6-pokemon,937.01,PLN,PSA 6,,,,,brak_ceny_referencyjnej
2026-09-14T17:01:16+00:00,10002793089,Porygon2 #25/113 EX Delta Species Reverse Holo Stamped PSA 9,https://www.vinted.pl/items/10002793089-porygon2-25113-ex-delta-species-reverse-holo-stamped-psa-9,702.75,PLN,PSA 9,29.99,1,-523.4,0.86,poza_zakresem_rabatu
2026-09-14T17:01:16+00:00,10002771005,Karta Pokemon Yamper 99 PSA 10,https://www.vinted.pl/items/10002771005-karta-pokemon-yamper-99-psa-10,350.0,PLN,PSA 10,66.00,144,-41.1,1.00,poza_zakresem_rabatu
2026-09-14T17:01:16+00:00,10002733004,Espeon GX SV60 Hidden Fates Shiny PSA 10 Gem Mint Pokémon,https://www.vinted.pl/items/10002733004-espeon-gx-sv60-hidden-fates-shiny-psa-10-gem-mint-pokemon,1288.38,PLN,PSA 10,,,,,brak_ceny_referencyjnej
2026-09-14T17:01:17+00:00,10002729659,Karta Pokemon Umbreon 129 PSA 9,https://www.vinted.pl/items/10002729659-karta-pokemon-umbreon-129-psa-9,650.0,PLN,PSA 9,1000.00,9,82.7,0.50,poza_zakresem_rabatu
2026-09-14T17:01:17+00:00,10002717608,Pichu #031/070 Japansk Holo 1st Edition PSA 9 Mint Pokémon,https://www.vinted.pl/items/10002717608-pichu-031070-japansk-holo-1st-edition-psa-9-mint-pokemon,497.78,PLN,PSA 9,,,,,brak_ceny_referencyjnej
2026-09-14T17:01:18+00:00,10002704713,Pika pika Pikachu 124/ s-p psa 10,https://www.vinted.pl/items/10002704713-pika-pika-pikachu-124-s-p-psa-10,1083.41,PLN,PSA 10,201.00,898,-43.4,0.20,poza_zakresem_rabatu
2026-09-14T17:01:18+00:00,10002695327,Keldeo PSA 9,https://www.vinted.pl/items/10002695327-keldeo-psa-9,108.1,PLN,PSA 9,39.99,3,28.1,1.00,wyslano_na_discord
2026-09-14T17:01:18+00:00,10002695014,Karta Pokemon Gardevoir EX 245 PSA 9,https://www.vinted.pl/items/10002695014-karta-pokemon-gardevoir-ex-245-psa-9,550.0,PLN,PSA 9,255.00,22,42.6,0.67,poza_zakresem_rabatu
2026-09-14T17:15:39+00:00,10003078305,Lapras ex #99/109 Ruby & Sapphire PSA 9 Pokémon,https://www.vinted.pl/items/10003078305-lapras-ex-99109-ruby-sapphire-psa-9-pokemon,2928.14,PLN,PSA 9,680.00,37,-14.6,0.86,poza_zakresem_rabatu
2026-09-14T17:15:40+00:00,10003047878,Cyndaquil #155 Japanese Neo Premium File PSA 10 Gem Mint Pokémon,https://www.vinted.pl/items/10003047878-cyndaquil-155-japanese-neo-premium-file-psa-10-gem-mint-pokemon,702.75,PLN,PSA 10,1990.49,114,90.6,0.12,poza_zakresem_rabatu
2026-09-14T17:30:53+00:00,10003288908,Oricorio promo PSA9,https://www.vinted.pl/items/10003288908-oricorio-promo-psa9,245.0,PLN,PSA 9,,,,,brak_ceny_referencyjnej
2026-09-14T17:30:54+00:00,10003279426,Giratina VSTAR #261/172 Japansk VSTAR Universe PSA 10 Gem Mint,https://www.vinted.pl/items/10003279426-giratina-vstar-261172-japansk-vstar-universe-psa-10-gem-mint,1464.07,PLN,PSA 10,,,,,brak_ceny_referencyjnej
2026-09-14T17:30:54+00:00,10003240639,Squirtle #132/165 Expedition PSA 10 Gem Mint Low Pop Pokémon,https://www.vinted.pl/items/10003240639-squirtle-132165-expedition-psa-10-gem-mint-low-pop-pokemon,4685.03,PLN,PSA 10,810.00,17,-53.9,0.50,poza_zakresem_rabatu
2026-09-14T17:30:55+00:00,10003212009,Latios #046/L-P Japansk Holo PSA 9 Mint Pokémon,https://www.vinted.pl/items/10003212009-latios-046l-p-japansk-holo-psa-9-mint-pokemon,937.01,PLN,PSA 9,265.00,12,5.9,0.17,wyslano_na_discord
2026-09-14T17:30:55+00:00,10003193687,Yanmega #010/100 Japansk Holo PSA 10 Gem Mint Pokémon,https://www.vinted.pl/items/10003193687-yanmega-010100-japansk-holo-psa-10-gem-mint-pokemon,995.57,PLN,PSA 10,,,,,brak_ceny_referencyjnej
2026-09-14T17:30:55+00:00,10003108151,Lady Holo PSA 9,https://www.vinted.pl/items/10003108151-lady-holo-psa-9,155.53,PLN,PSA 9,20.25,7,-104.3,1.00,poza_zakresem_rabatu
2026-09-14T17:30:55+00:00,10003107686,Evelyn #175/181 Team Up Full Art PSA 10 Gem Mint Pokémon,https://www.vinted.pl/items/10003107686-evelyn-175181-team-up-full-art-psa-10-gem-mint-pokemon,937.01,PLN,PSA 10,184.40,10,-35.2,0.71,poza_zakresem_rabatu
2026-09-14T17:30:55+00:00,10003080356,Cyrus PSA 8,https://www.vinted.pl/items/10003080356-cyrus-psa-8,174.97,PLN,PSA 8,,,,,brak_ceny_referencyjnej
2026-09-14T17:45:37+00:00,10003494127,Dark Hypno #9/82 Team Rocket 1st Edition Holo PSA 9 Pokémon,https://www.vinted.pl/items/10003494127-dark-hypno-982-team-rocket-1st-edition-holo-psa-9-pokemon,1054.13,PLN,PSA 9,202.50,49,-38.5,0.67,poza_zakresem_rabatu
2026-09-14T17:45:38+00:00,10003446723,Phanpy #69/107 EX Deoxys Reverse Holo Stamped PSA 9 Pokémon,https://www.vinted.pl/items/10003446723-phanpy-69107-ex-deoxys-reverse-holo-stamped-psa-9-pokemon,702.75,PLN,PSA 9,29.25,2,-539.3,0.71,poza_zakresem_rabatu
2026-09-14T17:45:38+00:00,10003392225,Magnezone LV.X Japansk Holo PSA 10 Gem Mint Pokémon,https://www.vinted.pl/items/10003392225-magnezone-lvx-japansk-holo-psa-10-gem-mint-pokemon,2693.89,PLN,PSA 10,,,,,brak_ceny_referencyjnej
2026-09-14T17:45:40+00:00,10003377577,Pokemon tcg simplified chinese Jolteon tin & magnet,https://www.vinted.pl/items/10003377577-pokemon-tcg-simplified-chinese-jolteon-tin-magnet,15.0,PLN,PSA 10,,,,,brak_ceny_referencyjnej
2026-09-14T17:45:40+00:00,10003317635,Typhlosion #12/101 Dragon Frontiers Holo PSA 9 Mint Pokémon,https://www.vinted.pl/items/10003317635-typhlosion-12101-dragon-frontiers-holo-psa-9-mint-pokemon,1171.26,PLN,PSA 9,250.00,29,-24.6,0.83,poza_zakresem_rabatu
2026-09-14T18:01:09+00:00,10003556393,Raichu GX SM90 2017 English Promo,https://www.vinted.pl/items/10003556393-raichu-gx-sm90-2017-english-promo,699.87,PLN,PSA 10,121.75,88,-52.9,0.50,poza_zakresem_rabatu
2026-09-14T18:01:10+00:00,10003529206,Victini WHT172 PSA10,https://www.vinted.pl/items/10003529206-victini-wht172-psa10,6498.79,PLN,PSA 10,,,,,brak_ceny_referencyjnej
2026-09-14T18:01:10+00:00,10003522315,Ninetales #038/102 Japansk Base Set Holo PSA 9 Mint Pokémon,https://www.vinted.pl/items/10003522315-ninetales-038102-japansk-base-set-holo-psa-9-mint-pokemon,878.44,PLN,PSA 9,,,,,brak_ceny_referencyjnej
2026-09-14T18:01:10+00:00,10003508404,karta Pokémon PSA 10,https://www.vinted.pl/items/10003508404-karta-pokemon-psa-10,150.0,PLN,PSA 10,,,,,brak_ceny_referencyjnej
2026-09-14T18:15:36+00:00,10003759096,karta Pokémon PSA 9,https://www.vinted.pl/items/10003759096-karta-pokemon-psa-9,500.0,PLN,PSA 9,,,,,brak_ceny_referencyjnej
2026-09-14T18:15:36+00:00,10003698900,karta Pokémon Cyclizar PSA 10,https://www.vinted.pl/items/10003698900-karta-pokemon-cyclizar-psa-10,200.0,PLN,PSA 10,,,,,brak_ceny_referencyjnej
2026-09-14T18:30:55+00:00,10004008053,Pokémon Ninetales Holo #12/102 Base Set 1999 WOTC,https://www.vinted.pl/items/10004008053-pokemon-ninetales-holo-12102-base-set-1999-wotc,119.99,PLN,,,,,,brak_gradingu_w_tytule_ani_opisie
2026-09-14T18:40:58+00:00,10004135497,Lechonk full art japanskt Pokémon kort,https://www.vinted.pl/items/10004135497-lechonk-full-art-japanskt-pokemon-kort,108.87,PLN,PSA 9,,,,,brak_ceny_referencyjnej
2026-09-14T18:40:59+00:00,10004101411,Pokémon Mew Black Star Promo 9 WOTC eng holo,https://www.vinted.pl/items/10004101411-pokemon-mew-black-star-promo-9-wotc-eng-holo,369.99,PLN,,,,,,brak_gradingu_w_tytule_ani_opisie
2026-09-14T18:41:01+00:00,10004068993,"Squirtle, Wartortle a Blastoise ze 151",https://www.vinted.pl/items/10004068993-squirtle-wartortle-a-blastoise-ze-151,1353.92,PLN,,,,,,brak_gradingu_w_tytule_ani_opisie
2026-09-14T19:01:51+00:00,10004325862,🔥 PRODEJ – 2× GOLD Pokémon karty 🔥,https://www.vinted.pl/items/10004325862-prodej-2x-gold-pokemon-karty,3610.44,PLN,BGS 10,,,,,brak_ceny_referencyjnej
2026-09-14T19:01:52+00:00,10004281215,Pokémon Drowzee IR 210/198 BGS 9 Mint,https://www.vinted.pl/items/10004281215-pokemon-drowzee-ir-210198-bgs-9-mint,480.96,PLN,BGS 9,,,,,brak_ceny_referencyjnej
2026-09-14T19:16:07+00:00,10004499586,Fand Carte Dancie de nota 9,https://www.vinted.pl/items/10004499586-fand-carte-dancie-de-nota-9,108.31,PLN,,,,,,brak_gradingu_w_tytule_ani_opisie
2026-09-14T19:16:18+00:00,10004475039,Pokémon Alakazam Base Set 1/102 WOTC eng holo,https://www.vinted.pl/items/10004475039-pokemon-alakazam-base-set-1102-wotc-eng-holo,269.99,PLN,,,,,,brak_gradingu_w_tytule_ani_opisie
2026-09-14T19:31:12+00:00,10004689714,Psa 10 trading card Gengar pokemon,https://www.vinted.pl/items/10004689714-psa-10-trading-card-gengar-pokemon,197.92,PLN,PSA 10,5999.00,9,99.1,0.50,poza_zakresem_rabatu
2026-09-14T19:31:12+00:00,10004666697,Pokémon Pikachu 160/159 Secret Rare - PSA 9,https://www.vinted.pl/items/10004666697-pokemon-pikachu-160159-secret-rare-psa-9,451.12,PLN,PSA 9,7.83,2,-1433.8,0.17,poza_zakresem_rabatu
2026-09-14T19:31:12+00:00,10004666199,Psa 9 Lumineon pokemon cards,https://www.vinted.pl/items/10004666199-psa-9-lumineon-pokemon-cards,115.41,PLN,PSA 9,,,,,brak_ceny_referencyjnej
2026-09-14T19:31:13+00:00,10004645109,Psa 9 Charizard Pokemon card,https://www.vinted.pl/items/10004645109-psa-9-charizard-pokemon-card,131.0,PLN,PSA 9,61.99,30,43.8,1.00,poza_zakresem_rabatu
2026-09-14T19:31:13+00:00,10004622407,Psa 10 bloom japaneese,https://www.vinted.pl/items/10004622407-psa-10-bloom-japaneese,71.65,PLN,PSA 10,,,,,brak_ceny_referencyjnej
2026-09-14T19:31:13+00:00,10004305099,Karta Pokemon Ultra Ball 186/172 Brilliant Stars – PSA 10 Gemm,https://www.vinted.pl/items/10004305099-karta-pokemon-ultra-ball-186172-brilliant-stars-psa-10-gemm,80.0,PLN,PSA 10,51.99,20,59.1,0.86,poza_zakresem_rabatu
2026-09-14T19:31:46+00:00,10004637132,Rayquaza,https://www.vinted.pl/items/10004637132-rayquaza,2928.14,PLN,BGS 9.5,,,,,brak_ceny_referencyjnej
2026-09-14T19:45:55+00:00,10004856524,Larvitar 73 Donald Duck & Friends Low Pop PSA 9 | Pokémon,https://www.vinted.pl/items/10004856524-larvitar-73-donald-duck-friends-low-pop-psa-9-pokemon,5856.28,PLN,PSA 9,,,,,brak_ceny_referencyjnej
2026-09-14T19:45:56+00:00,10004826597,Pikachu 031 VMAX Japansk CGC 9.5 | Pokémon,https://www.vinted.pl/items/10004826597-pikachu-031-vmax-japansk-cgc-95-pokemon,146.41,PLN,CGC 9.5,36.00,6,-8.2,0.40,poza_zakresem_rabatu
2026-09-14T19:45:56+00:00,10004812241,Kabutops 150 Skyridge Crystal Holo Dobbelt Swirl PSA 1 | Pokémon,https://www.vinted.pl/items/10004812241-kabutops-150-skyridge-crystal-holo-dobbelt-swirl-psa-1-pokemon,3513.77,PLN,PSA 1,557.50,12,-67.7,0.43,poza_zakresem_rabatu
2026-09-14T19:45:56+00:00,10004796554,Clefairy 35 Base Set Holo Japansk PSA 9 | Pokémon,https://www.vinted.pl/items/10004796554-clefairy-35-base-set-holo-japansk-psa-9-pokemon,878.44,PLN,PSA 9,,,,,brak_ceny_referencyjnej
2026-09-14T20:01:15+00:00,10004879438,Dratini 66 Donald Duck & Friends Low Pop PSA 8 | Pokémon,https://www.vinted.pl/items/10004879438-dratini-66-donald-duck-friends-low-pop-psa-8-pokemon,4099.4,PLN,PSA 8,,,,,brak_ceny_referencyjnej
2026-09-14T20:30:56+00:00,10005198182,Pokemon charizard celebrations psa 9,https://www.vinted.pl/items/10005198182-pokemon-charizard-celebrations-psa-9,1200.0,PLN,PSA 9,195.00,823,-63.7,1.00,poza_zakresem_rabatu
2026-09-14T20:31:02+00:00,10005233261,Mega gengar Ex Beckett 10,https://www.vinted.pl/items/10005233261-mega-gengar-ex-beckett-10,1225.74,PLN,,,,,,brak_gradingu_w_tytule_ani_opisie
2026-09-14T20:31:03+00:00,10005218024,Squirtle promo Beckett 10,https://www.vinted.pl/items/10005218024-squirtle-promo-beckett-10,875.53,PLN,,,,,,brak_gradingu_w_tytule_ani_opisie
2026-09-14T20:45:46+00:00,10005403884,Pokemon tcg card simplified chinese Surfing Pikachu V double rare promo csDC 021/024,https://www.vinted.pl/items/10005403884-pokemon-tcg-card-simplified-chinese-surfing-pikachu-v-double-rare-promo-csdc-021024,25.0,PLN,PSA 10,,,,,brak_ceny_referencyjnej
2026-09-14T20:45:48+00:00,10005375860,Pokemon tcg card simplified chinese Dialga glitter holo rare promo csDC 007/024,https://www.vinted.pl/items/10005375860-pokemon-tcg-card-simplified-chinese-dialga-glitter-holo-rare-promo-csdc-007024,15.0,PLN,PSA 10,,,,,brak_ceny_referencyjnej
2026-09-14T20:45:50+00:00,10005352708,Pokemon tcg card simplified chinese Pikachu V double rare promo csDC 019/024,https://www.vinted.pl/items/10005352708-pokemon-tcg-card-simplified-chinese-pikachu-v-double-rare-promo-csdc-019024,25.0,PLN,PSA 10,,,,,brak_ceny_referencyjnej
2026-09-14T20:45:52+00:00,10005320880,Pokemon tcg card simplified chinese Surfing Pikachu V double rare promo csDC 021/024,https://www.vinted.pl/items/10005320880-pokemon-tcg-card-simplified-chinese-surfing-pikachu-v-double-rare-promo-csdc-021024,25.0,PLN,PSA 10,,,,,brak_ceny_referencyjnej
2026-09-14T20:45:53+00:00,10005304930,Mega Charizard X EX 130 PSA 10,https://www.vinted.pl/items/10005304930-mega-charizard-x-ex-130-psa-10,11712.57,PLN,PSA 10,2850.00,204,-9.3,1.00,poza_zakresem_rabatu
2026-09-14T20:45:55+00:00,10005214933,Pokemon tcg card simplified chinese surfing Pikachu V double rare promo csDC 021/024,https://www.vinted.pl/items/10005214933-pokemon-tcg-card-simplified-chinese-surfing-pikachu-v-double-rare-promo-csdc-021024,25.0,PLN,PSA 10,,,,,brak_ceny_referencyjnej
2026-09-14T21:01:41+00:00,10005517289,Pokemon tcg card simplified chinese Pikachu illustration rare promo csDC 001/024,https://www.vinted.pl/items/10005517289-pokemon-tcg-card-simplified-chinese-pikachu-illustration-rare-promo-csdc-001024,30.0,PLN,PSA 10,,,,,brak_ceny_referencyjnej
2026-09-14T21:01:43+00:00,10005511512,Pokemon tcg card simplified chinese Xerneas glitter holo rare promo csDC 011/024,https://www.vinted.pl/items/10005511512-pokemon-tcg-card-simplified-chinese-xerneas-glitter-holo-rare-promo-csdc-011024,15.0,PLN,PSA 10,,,,,brak_ceny_referencyjnej
2026-09-14T21:01:44+00:00,10005488967,Pokemon Giovani’s Exile PSA 10,https://www.vinted.pl/items/10005488967-pokemon-giovanis-exile-psa-10,342.99,PLN,PSA 10,41.00,174,-122.6,0.67,poza_zakresem_rabatu
2026-09-14T21:01:45+00:00,10005474432,Pokemon tcg card simplified chinese Pikachu illustration rare promo csDC 001/024,https://www.vinted.pl/items/10005474432-pokemon-tcg-card-simplified-chinese-pikachu-illustration-rare-promo-csdc-001024,30.0,PLN,PSA 10,,,,,brak_ceny_referencyjnej
2026-09-14T21:01:45+00:00,10005472088,Pokemon Mega Charizard X ex PSA 9,https://www.vinted.pl/items/10005472088-pokemon-mega-charizard-x-ex-psa-9,465.75,PLN,PSA 9,435.00,510,71.5,1.00,poza_zakresem_rabatu
2026-09-14T21:01:47+00:00,10005456208,Pokemon tcg card simplified chinese Dialga glitter holo rare promo csDC 007/024,https://www.vinted.pl/items/10005456208-pokemon-tcg-card-simplified-chinese-dialga-glitter-holo-rare-promo-csdc-007024,15.0,PLN,PSA 10,,,,,brak_ceny_referencyjnej
2026-09-14T21:15:37+00:00,10005607884,"Pokemon tcg card simplified chinese Lugia Ho-oh glitter holo rare promo csDC 003,004/024",https://www.vinted.pl/items/10005607884-pokemon-tcg-card-simplified-chinese-lugia-ho-oh-glitter-holo-rare-promo-csdc-003004024,30.0,PLN,PSA 10,,,,,brak_ceny_referencyjnej
2026-09-14T21:15:38+00:00,10005574867,Charizard celebrations psa 9,https://www.vinted.pl/items/10005574867-charizard-celebrations-psa-9,1300.0,PLN,PSA 9,195.00,823,-77.4,1.00,poza_zakresem_rabatu
2026-09-14T21:15:38+00:00,10005566909,PSA 9 Cufant,https://www.vinted.pl/items/10005566909-psa-9-cufant,143.47,PLN,PSA 9,12.00,1,-218.1,1.00,poza_zakresem_rabatu
2026-09-14T21:15:40+00:00,10005563276,Pokemon tcg card simplified chinese Pikachu illustration rare promo csDC 001/024,https://www.vinted.pl/items/10005563276-pokemon-tcg-card-simplified-chinese-pikachu-illustration-rare-promo-csdc-001024,30.0,PLN,PSA 10,,,,,brak_ceny_referencyjnej
2026-09-14T21:15:42+00:00,10005545820,"Pokemon tcg card simplified chinese Solgaleo Lunala glitter holo rare promo csDC 015,016/024",https://www.vinted.pl/items/10005545820-pokemon-tcg-card-simplified-chinese-solgaleo-lunala-glitter-holo-rare-promo-csdc-015016024,30.0,PLN,PSA 10,,,,,brak_ceny_referencyjnej
2026-09-14T21:15:44+00:00,10005534990,Pokemon Alakazam EX,https://www.vinted.pl/items/10005534990-pokemon-alakazam-ex,380.66,PLN,PSA 9,81.00,281,-25.0,0.57,poza_zakresem_rabatu
2026-09-14T21:15:46+00:00,10005519540,Giratina (Team Plasma) 035/070 Bw7: Plasma Gale Holo (Japanese),https://www.vinted.pl/items/10005519540-giratina-team-plasma-035070-bw7-plasma-gale-holo-japanese,1624.7,PLN,,,,,,brak_gradingu_w_tytule_ani_opisie
2026-09-14T21:30:53+00:00,10005704719,Pokemon tcg card simplified chinese Pikachu Vmax triple rare promo csDC 020/024,https://www.vinted.pl/items/10005704719-pokemon-tcg-card-simplified-chinese-pikachu-vmax-triple-rare-promo-csdc-020024,40.0,PLN,PSA 10,,,,,brak_ceny_referencyjnej
2026-09-14T21:30:54+00:00,10005686063,Pikachu ex 277/217 SIR Ascended Heroes PSA 10 GEM MInt Pokémon 2026,https://www.vinted.pl/items/10005686063-pikachu-ex-277217-sir-ascended-heroes-psa-10-gem-mint-pokemon-2026,3599.0,PLN,PSA 10,1194.00,251,19.8,0.60,wyslano_na_discord
2026-09-14T21:30:56+00:00,10005686516,Pokemon tcg card simplified chinese Pikachu illustration rare promo csDC 001/024,https://www.vinted.pl/items/10005686516-pokemon-tcg-card-simplified-chinese-pikachu-illustration-rare-promo-csdc-001024,30.0,PLN,PSA 10,,,,,brak_ceny_referencyjnej
2026-09-14T21:30:57+00:00,10005667530,Pokemon tcg card simplified chinese Yveltal glitter holo rare promo csDC 012/024,https://www.vinted.pl/items/10005667530-pokemon-tcg-card-simplified-chinese-yveltal-glitter-holo-rare-promo-csdc-012024,15.0,PLN,PSA 10,,,,,brak_ceny_referencyjnej
2026-09-14T21:45:36+00:00,10005748806,Pokemon tcg card simplified chinese Teal mask ogerpon ex SAR csv9.5C 222/208,https://www.vinted.pl/items/10005748806-pokemon-tcg-card-simplified-chinese-teal-mask-ogerpon-ex-sar-csv95c-222208,20.0,PLN,PSA 10,,,,,brak_ceny_referencyjnej
2026-09-14T23:45:37+00:00,10006276127,Ice Rider Calyrex VMAX 046/198 - Stamped Holiday Calender Sealed - Hyper Holo Rare - Pokémon Kort,https://www.vinted.pl/items/10006276127-ice-rider-calyrex-vmax-046198-stamped-holiday-calender-sealed-hyper-holo-rare-pokemon-kort,7.78,PLN,PSA 10,35.80,2,94.2,0.06,poza_zakresem_rabatu
2026-09-15T00:01:07+00:00,10006305501,Yvetal Holo 088/132 - ME01 Stamped Promo - Pokémon Mega Evolution (Sealed),https://www.vinted.pl/items/10006305501-yvetal-holo-088132-me01-stamped-promo-pokemon-mega-evolution-sealed,19.44,PLN,PSA 10,810.00,330,99.4,0.04,poza_zakresem_rabatu
2026-09-15T01:15:40+00:00,10006501047,2016 Pokemon Center Psyduck Booster Pack Promo #XY-P,https://www.vinted.pl/items/10006501047-2016-pokemon-center-psyduck-booster-pack-promo-xy-p,17999.99,PLN,PSA 10,,,,,brak_ceny_referencyjnej
2026-09-15T01:30:49+00:00,10006575088,Mischievous Pichu #214/S-P PSA 10,https://www.vinted.pl/items/10006575088-mischievous-pichu-214s-p-psa-10,450.0,PLN,PSA 10,132.74,15,9.8,1.00,wyslano_na_discord
2026-09-15T04:00:58+00:00,10006887555,Old Maid Gengar - PSA 10,https://www.vinted.pl/items/10006887555-old-maid-gengar-psa-10,367.26,PLN,PSA 10,,,,,brak_ceny_referencyjnej
2026-09-15T04:15:34+00:00,10006910881,1999 - 1st edition shadowless Magmar - PSA 8,https://www.vinted.pl/items/10006910881-1999-1st-edition-shadowless-magmar-psa-8,437.78,PLN,PSA 8,,,,,brak_ceny_referencyjnej
2026-09-15T04:15:35+00:00,10006904148,N’s Zekrom - PSA 9 - Ascended Promo,https://www.vinted.pl/items/10006904148-ns-zekrom-psa-9-ascended-promo,173.35,PLN,PSA 9,431.00,9,89.3,0.40,poza_zakresem_rabatu
2026-09-15T04:15:35+00:00,10006898938,029/171 - Pikachu Best Of XY - PSA 10,https://www.vinted.pl/items/10006898938-029171-pikachu-best-of-xy-psa-10,734.52,PLN,PSA 10,,,,,brak_ceny_referencyjnej
2026-09-15T04:15:36+00:00,10006897247,PSA Pokemon,https://www.vinted.pl/items/10006897247-psa-pokemon,86.85,PLN,,,,,,brak_gradingu_w_tytule_ani_opisie
2026-09-15T04:15:37+00:00,10006893709,1997 - Raichu Fossil Japanese - PSA 7,https://www.vinted.pl/items/10006893709-1997-raichu-fossil-japanese-psa-7,273.24,PLN,PSA 7,31.48,21,-130.9,0.50,poza_zakresem_rabatu
2026-09-15T04:30:46+00:00,10006931198,205/193 - Team Rockets Mimikyu - PSA 10,https://www.vinted.pl/items/10006931198-205193-team-rockets-mimikyu-psa-10,279.12,PLN,PSA 10,179.50,368,58.6,0.40,poza_zakresem_rabatu
2026-09-15T04:30:47+00:00,10006927415,044/193 - Pikachu ex - PSA 10,https://www.vinted.pl/items/10006927415-044193-pikachu-ex-psa-10,273.24,PLN,PSA 10,4200.00,18,98.3,0.50,poza_zakresem_rabatu
2026-09-15T04:30:47+00:00,10006925103,223/193 - Mega Attack Mega Charizard - PSA 10,https://www.vinted.pl/items/10006925103-223193-mega-attack-mega-charizard-psa-10,478.91,PLN,PSA 10,2572.67,176,95.0,0.40,poza_zakresem_rabatu
2026-09-15T04:30:47+00:00,10006919811,012 Promo - Mega Lucario - PSA 10,https://www.vinted.pl/items/10006919811-012-promo-mega-lucario-psa-10,349.63,PLN,PSA 10,55.99,43,-66.1,0.75,poza_zakresem_rabatu
2026-09-15T04:30:47+00:00,10006915912,006/024 - Detective Pikachu Charizard - PSA 10,https://www.vinted.pl/items/10006915912-006024-detective-pikachu-charizard-psa-10,381.95,PLN,PSA 10,229.00,66,55.6,0.60,poza_zakresem_rabatu
2026-09-15T05:15:38+00:00,10007025308,Helioptile #143 psa9,https://www.vinted.pl/items/10007025308-helioptile-143-psa9,141.03,PLN,PSA 9,17.50,110,-114.4,1.00,poza_zakresem_rabatu
2026-09-15T05:25:09+00:00,10007028642,Mew #25,https://www.vinted.pl/items/10007028642-mew-25,470.1,PLN,,,,,,brak_gradingu_w_tytule_ani_opisie
2026-09-15T05:25:10+00:00,10007027321,Archaludon #155 psa9,https://www.vinted.pl/items/10007027321-archaludon-155-psa9,141.03,PLN,PSA 9,14.99,34,-150.3,1.00,poza_zakresem_rabatu
2026-09-15T06:00:58+00:00,10007120785,211/187 - Espeon ex - PSA 10,https://www.vinted.pl/items/10007120785-211187-espeon-ex-psa-10,793.29,PLN,PSA 10,129.95,423,-62.4,0.50,poza_zakresem_rabatu
2026-09-15T06:30:51+00:00,10007238190,"First partner series 1 BGS 9,5",https://www.vinted.pl/items/10007238190-first-partner-series-1-bgs-95,998.95,PLN,"BGS 9,5",,,,,brak_ceny_referencyjnej
2026-09-15T06:45:33+00:00,10007296676,2012 - BW-P Worlds 12 - Tropical Beach - POP 37 - Japanese - PSA 10,https://www.vinted.pl/items/10007296676-2012-bw-p-worlds-12-tropical-beach-pop-37-japanese-psa-10,49947.67,PLN,PSA 10,2255.49,2,-489.1,0.10,poza_zakresem_rabatu
2026-09-15T07:01:03+00:00,10007399031,Eevee Korean full art,https://www.vinted.pl/items/10007399031-eevee-korean-full-art,110.0,PLN,PSA 10,,,,,brak_ceny_referencyjnej
2026-09-15T07:01:06+00:00,10007395400,Charizard V Japan pokemon,https://www.vinted.pl/items/10007395400-charizard-v-japan-pokemon,525.0,PLN,PSA 10,8400.00,9,98.3,0.02,poza_zakresem_rabatu
2026-09-15T07:01:06+00:00,10007389818,Evee psa 10 Japan,https://www.vinted.pl/items/10007389818-evee-psa-10-japan,600.0,PLN,PSA 10,,,,,brak_ceny_referencyjnej
2026-09-15T07:01:08+00:00,10007381917,Sprigatito full art pokemon,https://www.vinted.pl/items/10007381917-sprigatito-full-art-pokemon,105.0,PLN,PSA 10,186.75,4,85.0,0.02,poza_zakresem_rabatu
2026-09-15T07:15:39+00:00,10007426921,Darkrai vstar pokemon,https://www.vinted.pl/items/10007426921-darkrai-vstar-pokemon,200.0,PLN,PSA 10,295.00,468,82.0,0.03,poza_zakresem_rabatu
2026-09-15T07:15:40+00:00,10007421571,Scorbunny full art pokemon,https://www.vinted.pl/items/10007421571-scorbunny-full-art-pokemon,35.0,PLN,PSA 10,186.75,4,95.0,0.02,poza_zakresem_rabatu
2026-09-15T07:15:42+00:00,10007417801,Glaceon V pokemon,https://www.vinted.pl/items/10007417801-glaceon-v-pokemon,250.0,PLN,PSA 10,,,,,brak_ceny_referencyjnej
2026-09-15T07:15:44+00:00,10007402988,Latias & latios gx,https://www.vinted.pl/items/10007402988-latias-latios-gx,440.0,PLN,PSA 10,84.00,1,-39.4,0.03,poza_zakresem_rabatu
2026-09-15T07:15:47+00:00,10007454495,Rayquaza Ex #97/97 2003 Pokemon EX Dragon BGS Beckett 5,https://www.vinted.pl/items/10007454495-rayquaza-ex-9797-2003-pokemon-ex-dragon-bgs-beckett-5,2855.3,PLN,BGS 5,,,,,brak_ceny_referencyjnej
2026-09-15T07:30:51+00:00,10007566728,Rayquaza EX #97/97 2003 Pokemon EX Dragon BGS Beckett 5,https://www.vinted.pl/items/10007566728-rayquaza-ex-9797-2003-pokemon-ex-dragon-bgs-beckett-5,2855.3,PLN,,,,,,brak_gradingu_w_tytule_ani_opisie
2026-09-15T07:45:34+00:00,10007616450,Greninja ex SVP 132 v PSA 10 mint,https://www.vinted.pl/items/10007616450-greninja-ex-svp-132-v-psa-10-mint,1752.74,PLN,PSA 10,3500.00,11,86.7,0.40,poza_zakresem_rabatu
2026-09-15T07:45:36+00:00,10007606475,Mega Kangaskhan EX 182/132,https://www.vinted.pl/items/10007606475-mega-kangaskhan-ex-182132,330.87,PLN,,,,,,brak_gradingu_w_tytule_ani_opisie
2026-09-15T08:00:58+00:00,10007761931,Deoxys vstar CRZ GG46 v PSA 10,https://www.vinted.pl/items/10007761931-deoxys-vstar-crz-gg46-v-psa-10,1225.6,PLN,PSA 10,,,,,brak_ceny_referencyjnej
2026-09-15T08:00:59+00:00,10007752696,Machop vintage,https://www.vinted.pl/items/10007752696-machop-vintage,15.0,PLN,PSA 10,,,,,brak_ceny_referencyjnej
2026-09-15T08:01:02+00:00,10007748421,Jolteon Holo,https://www.vinted.pl/items/10007748421-jolteon-holo,125.0,PLN,PSA 10,186.75,4,82.2,0.02,poza_zakresem_rabatu
2026-09-15T08:01:03+00:00,10007741666,Dark dragonite pokemon Holo,https://www.vinted.pl/items/10007741666-dark-dragonite-pokemon-holo,400.0,PLN,PSA 10,1500.00,11,92.9,0.04,poza_zakresem_rabatu
2026-09-15T08:01:06+00:00,10007735568,Missing clover pokemon,https://www.vinted.pl/items/10007735568-missing-clover-pokemon,35.0,PLN,PSA 10,,,,,brak_ceny_referencyjnej
2026-09-15T08:01:06+00:00,10007729262,Umbreon SVP176 v PSA 10 mint,https://www.vinted.pl/items/10007729262-umbreon-svp176-v-psa-10-mint,874.17,PLN,PSA 10,260.00,262,10.6,0.67,wyslano_na_discord
2026-09-15T08:01:06+00:00,10007710397,Pokémon Pikachu McDonald’s Promo 2025 #020/M-P PSA 10,https://www.vinted.pl/items/10007710397-pokemon-pikachu-mcdonalds-promo-2025-020m-p-psa-10,522.75,PLN,PSA 10,1995.00,5,93.0,0.22,poza_zakresem_rabatu
2026-09-15T08:15:37+00:00,10007847139,Gyarados Skyridge H10,https://www.vinted.pl/items/10007847139-gyarados-skyridge-h10,2497.38,PLN,PSA 2,1099.99,2,39.6,0.07,wyslano_na_discord
2026-09-15T08:15:39+00:00,10007841568,Karta kolekcjonerska,https://www.vinted.pl/items/10007841568-karta-kolekcjonerska,3399.0,PLN,PSA 10,,,,,brak_ceny_referencyjnej
2026-09-15T08:30:51+00:00,10007955391,Pokémon Mega Lucario ex #160 Ultra Rare PSA 10,https://www.vinted.pl/items/10007955391-pokemon-mega-lucario-ex-160-ultra-rare-psa-10,522.75,PLN,PSA 10,,,,,brak_ceny_referencyjnej
2026-09-15T08:30:53+00:00,10008010044,Chinese gengar bgs 9,https://www.vinted.pl/items/10008010044-chinese-gengar-bgs-9,1503.81,PLN,BGS 9,392.75,2,-1.9,0.50,wyslano_na_discord
2026-09-15T08:30:54+00:00,10007989994,Mega charizard x ex pfl125 bgs 9,https://www.vinted.pl/items/10007989994-mega-charizard-x-ex-pfl125-bgs-9,4260.8,PLN,BGS 9,408.93,45,-177.2,0.80,poza_zakresem_rabatu
2026-09-15T09:01:02+00:00,10008239911,Bulbasaur evo psa 10 card set JP,https://www.vinted.pl/items/10008239911-bulbasaur-evo-psa-10-card-set-jp,1628.45,PLN,PSA 10,229.95,106,-88.4,0.25,poza_zakresem_rabatu
2026-09-15T09:01:03+00:00,10008188021,Ohodnocená Pokémon karta Pansear (sv11W 099) PSA 10,https://www.vinted.pl/items/10008188021-ohodnocena-pokemon-karta-pansear-sv11w-099-psa-10,352.83,PLN,PSA 10,,,,,brak_ceny_referencyjnej
2026-09-15T09:01:03+00:00,10008150360,Ohodnocená Pokémon karta Espeon & Deoxys GX (smM 001) PSA 10,https://www.vinted.pl/items/10008150360-ohodnocena-pokemon-karta-espeon-deoxys-gx-smm-001-psa-10,633.29,PLN,PSA 10,,,,,brak_ceny_referencyjnej
2026-09-15T09:15:39+00:00,10008335926,Karta pokemon,https://www.vinted.pl/items/10008335926-karta-pokemon,1200.0,PLN,,,,,,brak_gradingu_w_tytule_ani_opisie
2026-09-15T09:30:49+00:00,10008481031,Ohodnocená Pokémon karta Whimsicott ex (sv11W 167) PSA 10,https://www.vinted.pl/items/10008481031-ohodnocena-pokemon-karta-whimsicott-ex-sv11w-167-psa-10,307.6,PLN,PSA 10,,,,,brak_ceny_referencyjnej
2026-09-15T10:45:37+00:00,10009132516,Charizard Expedition Reverse Holo PSA 7,https://www.vinted.pl/items/10009132516-charizard-expedition-reverse-holo-psa-7,1762.86,PLN,PSA 7,,,,,brak_ceny_referencyjnej
2026-09-15T10:45:38+00:00,10008835885,Psa hållare,https://www.vinted.pl/items/10008835885-psa-hallare,15.2,PLN,,,,,,brak_gradingu_w_tytule_ani_opisie
2026-09-15T11:15:35+00:00,10009620429,Pokémon Skarmory 1st Edition Neo Genesis 13/111 holo WOTC eng,https://www.vinted.pl/items/10009620429-pokemon-skarmory-1st-edition-neo-genesis-13111-holo-wotc-eng,280.0,PLN,,,,,,brak_gradingu_w_tytule_ani_opisie
2026-09-15T11:15:39+00:00,10009675199,Salamence ex (JTG 187) - Beckett 9.5,https://www.vinted.pl/items/10009675199-salamence-ex-jtg-187-beckett-95,1010.35,PLN,,,,,,brak_gradingu_w_tytule_ani_opisie
2026-09-15T11:30:50+00:00,10009807760,Cubone 0407/07 psa 9,https://www.vinted.pl/items/10009807760-cubone-040707-psa-9,1175.24,PLN,PSA 9,,,,,brak_ceny_referencyjnej
2026-09-15T11:30:50+00:00,10009764602,Brute Bonnet 207/182 - PSA 9 - Paradox Rift,https://www.vinted.pl/items/10009764602-brute-bonnet-207182-psa-9-paradox-rift,163.7,PLN,PSA 9,21.99,129,-98.0,1.00,poza_zakresem_rabatu
2026-09-15T11:45:34+00:00,10009948264,Pokémon 2002 Charizard Expedition PSA 8,https://www.vinted.pl/items/10009948264-pokemon-2002-charizard-expedition-psa-8,999.0,PLN,PSA 8,,,,,brak_ceny_referencyjnej
2026-09-15T11:45:35+00:00,10009877166,Cubone 50/64 1st edition - PSA8 - Jungle,https://www.vinted.pl/items/10009877166-cubone-5064-1st-edition-psa8-jungle,250.04,PLN,PSA 8,48.00,83,-38.6,0.67,poza_zakresem_rabatu
2026-09-15T11:45:35+00:00,10009838585,Ohodnocená Pokémon karta N's Zekrom (m2a 210) PSA 10,https://www.vinted.pl/items/10009838585-ohodnocena-pokemon-karta-ns-zekrom-m2a-210-psa-10,307.6,PLN,PSA 10,450.00,1,81.8,0.14,poza_zakresem_rabatu
2026-09-15T11:45:36+00:00,10009852434,Clefairy 094/088 - PSA10 - Perfect Order,https://www.vinted.pl/items/10009852434-clefairy-094088-psa10-perfect-order,543.04,PLN,PSA 10,167.51,590,13.8,1.00,wyslano_na_discord
2026-09-15T12:01:08+00:00,10010104621,Karta Pokemon TCG Clefairy m3 086 PSA10,https://www.vinted.pl/items/10010104621-karta-pokemon-tcg-clefairy-m3-086-psa10,450.0,PLN,PSA 10,,,,,brak_ceny_referencyjnej
2026-09-15T12:15:39+00:00,10010297328,Metang 094/086,https://www.vinted.pl/items/10010297328-metang-094086,65.89,PLN,PSA 10,90.00,25,80.5,0.25,poza_zakresem_rabatu
2026-09-15T12:15:41+00:00,10010274896,Claydol 092/086,https://www.vinted.pl/items/10010274896-claydol-092086,87.86,PLN,PSA 10,216.75,6,89.2,0.20,poza_zakresem_rabatu
2026-09-15T12:45:37+00:00,10010557945,Piplup Extended Art + Guard,https://www.vinted.pl/items/10010557945-piplup-extended-art-guard,35.0,PLN,PSA 10,,,,,brak_ceny_referencyjnej
2026-09-15T13:01:09+00:00,10010831502,Pokémon,https://www.vinted.pl/items/10010831502-pokemon,87.86,PLN,PSA 6,,,,,brak_ceny_referencyjnej
2026-09-15T13:01:11+00:00,10010769895,Karta pokemon oryginalna team Rocket Giovanni 225/182,https://www.vinted.pl/items/10010769895-karta-pokemon-oryginalna-team-rocket-giovanni-225182,59.71,PLN,PSA 10,,,,,brak_ceny_referencyjnej
2026-09-15T13:01:13+00:00,10010775223,Pokémon Guard till graderade kort,https://www.vinted.pl/items/10010775223-pokemon-guard-till-graderade-kort,9.74,PLN,,,,,,brak_gradingu_w_tytule_ani_opisie
2026-09-15T13:15:35+00:00,10010961611,Pokemon Archaludon Ex PSA 9,https://www.vinted.pl/items/10010961611-pokemon-archaludon-ex-psa-9,271.41,PLN,PSA 9,18.99,33,-280.2,1.00,poza_zakresem_rabatu
2026-09-15T13:15:39+00:00,10010973016,Pokemon Beckett 9.5 Tauros (CRI 096) Chaos Rising,https://www.vinted.pl/items/10010973016-pokemon-beckett-95-tauros-cri-096-chaos-rising,571.07,PLN,,,,,,brak_gradingu_w_tytule_ani_opisie
2026-09-15T13:30:56+00:00,10011067555,Chansey jap PSA,https://www.vinted.pl/items/10011067555-chansey-jap-psa,178.95,PLN,,,,,,brak_gradingu_w_tytule_ani_opisie
2026-09-15T13:30:57+00:00,10011059901,Vulpix jap PSA,https://www.vinted.pl/items/10011059901-vulpix-jap-psa,113.09,PLN,,,,,,brak_gradingu_w_tytule_ani_opisie
2026-09-15T13:30:59+00:00,10011050868,Haunter jap PSA,https://www.vinted.pl/items/10011050868-haunter-jap-psa,196.32,PLN,,,,,,brak_gradingu_w_tytule_ani_opisie
2026-09-15T13:45:38+00:00,10011222443,Akril,https://www.vinted.pl/items/10011222443-akril,285.53,PLN,,,,,,brak_gradingu_w_tytule_ani_opisie
2026-09-15T14:01:07+00:00,10011543932,Rayquaza,https://www.vinted.pl/items/10011543932-rayquaza,2350.48,PLN,BGS 9.5,,,,,brak_ceny_referencyjnej
2026-09-15T14:15:38+00:00,10011724039,Primal Groudon psa 6,https://www.vinted.pl/items/10011724039-primal-groudon-psa-6,852.05,PLN,PSA 6,246.25,14,8.0,1.00,wyslano_na_discord
2026-09-15T14:15:40+00:00,10011716535,Pokémon Dark Charizard Holo .006 ARS Authentic Grade,https://www.vinted.pl/items/10011716535-pokemon-dark-charizard-holo-006-ars-authentic-grade,1325.02,PLN,,,,,,brak_gradingu_w_tytule_ani_opisie
2026-09-15T14:15:41+00:00,10011698218,Gold Darkrai 120/084 Pitch Black,https://www.vinted.pl/items/10011698218-gold-darkrai-120084-pitch-black,881.43,PLN,,,,,,brak_gradingu_w_tytule_ani_opisie
2026-09-15T14:15:42+00:00,10011588614,Rocket’s Zapdos ex 106/109 – PSA 5,https://www.vinted.pl/items/10011588614-rockets-zapdos-ex-106109-psa-5,1469.05,PLN,PSA 5,318.50,2,-22.6,1.00,poza_zakresem_rabatu
2026-09-15T14:15:45+00:00,10011574714,Gengar 074/165 – Japanese 151,https://www.vinted.pl/items/10011574714-gengar-074165-japanese-151,587.03,PLN,PSA 10,205.00,44,23.9,0.07,wyslano_na_discord
2026-09-15T14:30:52+00:00,10011736966,Primal kyogre psa 6,https://www.vinted.pl/items/10011736966-primal-kyogre-psa-6,910.81,PLN,PSA 6,205.00,13,-18.1,1.00,poza_zakresem_rabatu
2026-09-15T14:45:38+00:00,10011926727,Ice Rider Calyrex VMAX 046/198 - Stamped Holiday Calender Sealed - Hyper Holo Rare - Pokémon Kort,https://www.vinted.pl/items/10011926727-ice-rider-calyrex-vmax-046198-stamped-holiday-calender-sealed-hyper-holo-rare-pokemon-kort,7.79,PLN,PSA 10,35.80,2,94.2,0.06,poza_zakresem_rabatu
2026-09-15T14:45:40+00:00,10011925705,Pokémon card,https://www.vinted.pl/items/10011925705-pokemon-card,5428.17,PLN,,,,,,brak_gradingu_w_tytule_ani_opisie
2026-09-15T14:45:43+00:00,10011940130,Pluto - Tried and True - 27/P2 Disney Lorcana Promo Cards - Hyper Holo Rare,https://www.vinted.pl/items/10011940130-pluto-tried-and-true-27p2-disney-lorcana-promo-cards-hyper-holo-rare,19.49,PLN,PSA 10,,,,,brak_ceny_referencyjnej
2026-09-15T14:45:45+00:00,10011944446,Aladdin - Vigilant Guard 29/P2 - Disney Lorcana Promo Cards,https://www.vinted.pl/items/10011944446-aladdin-vigilant-guard-29p2-disney-lorcana-promo-cards,4.29,PLN,PSA 10,,,,,brak_ceny_referencyjnej
2026-09-15T15:12:08+00:00,10012420047,Arceus & Dialga & Palkia Tag team GX,https://www.vinted.pl/items/10012420047-arceus-dialga-palkia-tag-team-gx,587.03,PLN,PSA 10,,,,,brak_ceny_referencyjnej
2026-09-15T15:15:37+00:00,10012447059,"Blastoise & piplup Gx BGS 9,5",https://www.vinted.pl/items/10012447059-blastoise-piplup-gx-bgs-95,528.86,PLN,"BGS 9,5",,,,,brak_ceny_referencyjnej
2026-09-15T15:15:37+00:00,10012431763,Ivysaur 167/165 – Pokémon 151 – BGS 9 Mint,https://www.vinted.pl/items/10012431763-ivysaur-167165-pokemon-151-bgs-9-mint,246.0,PLN,BGS 9,,,,,brak_ceny_referencyjnej
2026-09-15T15:30:53+00:00,10012632667,Rhydon H27/H32 Skyridge Holo,https://www.vinted.pl/items/10012632667-rhydon-h27h32-skyridge-holo,2039.04,PLN,,,,,,brak_gradingu_w_tytule_ani_opisie
2026-09-15T15:30:54+00:00,10012530605,Team Rocket’s Mimikyu 238/217 PSA 10 GEM MT,https://www.vinted.pl/items/10012530605-team-rockets-mimikyu-238217-psa-10-gem-mt,702.81,PLN,PSA 10,179.50,368,-4.1,0.75,poza_zakresem_rabatu
2026-09-15T15:45:39+00:00,10012779191,Pokemon Japanese VS: Rocket's Raikou #94 1st Edition,https://www.vinted.pl/items/10012779191-pokemon-japanese-vs-rockets-raikou-94-1st-edition,2338.73,PLN,PSA 8,,,,,brak_ceny_referencyjnej
2026-09-15T15:45:42+00:00,10012768597,Pokemon Japanese VS: Rocket's Suicune #96 1st Edition,https://www.vinted.pl/items/10012768597-pokemon-japanese-vs-rockets-suicune-96-1st-edition,2338.73,PLN,PSA 8,275.00,17,-126.1,0.09,poza_zakresem_rabatu
2026-09-15T15:45:43+00:00,10012757360,Pokemon Japanese VS: Rocket's Entei #95 1st Edition,https://www.vinted.pl/items/10012757360-pokemon-japanese-vs-rockets-entei-95-1st-edition,2285.84,PLN,PSA 8,32.50,8,-1770.0,0.11,poza_zakresem_rabatu
2026-09-15T15:45:43+00:00,10012740037,Karta Pokemon Wailord PSA 10 japoński,https://www.vinted.pl/items/10012740037-karta-pokemon-wailord-psa-10-japonski,279.0,PLN,PSA 10,,,,,brak_ceny_referencyjnej
2026-09-15T15:45:44+00:00,10012714776,Espeon 1/75 Neo Discovery PSA 4,https://www.vinted.pl/items/10012714776-espeon-175-neo-discovery-psa-4,863.8,PLN,PSA 4,149.99,11,-53.1,1.00,poza_zakresem_rabatu
2026-09-15T15:45:45+00:00,10012702931,Articuno H3/H32 Skyridge Holo,https://www.vinted.pl/items/10012702931-articuno-h3h32-skyridge-holo,2039.04,PLN,CGC 5.5,,,,,brak_ceny_referencyjnej
2026-09-15T15:45:47+00:00,10012671920,Pokemon Skyridge: Poliwrath Swirl #H24/H32,https://www.vinted.pl/items/10012671920-pokemon-skyridge-poliwrath-swirl-h24h32,1686.47,PLN,,,,,,brak_gradingu_w_tytule_ani_opisie
2026-09-15T15:45:51+00:00,10012843421,Salamence ex (JTG 187) - Beckett 9.5,https://www.vinted.pl/items/10012843421-salamence-ex-jtg-187-beckett-95,1005.96,PLN,,,,,,brak_gradingu_w_tytule_ani_opisie
2026-09-15T16:01:07+00:00,10012958059,Pikachu 160-159 illustration rare,https://www.vinted.pl/items/10012958059-pikachu-160-159-illustration-rare,131.79,PLN,PSA 9,63.00,591,44.4,0.16,poza_zakresem_rabatu
2026-09-15T16:30:56+00:00,10013280596,Zamazenta V karta pokemon tcg JPN,https://www.vinted.pl/items/10013280596-zamazenta-v-karta-pokemon-tcg-jpn,8.0,PLN,,,,,,brak_gradingu_w_tytule_ani_opisie
2026-09-15T16:30:58+00:00,10013213794,"Karta pokemon salazzle EX, 016/088 perfect order",https://www.vinted.pl/items/10013213794-karta-pokemon-salazzle-ex-016088-perfect-order,5.0,PLN,,,,,,brak_gradingu_w_tytule_ani_opisie
2026-09-15T16:30:59+00:00,10012860618,Zestaw 10 kart holo/reverse pokemon,https://www.vinted.pl/items/10012860618-zestaw-10-kart-holoreverse-pokemon,20.0,PLN,,,,,,brak_gradingu_w_tytule_ani_opisie
2026-09-15T16:31:02+00:00,10013428466,"Mewtwo special illustration rare Beckett 9,5",https://www.vinted.pl/items/10013428466-mewtwo-special-illustration-rare-beckett-95,2284.28,PLN,,,,,,brak_gradingu_w_tytule_ani_opisie
2026-09-15T16:45:40+00:00,10013579120,Solosis,https://www.vinted.pl/items/10013579120-solosis,263.57,PLN,PSA 10,,,,,brak_ceny_referencyjnej
2026-09-15T16:45:42+00:00,10013558842,"Zestaw 20 holo kart pokemon, bez powtórek",https://www.vinted.pl/items/10013558842-zestaw-20-holo-kart-pokemon-bez-powtorek,13.0,PLN,,,,,,brak_gradingu_w_tytule_ani_opisie
2026-09-15T16:45:44+00:00,10013540574,"Zestaw 20 holo kart pokemon, bez powtórek",https://www.vinted.pl/items/10013540574-zestaw-20-holo-kart-pokemon-bez-powtorek,15.0,PLN,,,,,,brak_gradingu_w_tytule_ani_opisie
2026-09-15T16:45:45+00:00,10013471342,"Zestaw 20 holo kart pokemon, bez powtórek",https://www.vinted.pl/items/10013471342-zestaw-20-holo-kart-pokemon-bez-powtorek,13.0,PLN,,,,,,brak_gradingu_w_tytule_ani_opisie
2026-09-15T16:45:49+00:00,10013620081,"Charizard Scarlet&violet ""151""special illustration rare Beckett-9",https://www.vinted.pl/items/10013620081-charizard-scarletviolet-151special-illustration-rare-beckett-9,2020.71,PLN,,,,,,brak_gradingu_w_tytule_ani_opisie
2026-09-15T16:45:50+00:00,10013579100,Piplup ohodnotene Beckett-10,https://www.vinted.pl/items/10013579100-piplup-ohodnotene-beckett-10,1010.35,PLN,,,,,,brak_gradingu_w_tytule_ani_opisie
2026-09-15T16:45:52+00:00,10013546404,Bulbasaur 30th vyrocie ohodnotena Beckett-10,https://www.vinted.pl/items/10013546404-bulbasaur-30th-vyrocie-ohodnotena-beckett-10,1142.14,PLN,,,,,,brak_gradingu_w_tytule_ani_opisie
2026-09-15T16:45:53+00:00,10013499833,"Mega Darkrai ex Beckett-9,5",https://www.vinted.pl/items/10013499833-mega-darkrai-ex-beckett-95,2196.42,PLN,,,,,,brak_gradingu_w_tytule_ani_opisie
2026-09-15T17:01:05+00:00,10013744820,Snorlax 2002 kort,https://www.vinted.pl/items/10013744820-snorlax-2002-kort,3819.53,PLN,,,,,,brak_gradingu_w_tytule_ani_opisie
2026-09-15T17:01:06+00:00,10013671394,Charizard X Ex special illistration rare psa-9,https://www.vinted.pl/items/10013671394-charizard-x-ex-special-illistration-rare-psa-9,3953.56,PLN,PSA 9,830.00,871,-26.6,0.50,poza_zakresem_rabatu
2026-09-15T17:01:07+00:00,10013727644,"Szelki guard dla dużego psa pikachu, Marka: Kendog, Stan: Bardzo dobry, Rozmiar: XXL, 120.00 zł, 128.90 zł",https://www.vinted.pl/items/10013727644-szelki-guard-dla-duzego-psa-pikachu,0.0,PLN,,,,,,brak_gradingu_w_tytule_ani_opisie
2026-09-15T17:15:35+00:00,10013939818,Pokémon Mew #32 (Hidden Fates) PSA 9,https://www.vinted.pl/items/10013939818-pokemon-mew-32-hidden-fates-psa-9,153.8,PLN,PSA 9,,,,,brak_ceny_referencyjnej
2026-09-15T17:30:52+00:00,10014101017,Genesect EX - 120/124 (PSA - 9),https://www.vinted.pl/items/10014101017-genesect-ex-120124-psa-9,452.35,PLN,PSA 9,51.00,22,-135.8,1.00,poza_zakresem_rabatu
2026-09-15T17:30:54+00:00,10014043975,Umbreon Vmax,https://www.vinted.pl/items/10014043975-umbreon-vmax,87.86,PLN,PSA 9,93.00,125,74.9,0.67,poza_zakresem_rabatu
2026-09-15T17:45:35+00:00,10014261407,Palkia G LV.X Psa 7,https://www.vinted.pl/items/10014261407-palkia-g-lvx-psa-7,587.62,PLN,PSA 7,182.50,7,14.4,0.75,wyslano_na_discord
2026-09-15T18:01:06+00:00,10014433436,Pikachu  057/217 bgs 10,https://www.vinted.pl/items/10014433436-pikachu-057217-bgs-10,1229.99,PLN,BGS 10,399.99,1,18.2,1.00,wyslano_na_discord
2026-09-15T18:01:07+00:00,10014425466,Umbreon Beckett 9.5,https://www.vinted.pl/items/10014425466-umbreon-beckett-95,2300.0,PLN,,,,,,brak_gradingu_w_tytule_ani_opisie
2026-09-15T18:15:35+00:00,10014732205,Altaria #194/172 PSA 10 GM,https://www.vinted.pl/items/10014732205-altaria-194172-psa-10-gm,219.64,PLN,PSA 10,,,,,brak_ceny_referencyjnej
2026-09-15T18:15:35+00:00,10014685880,Vaporeon V PSA 9 Japońska karta Pokemon,https://www.vinted.pl/items/10014685880-vaporeon-v-psa-9-japonska-karta-pokemon,129.0,PLN,PSA 9,,,,,brak_ceny_referencyjnej
2026-09-15T18:30:56+00:00,10014907320,Kids bundle (Starter pack),https://www.vinted.pl/items/10014907320-kids-bundle-starter-pack,11.75,PLN,PSA 10,,,,,brak_ceny_referencyjnej
2026-09-15T18:30:57+00:00,10014893731,Mega Slowbro ex,https://www.vinted.pl/items/10014893731-mega-slowbro-ex,48.05,PLN,PSA 9,,,,,brak_ceny_referencyjnej
2026-09-15T18:31:00+00:00,10014869878,Mega Chandelure ex,https://www.vinted.pl/items/10014869878-mega-chandelure-ex,120.12,PLN,PSA 9,66.50,2,52.0,0.30,poza_zakresem_rabatu
2026-09-15T19:01:04+00:00,10015291099,Mega Gardevoir PSA 10,https://www.vinted.pl/items/10015291099-mega-gardevoir-psa-10,450.0,PLN,PSA 10,650.00,194,81.6,1.00,poza_zakresem_rabatu
2026-09-15T19:01:04+00:00,10015221659,Mega Gardevoir promo PSA 9,https://www.vinted.pl/items/10015221659-mega-gardevoir-promo-psa-9,210.0,PLN,PSA 9,20.01,179,-179.0,1.00,poza_zakresem_rabatu
2026-09-15T19:01:05+00:00,10015214671,Solosis,https://www.vinted.pl/items/10015214671-solosis,263.57,PLN,PSA 10,,,,,brak_ceny_referencyjnej
2026-09-15T19:15:36+00:00,10015358908,Mega Gardevoir PSA 10,https://www.vinted.pl/items/10015358908-mega-gardevoir-psa-10,400.0,PLN,PSA 10,650.00,194,83.6,1.00,poza_zakresem_rabatu
2026-09-15T19:15:37+00:00,9942713240,Zestaw Pokemon Colourpop,https://www.vinted.pl/items/9942713240-zestaw-pokemon-colourpop,50.0,PLN,,,,,,brak_gradingu_w_tytule_ani_opisie
2026-09-15T19:30:54+00:00,10015644730,Pokémon Mew ex SSR #327/190 – PSA 10 (Shiny Treasure ex),https://www.vinted.pl/items/10015644730-pokemon-mew-ex-ssr-327190-psa-10-shiny-treasure-ex,1317.85,PLN,PSA 10,,,,,brak_ceny_referencyjnej
2026-09-15T19:30:57+00:00,10015620860,Froakie 088/086,https://www.vinted.pl/items/10015620860-froakie-088086,47.01,PLN,PSA 10,,,,,brak_ceny_referencyjnej
2026-09-15T19:30:58+00:00,10015616048,Pokemon Turtwig Japanese 206/172 PSA 10,https://www.vinted.pl/items/10015616048-pokemon-turtwig-japanese-206172-psa-10,417.73,PLN,PSA 10,153.75,39,27.8,0.25,wyslano_na_discord
2026-09-15T19:30:58+00:00,10015559220,Snorlax #077/071 - PSA 10,https://www.vinted.pl/items/10015559220-snorlax-077071-psa-10,411.33,PLN,PSA 10,1000.00,1,89.1,0.67,poza_zakresem_rabatu
2026-09-15T19:31:00+00:00,10015552684,Karty energii do gry pokemon tcg,https://www.vinted.pl/items/10015552684-karty-energii-do-gry-pokemon-tcg,15.0,PLN,,,,,,brak_gradingu_w_tytule_ani_opisie
2026-09-15T19:31:01+00:00,10015501749,Gengar ex 047/071 - PSA 10,https://www.vinted.pl/items/10015501749-gengar-ex-047071-psa-10,293.81,PLN,PSA 10,5999.00,9,98.7,0.50,poza_zakresem_rabatu
2026-09-15T19:45:38+00:00,10015818074,Mewtwo Mew GX 052/173 sm12a bgs 9.5,https://www.vinted.pl/items/10015818074-mewtwo-mew-gx-052173-sm12a-bgs-95,822.67,PLN,BGS 9.5,1400.00,9,84.4,0.50,poza_zakresem_rabatu
2026-09-15T20:01:01+00:00,10015928728,Pokémon Charmander Topps Holo PSA 8,https://www.vinted.pl/items/10015928728-pokemon-charmander-topps-holo-psa-8,292.28,PLN,PSA 8,,,,,brak_ceny_referencyjnej
2026-09-15T20:01:01+00:00,10015878223,Mew Black Star Promo PSA 8,https://www.vinted.pl/items/10015878223-mew-black-star-promo-psa-8,852.05,PLN,PSA 8,,,,,brak_ceny_referencyjnej
2026-09-15T20:01:04+00:00,10015834261,Gengar Mimikuy GX 38/95 bgs 9.5,https://www.vinted.pl/items/10015834261-gengar-mimikuy-gx-3895-bgs-95,822.67,PLN,BGS 9.5,650.00,2,66.3,0.40,poza_zakresem_rabatu
2026-09-15T20:45:38+00:00,10016354349,Pokemon Clefairy PSA Low Pop 45! Vintage,https://www.vinted.pl/items/10016354349-pokemon-clefairy-psa-low-pop-45-vintage,1527.22,PLN,,,,,,brak_gradingu_w_tytule_ani_opisie
2026-09-15T20:45:38+00:00,10016341688,Bellibolt PSA 10 Japani suojalla eli Guard,https://www.vinted.pl/items/10016341688-bellibolt-psa-10-japani-suojalla-eli-guard,395.36,PLN,PSA 10,,,,,brak_ceny_referencyjnej
2026-09-15T20:45:39+00:00,10016306114,2023 Pokemon SV2a JP Pikachu art rare PSA 10,https://www.vinted.pl/items/10016306114-2023-pokemon-sv2a-jp-pikachu-art-rare-psa-10,658.93,PLN,PSA 10,329.50,207,46.8,0.20,poza_zakresem_rabatu
2026-09-15T21:01:05+00:00,10016436841,Karta pokemon whimsicott v star rainbow,https://www.vinted.pl/items/10016436841-karta-pokemon-whimsicott-v-star-rainbow,600.0,PLN,PSA 10,,,,,brak_ceny_referencyjnej
2026-09-15T21:30:49+00:00,10016703478,Karta pokemon Hop' Zacian ex JTG 186 BGS 9.5,https://www.vinted.pl/items/10016703478-karta-pokemon-hop-zacian-ex-jtg-186-bgs-95,550.0,PLN,BGS 9.5,,,,,brak_ceny_referencyjnej
2026-09-15T21:45:39+00:00,10016776686,Yvetal Holo 088/132 - ME01 Stamped Promo - Pokémon Mega Evolution (Sealed),https://www.vinted.pl/items/10016776686-yvetal-holo-088132-me01-stamped-promo-pokemon-mega-evolution-sealed,19.49,PLN,PSA 10,810.00,332,99.4,0.04,poza_zakresem_rabatu
2026-09-15T21:45:39+00:00,10016774464,Karta pokemon Charizard ex sv3 134 PSA 10,https://www.vinted.pl/items/10016774464-karta-pokemon-charizard-ex-sv3-134-psa-10,2300.0,PLN,PSA 10,39500.00,8,98.5,0.50,poza_zakresem_rabatu
2026-09-15T21:45:39+00:00,10016768450,Karta pokemon Charizard ex sv4a 349 PSA 10,https://www.vinted.pl/items/10016768450-karta-pokemon-charizard-ex-sv4a-349-psa-10,2300.0,PLN,PSA 10,39500.00,8,98.5,0.50,poza_zakresem_rabatu
2026-09-15T21:45:40+00:00,10016758784,Karta Pokémon – Prismatic Evolutions – 162/131 – Roaring Moon ex,https://www.vinted.pl/items/10016758784-karta-pokemon-prismatic-evolutions-162131-roaring-moon-ex,1029.0,PLN,,,,,,brak_gradingu_w_tytule_ani_opisie
2026-09-15T22:01:03+00:00,10016821035,Snorlax #077/071 - PSA 10,https://www.vinted.pl/items/10016821035-snorlax-077071-psa-10,411.33,PLN,PSA 10,1000.00,1,89.1,0.67,poza_zakresem_rabatu
2026-09-16T01:15:33+00:00,10016732205,Karta pokemon Glaceon Vstar CRZ GG40 BGS 9.5,https://www.vinted.pl/items/10016732205-karta-pokemon-glaceon-vstar-crz-gg40-bgs-95,650.0,PLN,BGS 9.5,,,,,brak_ceny_referencyjnej
2026-09-16T06:30:48+00:00,10018231256,Oricorio MEP 024  (PSA 8),https://www.vinted.pl/items/10018231256-oricorio-mep-024-psa-8,451.94,PLN,PSA 8,14.99,106,-701.6,0.33,poza_zakresem_rabatu
2026-09-16T06:30:48+00:00,10018195226,Charmander MEW 168 (PSA 8),https://www.vinted.pl/items/10018195226-charmander-mew-168-psa-8,940.04,PLN,PSA 8,55.00,90,-354.4,0.67,poza_zakresem_rabatu
2026-09-16T06:45:36+00:00,10018298244,Mimikyu SVP 075 (PSA 9),https://www.vinted.pl/items/10018298244-mimikyu-svp-075-psa-9,451.94,PLN,PSA 9,64.12,62,-87.4,0.33,poza_zakresem_rabatu
2026-09-16T06:45:36+00:00,10018290398,Mega Charizard X ex MEP 023 (PSA 9),https://www.vinted.pl/items/10018290398-mega-charizard-x-ex-mep-023-psa-9,686.95,PLN,PSA 9,435.00,510,58.0,0.67,poza_zakresem_rabatu
2026-09-16T06:45:36+00:00,10018270390,Emcee’s hype DRI 220 (PSA 10),https://www.vinted.pl/items/10018270390-emcees-hype-dri-220-psa-10,361.55,PLN,PSA 10,41.00,67,-134.5,0.80,poza_zakresem_rabatu
2026-09-16T06:45:37+00:00,10018261364,Snorlax SVP 051 (PSA 6),https://www.vinted.pl/items/10018261364-snorlax-svp-051-psa-6,216.93,PLN,PSA 6,34.99,11,-64.8,0.33,poza_zakresem_rabatu
2026-09-16T06:45:37+00:00,10018241140,Psyduck MEP 007 (PSA 9),https://www.vinted.pl/items/10018241140-psyduck-mep-007-psa-9,632.72,PLN,PSA 9,36.00,8,-367.3,0.33,poza_zakresem_rabatu
2026-09-16T08:15:41+00:00,10018829130,Salamence ex (JTG 187) - Beckett 9.5,https://www.vinted.pl/items/10018829130-salamence-ex-jtg-187-beckett-95,962.14,PLN,,,,,,brak_gradingu_w_tytule_ani_opisie
2026-09-16T08:45:33+00:00,10019170955,PSA Slab Wigglytuff Inferno X PSA 9 #091 JP,https://www.vinted.pl/items/10019170955-psa-slab-wigglytuff-inferno-x-psa-9-091-jp,200.0,PLN,PSA 9,18.50,23,-187.4,0.20,poza_zakresem_rabatu
2026-09-16T08:45:36+00:00,10019137792,Beckett’s Slab Articuno BGS 9.5 Battle Partners JP,https://www.vinted.pl/items/10019137792-becketts-slab-articuno-bgs-95-battle-partners-jp,300.0,PLN,BGS 9.5,,,,,brak_ceny_referencyjnej
2026-09-16T08:45:36+00:00,10019094301,Beckett’s Slab Zacian Vivid Voltage BGS 9 #82 EN,https://www.vinted.pl/items/10019094301-becketts-slab-zacian-vivid-voltage-bgs-9-82-en,120.0,PLN,BGS 9,,,,,brak_ceny_referencyjnej
2026-09-16T08:45:36+00:00,10019078270,Beckett’s Slab Celebi Vivid Voltage BGS 9 EN #6,https://www.vinted.pl/items/10019078270-becketts-slab-celebi-vivid-voltage-bgs-9-en-6,120.0,PLN,BGS 9,,,,,brak_ceny_referencyjnej
2026-09-16T08:45:37+00:00,10019055598,Beckett’s Slab 9.5 Yveltal Sword and Shield #117 JP,https://www.vinted.pl/items/10019055598-becketts-slab-95-yveltal-sword-and-shield-117-jp,120.0,PLN,,,,,,brak_gradingu_w_tytule_ani_opisie
2026-09-16T09:01:00+00:00,10019286429,Pokémon Card,https://www.vinted.pl/items/10019286429-pokemon-card,253.09,PLN,PSA 10,,,,,brak_ceny_referencyjnej
2026-09-16T09:01:01+00:00,10019262912,Pokémon Card cresselia,https://www.vinted.pl/items/10019262912-pokemon-card-cresselia,560.41,PLN,PSA 10,,,,,brak_ceny_referencyjnej
2026-09-16T09:01:02+00:00,10019217502,PSA 9 Nymble Phantasmal Flames #096 EN,https://www.vinted.pl/items/10019217502-psa-9-nymble-phantasmal-flames-096-en,180.0,PLN,PSA 9,16.59,38,-188.6,0.60,poza_zakresem_rabatu
2026-09-16T09:01:02+00:00,10019193671,PSA 9 Gumshoos Mega Evolution #153 EN,https://www.vinted.pl/items/10019193671-psa-9-gumshoos-mega-evolution-153-en,180.0,PLN,PSA 9,17.75,146,-169.6,0.80,poza_zakresem_rabatu
2026-09-16T09:15:32+00:00,10019431695,Charizard X ex PSA-9,https://www.vinted.pl/items/10019431695-charizard-x-ex-psa-9,3866.14,PLN,PSA 9,500.00,104,-105.6,1.00,poza_zakresem_rabatu
2026-09-16T09:15:35+00:00,10019362832,Gradovana pokemon karta,https://www.vinted.pl/items/10019362832-gradovana-pokemon-karta,87.87,PLN,,,,,,brak_gradingu_w_tytule_ani_opisie
2026-09-16T10:01:02+00:00,10019967450,Pokemon Charmander crystal guardians stamp,https://www.vinted.pl/items/10019967450-pokemon-charmander-crystal-guardians-stamp,131.8,PLN,,,,,,brak_gradingu_w_tytule_ani_opisie
2026-09-16T10:01:03+00:00,10019951347,Pokémon Chimecho Illustration Rare – PSA 10,https://www.vinted.pl/items/10019951347-pokemon-chimecho-illustration-rare-psa-10,467.19,PLN,PSA 10,,,,,brak_ceny_referencyjnej
2026-09-16T10:01:04+00:00,10019949587,Pokemon Arceus AR3 Holo,https://www.vinted.pl/items/10019949587-pokemon-arceus-ar3-holo,109.83,PLN,,,,,,brak_gradingu_w_tytule_ani_opisie
2026-09-16T10:13:26+00:00,10020083205,Pokemon Challenger lotti,https://www.vinted.pl/items/10020083205-pokemon-challenger-lotti,74.69,PLN,,,,,,brak_gradingu_w_tytule_ani_opisie
2026-09-16T10:13:29+00:00,10020068791,Mega Charizard X ex #125,https://www.vinted.pl/items/10020068791-mega-charizard-x-ex-125,4806.72,PLN,PSA 10,2150.00,1946,40.6,0.19,poza_zakresem_rabatu
2026-09-16T10:13:30+00:00,10020067527,Pokemon spidops,https://www.vinted.pl/items/10020067527-pokemon-spidops,17.57,PLN,,,,,,brak_gradingu_w_tytule_ani_opisie
2026-09-16T10:13:32+00:00,10020054201,Pokemon spiritomb,https://www.vinted.pl/items/10020054201-pokemon-spiritomb,17.57,PLN,,,,,,brak_gradingu_w_tytule_ani_opisie
2026-09-16T10:13:33+00:00,10020028980,Mew Vmax 30th Celebrations !,https://www.vinted.pl/items/10020028980-mew-vmax-30th-celebrations,1807.77,PLN,PSA 10,,,,,brak_ceny_referencyjnej
2026-09-16T10:13:35+00:00,10020019188,Whitney pokemon card 2018,https://www.vinted.pl/items/10020019188-whitney-pokemon-card-2018,2.25,PLN,PSA 10,,,,,brak_ceny_referencyjnej
2026-09-16T10:13:36+00:00,10020017747,Pokemon Rampardos lv. 48 holo,https://www.vinted.pl/items/10020017747-pokemon-rampardos-lv-48-holo,52.72,PLN,,,,,,brak_gradingu_w_tytule_ani_opisie
2026-09-16T10:13:38+00:00,10020013120,Charizard 30th Celebrations !,https://www.vinted.pl/items/10020013120-charizard-30th-celebrations,1084.66,PLN,,,,,,brak_gradingu_w_tytule_ani_opisie
2026-09-16T10:13:39+00:00,10020007924,Pokemon Dialga lv. 68 holo,https://www.vinted.pl/items/10020007924-pokemon-dialga-lv-68-holo,65.9,PLN,,,,,,brak_gradingu_w_tytule_ani_opisie
2026-09-16T10:13:41+00:00,10019984327,Pokemon Crystal Guardians lotti,https://www.vinted.pl/items/10019984327-pokemon-crystal-guardians-lotti,131.8,PLN,,,,,,brak_gradingu_w_tytule_ani_opisie
2026-09-16T10:31:01+00:00,10020179784,Charizard ex #199,https://www.vinted.pl/items/10020179784-charizard-ex-199,5768.07,PLN,BGS 9.5,738.00,37,-107.8,0.10,poza_zakresem_rabatu
2026-09-16T10:31:03+00:00,10020136300,Mega Darkrai ex #116,https://www.vinted.pl/items/10020136300-mega-darkrai-ex-116,1081.51,PLN,PSA 10,1593.00,16,81.9,0.12,poza_zakresem_rabatu
2026-09-16T10:45:35+00:00,10020382370,1999Pokemon Game Caterpie 1st edition PSA 8,https://www.vinted.pl/items/10020382370-1999pokemon-game-caterpie-1st-edition-psa-8,506.18,PLN,PSA 8,,,,,brak_ceny_referencyjnej
2026-09-16T11:00:59+00:00,10020604700,Pokémon Mega Charizard X ex – Phantasmal Flames – PSA 10 Gem Mint,https://www.vinted.pl/items/10020604700-pokemon-mega-charizard-x-ex-phantasmal-flames-psa-10-gem-mint,6758.5,PLN,PSA 10,,,,,brak_ceny_referencyjnej
2026-09-16T11:15:55+00:00,10020740101,Gardevoir 6/113 Holo - EX Delta Species 2005 Pokemonkort,https://www.vinted.pl/items/10020740101-gardevoir-6113-holo-ex-delta-species-2005-pokemonkort,155.34,PLN,,,,,,brak_gradingu_w_tytule_ani_opisie
2026-09-16T11:15:56+00:00,10020726677,Tyranitar (1st Edition) 31/75 - Neo Discovery WOTC 2001 Pokemonkort,https://www.vinted.pl/items/10020726677-tyranitar-1st-edition-3175-neo-discovery-wotc-2001-pokemonkort,388.94,PLN,,,,,,brak_gradingu_w_tytule_ani_opisie
2026-09-16T11:15:57+00:00,10020698090,Water Energy 231/198 Secret Rare - Chilling Reign Pokémon Sword & Shield,https://www.vinted.pl/items/10020698090-water-energy-231198-secret-rare-chilling-reign-pokemon-sword-shield,77.48,PLN,,,,,,brak_gradingu_w_tytule_ani_opisie
2026-09-16T11:15:59+00:00,10020678481,Pawmi 040 Cosmos Holo Promo - Pokémon Scarlet & Violet,https://www.vinted.pl/items/10020678481-pawmi-040-cosmos-holo-promo-pokemon-scarlet-violet,7.4,PLN,,,,,,brak_gradingu_w_tytule_ani_opisie
2026-09-16T11:16:00+00:00,10020663179,Aegislash EX 135/182 - Paradox Rift Pokémon Scarlet & Violet,https://www.vinted.pl/items/10020663179-aegislash-ex-135182-paradox-rift-pokemon-scarlet-violet,7.4,PLN,,,,,,brak_gradingu_w_tytule_ani_opisie
2026-09-16T11:16:02+00:00,10020644822,Doublade 132/182 Cosmos Holo - Paradox Rift Pokémon Scarlet & Violet,https://www.vinted.pl/items/10020644822-doublade-132182-cosmos-holo-paradox-rift-pokemon-scarlet-violet,65.8,PLN,,,,,,brak_gradingu_w_tytule_ani_opisie
2026-09-16T11:16:03+00:00,10020632322,Honedge 131/182 Cosmos Holo - Paradox Rift Pokémon Scarlet & Violet,https://www.vinted.pl/items/10020632322-honedge-131182-cosmos-holo-paradox-rift-pokemon-scarlet-violet,65.8,PLN,,,,,,brak_gradingu_w_tytule_ani_opisie
2026-09-16T11:30:52+00:00,10020864276,Cleffa 113/109 AR - Ruler of the Black Flame Japanese Pokémon Scarlet & Violet,https://www.vinted.pl/items/10020864276-cleffa-113109-ar-ruler-of-the-black-flame-japanese-pokemon-scarlet-violet,116.41,PLN,,,,,,brak_gradingu_w_tytule_ani_opisie
2026-09-16T11:30:53+00:00,10020840630,Rainbow Energy Holo - Pokémon Japanese VS Series WOTC 2001,https://www.vinted.pl/items/10020840630-rainbow-energy-holo-pokemon-japanese-vs-series-wotc-2001,96.94,PLN,,,,,,brak_gradingu_w_tytule_ani_opisie
2026-09-16T11:30:54+00:00,10020825435,PSA 10 Gardevoir JP,https://www.vinted.pl/items/10020825435-psa-10-gardevoir-jp,866.85,PLN,PSA 10,205.00,2,-12.4,1.00,poza_zakresem_rabatu
2026-09-16T11:30:56+00:00,10020794532,Eevee #173 Promo (Sealed) - Pristmatic Evolutions ETB Pokémon Scarlet & Violet,https://www.vinted.pl/items/10020794532-eevee-173-promo-sealed-pristmatic-evolutions-etb-pokemon-scarlet-violet,135.87,PLN,,,,,,brak_gradingu_w_tytule_ani_opisie
2026-09-16T11:30:57+00:00,10020771931,Feraligatr 2/101 Holo - EX Dragon Frontiers 2006 Pokemonkort,https://www.vinted.pl/items/10020771931-feraligatr-2101-holo-ex-dragon-frontiers-2006-pokemonkort,100.84,PLN,,,,,,brak_gradingu_w_tytule_ani_opisie
2026-09-16T11:45:34+00:00,10021032491,Drowzee PSA 9 210/198,https://www.vinted.pl/items/10021032491-drowzee-psa-9-210198,571.13,PLN,PSA 9,55.00,159,-176.1,1.00,poza_zakresem_rabatu
2026-09-16T11:45:36+00:00,10020970789,Turtwig 040 MEP First Partner,https://www.vinted.pl/items/10020970789-turtwig-040-mep-first-partner,28.56,PLN,,,,,,brak_gradingu_w_tytule_ani_opisie
2026-09-16T12:01:05+00:00,10021271052,red rgb mew pokemon new,https://www.vinted.pl/items/10021271052-red-rgb-mew-pokemon-new,12000.0,PLN,PSA 10,,,,,brak_ceny_referencyjnej
2026-09-16T12:01:05+00:00,10021212978,Mega Charizard X ex - PSA 9,https://www.vinted.pl/items/10021212978-mega-charizard-x-ex-psa-9,3295.01,PLN,PSA 9,435.00,510,-101.4,1.00,poza_zakresem_rabatu
2026-09-16T12:01:07+00:00,10021109531,Team Rocket´s Mewtwo,https://www.vinted.pl/items/10021109531-team-rockets-mewtwo,723.11,PLN,PSA 10,148.25,2,-29.7,1.00,poza_zakresem_rabatu
2026-09-16T12:15:45+00:00,10021437263,M Gardevoir EX 106/160 - Pokémon Primal Clash,https://www.vinted.pl/items/10021437263-m-gardevoir-ex-106160-pokemon-primal-clash,46.33,PLN,PSA 10,1000.00,1,98.8,0.07,poza_zakresem_rabatu
2026-09-16T12:15:47+00:00,10021415890,Charizard EX 11/106 - Pokémon Flashfire,https://www.vinted.pl/items/10021415890-charizard-ex-11106-pokemon-flashfire,36.99,PLN,PSA 10,202.50,101,95.1,0.06,poza_zakresem_rabatu
2026-09-16T12:15:49+00:00,10021360816,M Gardevoir EX 79/114 - Pokémon Steam Siege,https://www.vinted.pl/items/10021360816-m-gardevoir-ex-79114-pokemon-steam-siege,50.22,PLN,PSA 10,179.99,104,92.6,0.07,poza_zakresem_rabatu
2026-09-16T12:15:51+00:00,10017289984,Rayquaza Vmax (SIT TG20) Silver Tempest,https://www.vinted.pl/items/10017289984-rayquaza-vmax-sit-tg20-silver-tempest,650.0,PLN,PSA 10,,,,,brak_ceny_referencyjnej
2026-09-16T12:30:52+00:00,10021597309,Pokemon Wailord AR PSA 10,https://www.vinted.pl/items/10021597309-pokemon-wailord-ar-psa-10,239.0,PLN,PSA 10,4048.58,75,98.4,0.50,poza_zakresem_rabatu
2026-09-16T12:30:54+00:00,10021469577,M Charizard EX 108/106 - Pokémon Flashfire,https://www.vinted.pl/items/10021469577-m-charizard-ex-108106-pokemon-flashfire,776.7,PLN,PSA 10,14999.99,5,98.6,0.08,poza_zakresem_rabatu
2026-09-16T12:45:37+00:00,10021800147,Iono’s Wattrel PSA 10,https://www.vinted.pl/items/10021800147-ionos-wattrel-psa-10,239.0,PLN,PSA 10,62.00,144,-2.5,1.00,poza_zakresem_rabatu
2026-09-16T12:45:37+00:00,10021767635,Mew Celebrations PSA 9,https://www.vinted.pl/items/10021767635-mew-celebrations-psa-9,220.0,PLN,PSA 9,34.97,328,-67.3,1.00,poza_zakresem_rabatu
2026-09-16T12:45:37+00:00,10021646797,Pokemon Eevee GX PSA9,https://www.vinted.pl/items/10021646797-pokemon-eevee-gx-psa9,1142.27,PLN,PSA 9,44.49,54,-582.6,1.00,poza_zakresem_rabatu
2026-09-16T12:45:38+00:00,10021635288,Pokemon Alakazam EX 125 Fates Collide PSA9,https://www.vinted.pl/items/10021635288-pokemon-alakazam-ex-125-fates-collide-psa9,1977.01,PLN,PSA 9,510.50,91,-3.0,1.00,poza_zakresem_rabatu
2026-09-16T13:01:04+00:00,10021854753,Glaceon Vmax PSA 10,https://www.vinted.pl/items/10021854753-glaceon-vmax-psa-10,245.0,PLN,PSA 10,574.99,323,88.7,1.00,poza_zakresem_rabatu
2026-09-16T13:15:34+00:00,10022146387,"Pokémon - Alcremie Vmax (CPA 23) - PSA 10, mint",https://www.vinted.pl/items/10022146387-pokemon-alcremie-vmax-cpa-23-psa-10-mint,285.57,PLN,PSA 10,,,,,brak_ceny_referencyjnej
2026-09-16T13:15:34+00:00,10022101881,Wartortle Masterball Reverse PSA 10,https://www.vinted.pl/items/10022101881-wartortle-masterball-reverse-psa-10,400.0,PLN,PSA 10,,,,,brak_ceny_referencyjnej
2026-09-16T13:30:53+00:00,10022364083,Whimsicott 008/131 Master Ball - Prismatic Evolutions Pokémon Scarlet & Violet,https://www.vinted.pl/items/10022364083-whimsicott-008131-master-ball-prismatic-evolutions-pokemon-scarlet-violet,54.12,PLN,,,,,,brak_gradingu_w_tytule_ani_opisie
2026-09-16T13:30:54+00:00,10022339899,Spritzee 038/131 Poké Ball - Prismatic Evolutions Pokémon Scarlet & Violet,https://www.vinted.pl/items/10022339899-spritzee-038131-poke-ball-prismatic-evolutions-pokemon-scarlet-violet,4.67,PLN,,,,,,brak_gradingu_w_tytule_ani_opisie
2026-09-16T13:30:56+00:00,10022323631,Duraludon 069/131 Poké Ball - Prismatic Evolutions Pokémon Scarlet & Violet,https://www.vinted.pl/items/10022323631-duraludon-069131-poke-ball-prismatic-evolutions-pokemon-scarlet-violet,5.84,PLN,,,,,,brak_gradingu_w_tytule_ani_opisie
2026-09-16T13:30:57+00:00,10022305707,Dudunsparce 069/131 Poké Ball - Prismatic Evolutions Pokémon Scarlet & Violet,https://www.vinted.pl/items/10022305707-dudunsparce-069131-poke-ball-prismatic-evolutions-pokemon-scarlet-violet,5.84,PLN,,,,,,brak_gradingu_w_tytule_ani_opisie
2026-09-16T13:30:59+00:00,10022286775,Noibat 090/131 Poké Ball - Prismatic Evolutions Pokémon Scarlet & Violet,https://www.vinted.pl/items/10022286775-noibat-090131-poke-ball-prismatic-evolutions-pokemon-scarlet-violet,4.67,PLN,,,,,,brak_gradingu_w_tytule_ani_opisie
2026-09-16T13:31:01+00:00,10022272335,Carmine 103/131 Poké Ball - Prismatic Evolutions Pokémon Scarlet & Violet,https://www.vinted.pl/items/10022272335-carmine-103131-poke-ball-prismatic-evolutions-pokemon-scarlet-violet,4.67,PLN,,,,,,brak_gradingu_w_tytule_ani_opisie
2026-09-16T13:31:01+00:00,10022257325,Magmar ex PSA 7,https://www.vinted.pl/items/10022257325-magmar-ex-psa-7,584.76,PLN,PSA 7,125.00,3,-24.4,0.50,poza_zakresem_rabatu
2026-09-16T13:31:01+00:00,10022250771,Entei ex PSA 5,https://www.vinted.pl/items/10022250771-entei-ex-psa-5,1409.88,PLN,PSA 5,326.25,2,-14.9,1.00,poza_zakresem_rabatu
2026-09-16T13:31:03+00:00,10022254767,Kieran 113/131 Poké Ball - Prismatic Evolutions Pokémon Scarlet & Violet,https://www.vinted.pl/items/10022254767-kieran-113131-poke-ball-prismatic-evolutions-pokemon-scarlet-violet,4.67,PLN,,,,,,brak_gradingu_w_tytule_ani_opisie
2026-09-16T13:31:04+00:00,10022214375,Pokémon - Alcremie Vmax (Secret Rare) - Shining Fates - PSA 10,https://www.vinted.pl/items/10022214375-pokemon-alcremie-vmax-secret-rare-shining-fates-psa-10,285.57,PLN,PSA 10,,,,,brak_ceny_referencyjnej
2026-09-16T13:45:38+00:00,10022479663,Pokemon: Eevee #116 Holo showkort 30th anniverasry,https://www.vinted.pl/items/10022479663-pokemon-eevee-116-holo-showkort-30th-anniverasry,19.08,PLN,,,,,,brak_gradingu_w_tytule_ani_opisie
2026-09-16T13:45:39+00:00,10022513298,Umbreon 059/131 Holo - Prismatic Evolutions Pokémon Scarlet & Violet,https://www.vinted.pl/items/10022513298-umbreon-059131-holo-prismatic-evolutions-pokemon-scarlet-violet,5.84,PLN,,,,,,brak_gradingu_w_tytule_ani_opisie
2026-09-16T13:45:41+00:00,10022478292,Sylveon 040/131 Holo - Prismatic Evolutions Pokémon Scarlet & Violet,https://www.vinted.pl/items/10022478292-sylveon-040131-holo-prismatic-evolutions-pokemon-scarlet-violet,5.84,PLN,,,,,,brak_gradingu_w_tytule_ani_opisie
2026-09-16T13:45:42+00:00,10022449365,Pokemon: Umbreon Holo/Energie Holo flera - 30th anniversary,https://www.vinted.pl/items/10022449365-pokemon-umbreon-holoenergie-holo-flera-30th-anniversary,38.54,PLN,,,,,,brak_gradingu_w_tytule_ani_opisie
2026-09-16T13:45:44+00:00,10022459373,Vaporeon 022/131 Holo - Prismatic Evolutions Pokémon Scarlet & Violet,https://www.vinted.pl/items/10022459373-vaporeon-022131-holo-prismatic-evolutions-pokemon-scarlet-violet,5.84,PLN,,,,,,brak_gradingu_w_tytule_ani_opisie
2026-09-16T13:45:47+00:00,10022448620,Charizard jp,https://www.vinted.pl/items/10022448620-charizard-jp,1801.27,PLN,PSA 9,61.99,30,-672.6,0.50,poza_zakresem_rabatu
2026-09-16T13:45:48+00:00,10022444597,Glaceon 025/131 Reverse Holo - Prismatic Evolutions Pokémon Scarlet & Violet,https://www.vinted.pl/items/10022444597-glaceon-025131-reverse-holo-prismatic-evolutions-pokemon-scarlet-violet,5.84,PLN,,,,,,brak_gradingu_w_tytule_ani_opisie
2026-09-16T13:45:50+00:00,10022430704,Sylveon 040/131 Reverse Holo - Prismatic Evolutions Pokémon Scarlet & Violet,https://www.vinted.pl/items/10022430704-sylveon-040131-reverse-holo-prismatic-evolutions-pokemon-scarlet-violet,5.84,PLN,,,,,,brak_gradingu_w_tytule_ani_opisie
2026-09-16T13:45:51+00:00,10022406015,Dusknoir 037/131 Reverse Holo - Prismatic Evolutions Pokémon Scarlet & Violet,https://www.vinted.pl/items/10022406015-dusknoir-037131-reverse-holo-prismatic-evolutions-pokemon-scarlet-violet,4.28,PLN,,,,,,brak_gradingu_w_tytule_ani_opisie
2026-09-16T13:45:53+00:00,10022383827,Pikachu Rumble Holo rare - vintage pokemon,https://www.vinted.pl/items/10022383827-pikachu-rumble-holo-rare-vintage-pokemon,999.08,PLN,PSA 1,,,,,brak_ceny_referencyjnej
2026-09-16T13:45:54+00:00,10022386333,Exeggcute 001/131 Poké Ball - Prismatic Evolutions Pokémon Scarlet & Violet,https://www.vinted.pl/items/10022386333-exeggcute-001131-poke-ball-prismatic-evolutions-pokemon-scarlet-violet,5.84,PLN,,,,,,brak_gradingu_w_tytule_ani_opisie
2026-09-16T13:45:56+00:00,10022379995,Meowth 144/128 30Lecie,https://www.vinted.pl/items/10022379995-meowth-144128-30lecie,270.0,PLN,,,,,,brak_gradingu_w_tytule_ani_opisie
2026-09-16T13:46:00+00:00,10022561193,"Mega charizard x EX 125 Beckett 9,5",https://www.vinted.pl/items/10022561193-mega-charizard-x-ex-125-beckett-95,5839.88,PLN,,,,,,brak_gradingu_w_tytule_ani_opisie
2026-09-16T14:01:07+00:00,10022752761,Clauncher 205/198,https://www.vinted.pl/items/10022752761-clauncher-205198,29.38,PLN,PSA 10,,,,,brak_ceny_referencyjnej
2026-09-16T14:01:07+00:00,10022672710,PSA 9 Slab Ivysaur M1L #065 KOR,https://www.vinted.pl/items/10022672710-psa-9-slab-ivysaur-m1l-065-kor,200.0,PLN,PSA 9,,,,,brak_ceny_referencyjnej
2026-09-16T14:01:08+00:00,10022654896,Max Rod 116/131 Ace Spec - Prismatic Evolutions Pokémon Scarlet & Violet,https://www.vinted.pl/items/10022654896-max-rod-116131-ace-spec-prismatic-evolutions-pokemon-scarlet-violet,5.84,PLN,,,,,,brak_gradingu_w_tytule_ani_opisie
2026-09-16T14:01:10+00:00,10022637242,Giacomo 138/131 Full Art Trainer - Prismatic Evolutions Pokémon Scarlet & Violet,https://www.vinted.pl/items/10022637242-giacomo-138131-full-art-trainer-prismatic-evolutions-pokemon-scarlet-violet,5.84,PLN,,,,,,brak_gradingu_w_tytule_ani_opisie
2026-09-16T14:01:11+00:00,10022607606,PSA 9 Slab Arven’s Greedent Destined Rivals #205 EN,https://www.vinted.pl/items/10022607606-psa-9-slab-arvens-greedent-destined-rivals-205-en,185.0,PLN,PSA 9,16.00,53,-206.8,0.86,poza_zakresem_rabatu
2026-09-16T14:01:12+00:00,10022611825,Sylveon EX 041/131 - Prismatic Evolutions Pokémon Scarlet & Violet,https://www.vinted.pl/items/10022611825-sylveon-ex-041131-prismatic-evolutions-pokemon-scarlet-violet,46.33,PLN,,,,,,brak_gradingu_w_tytule_ani_opisie
2026-09-16T14:01:14+00:00,10022581102,Iron Thorns EX 032/131 - Prismatic Evolutions Pokémon Scarlet & Violet,https://www.vinted.pl/items/10022581102-iron-thorns-ex-032131-prismatic-evolutions-pokemon-scarlet-violet,5.84,PLN,,,,,,brak_gradingu_w_tytule_ani_opisie
2026-09-16T14:30:50+00:00,10023122504,Shadowless charizard psa 3,https://www.vinted.pl/items/10023122504-shadowless-charizard-psa-3,5876.95,PLN,PSA 3,692.00,4,-125.4,1.00,poza_zakresem_rabatu
2026-09-16T14:30:50+00:00,10023022415,Pokemon Charizard (EVO 11) PSA 8 SLAB,https://www.vinted.pl/items/10023022415-pokemon-charizard-evo-11-psa-8-slab,483.27,PLN,PSA 8,22.99,97,-457.7,0.33,poza_zakresem_rabatu
2026-09-16T14:45:40+00:00,10023344010,Eevee & Greninja Promo - 30th Celebrations,https://www.vinted.pl/items/10023344010-eevee-greninja-promo-30th-celebrations,50.22,PLN,,,,,,brak_gradingu_w_tytule_ani_opisie
2026-09-16T14:45:40+00:00,10023316167,Luxary psa 10,https://www.vinted.pl/items/10023316167-luxary-psa-10,293.85,PLN,PSA 10,,,,,brak_ceny_referencyjnej
2026-09-16T14:45:42+00:00,10023313693,Kingdra,https://www.vinted.pl/items/10023313693-kingdra,373.43,PLN,,,,,,brak_gradingu_w_tytule_ani_opisie
2026-09-16T14:45:43+00:00,10023277685,Duraludon V,https://www.vinted.pl/items/10023277685-duraludon-v,109.83,PLN,,,,,,brak_gradingu_w_tytule_ani_opisie
2026-09-16T14:45:44+00:00,10023200577,Pokémon Lacey SIR #172 (Stellar Crown) PSA 9,https://www.vinted.pl/items/10023200577-pokemon-lacey-sir-172-stellar-crown-psa-9,141.01,PLN,PSA 9,,,,,brak_ceny_referencyjnej
2026-09-16T15:00:59+00:00,10023557939,Pikachu birthday,https://www.vinted.pl/items/10023557939-pikachu-birthday,881.54,PLN,PSA 10,,,,,brak_ceny_referencyjnej
2026-09-16T15:00:59+00:00,10023511385,Squirtle - wartortle - blastoise - psa 10,https://www.vinted.pl/items/10023511385-squirtle-wartortle-blastoise-psa-10,1645.55,PLN,PSA 10,,,,,brak_ceny_referencyjnej
2026-09-16T15:01:00+00:00,10023495893,Pikachu Celebration Bundle!,https://www.vinted.pl/items/10023495893-pikachu-celebration-bundle,147.55,PLN,,,,,,brak_gradingu_w_tytule_ani_opisie
2026-09-16T15:01:02+00:00,10023429881,Pikachu SSP ultra rare,https://www.vinted.pl/items/10023429881-pikachu-ssp-ultra-rare,705.23,PLN,PSA 10,,,,,brak_ceny_referencyjnej
2026-09-16T15:01:04+00:00,10023376577,Pokémon 1st edition bulk,https://www.vinted.pl/items/10023376577-pokemon-1st-edition-bulk,1362.64,PLN,,,,,,brak_gradingu_w_tytule_ani_opisie
2026-09-16T15:01:06+00:00,10023369681,Radiant blastoise,https://www.vinted.pl/items/10023369681-radiant-blastoise,176.31,PLN,PSA 9,,,,,brak_ceny_referencyjnej
2026-09-16T15:01:07+00:00,10023366266,Crobat G - Celebrations - Pack Fresh,https://www.vinted.pl/items/10023366266-crobat-g-celebrations-pack-fresh,131.98,PLN,,,,,,brak_gradingu_w_tytule_ani_opisie
2026-09-16T15:15:37+00:00,10023643229,Pikachu ex Hyper Rare PSA 10,https://www.vinted.pl/items/10023643229-pikachu-ex-hyper-rare-psa-10,1469.24,PLN,PSA 10,350.00,473,-11.4,0.50,poza_zakresem_rabatu
2026-09-16T15:15:37+00:00,10023599488,Radiant charizard psa 10,https://www.vinted.pl/items/10023599488-radiant-charizard-psa-10,587.7,PLN,PSA 10,1472.50,38,89.4,1.00,poza_zakresem_rabatu
2026-09-16T15:30:54+00:00,10023829179,Rayquaza Vmax PSA 10,https://www.vinted.pl/items/10023829179-rayquaza-vmax-psa-10,850.0,PLN,PSA 10,165.00,272,-36.7,1.00,poza_zakresem_rabatu
2026-09-16T15:30:58+00:00,10023480695,Tangela,https://www.vinted.pl/items/10023480695-tangela,175.73,PLN,,,,,,brak_gradingu_w_tytule_ani_opisie
2026-09-16T15:45:37+00:00,10024078991,PSA slab guard,https://www.vinted.pl/items/10024078991-psa-slab-guard,21.97,PLN,,,,,,brak_gradingu_w_tytule_ani_opisie
2026-09-16T15:45:39+00:00,10024039436,Pokémon Mew ex 152/128 SIR - 30th Celebration,https://www.vinted.pl/items/10024039436-pokemon-mew-ex-152128-sir-30th-celebration,2709.85,PLN,,,,,,brak_gradingu_w_tytule_ani_opisie
2026-09-16T16:01:05+00:00,10024281281,Salamance ex 30th anniversary,https://www.vinted.pl/items/10024281281-salamance-ex-30th-anniversary,451.94,PLN,PSA 10,,,,,brak_ceny_referencyjnej
2026-09-16T16:01:07+00:00,10024250863,Pokémon Mewtwo 30th anniversary,https://www.vinted.pl/items/10024250863-pokemon-mewtwo-30th-anniversary,994.28,PLN,PSA 10,,,,,brak_ceny_referencyjnej
2026-09-16T16:15:49+00:00,10024590116,Mega charizard x ex PSA 10,https://www.vinted.pl/items/10024590116-mega-charizard-x-ex-psa-10,6811.64,PLN,PSA 10,2850.00,205,36.6,1.00,wyslano_na_discord
2026-09-16T16:45:39+00:00,10024926885,Fuecoco ex 147/128 SIR | 30th Celebration | Fresh Pull -> PSA 10?,https://www.vinted.pl/items/10024926885-fuecoco-ex-147128-sir-30th-celebration-fresh-pull-psa-10,800.0,PLN,PSA 10,,,,,brak_ceny_referencyjnej
2026-09-16T16:45:40+00:00,10024875712,Charizard ex 199 PSA z dodatku 151,https://www.vinted.pl/items/10024875712-charizard-ex-199-psa-z-dodatku-151,1550.0,PLN,,,,,,brak_gradingu_w_tytule_ani_opisie
2026-09-16T17:15:39+00:00,10025339843,Team Rocket's Ariana 237/182,https://www.vinted.pl/items/10025339843-team-rockets-ariana-237182,85.0,PLN,,,,,,brak_gradingu_w_tytule_ani_opisie
2026-09-16T17:15:39+00:00,10025244907,PSA 10.Team rockets Tyranitar 096/116 STAFF,https://www.vinted.pl/items/10025244907-psa-10team-rockets-tyranitar-096116-staff,1946.24,PLN,PSA 10,376.30,9,-37.3,0.67,poza_zakresem_rabatu
2026-09-16T17:15:43+00:00,10025395861,Karty Pokemon ocenione Przez BGS Charizard Vulpix Marshadow Venusaur,https://www.vinted.pl/items/10025395861-karty-pokemon-ocenione-przez-bgs-charizard-vulpix-marshadow-venusaur,4000.0,PLN,,,,,,brak_gradingu_w_tytule_ani_opisie
2026-09-16T17:15:45+00:00,10025227644,Beckett 10. Psyduck AR 199/193.,https://www.vinted.pl/items/10025227644-beckett-10-psyduck-ar-199193,778.26,PLN,,,,,,brak_gradingu_w_tytule_ani_opisie
2026-09-16T17:30:52+00:00,10025608383,Mew ex (30C 152/128),https://www.vinted.pl/items/10025608383-mew-ex-30c-152128,1299.0,PLN,PSA 10,,,,,brak_ceny_referencyjnej
2026-09-16T17:30:54+00:00,10025588893,Celebrations Ex Bundle,https://www.vinted.pl/items/10025588893-celebrations-ex-bundle,69.69,PLN,,,,,,brak_gradingu_w_tytule_ani_opisie
2026-09-16T17:30:56+00:00,10025581308,2x Crobat G - Celebrations,https://www.vinted.pl/items/10025581308-2x-crobat-g-celebrations,116.41,PLN,,,,,,brak_gradingu_w_tytule_ani_opisie
2026-09-16T17:30:57+00:00,10025572675,30th Celebration - Pikachu Lot,https://www.vinted.pl/items/10025572675-30th-celebration-pikachu-lot,194.27,PLN,,,,,,brak_gradingu_w_tytule_ani_opisie
2026-09-16T17:30:59+00:00,10025568662,Gengar 241 Lost Origin Prerelease,https://www.vinted.pl/items/10025568662-gengar-241-lost-origin-prerelease,388.94,PLN,,,,,,brak_gradingu_w_tytule_ani_opisie
2026-09-16T17:31:00+00:00,10025531440,Psa 10 articuno 102/100 jp,https://www.vinted.pl/items/10025531440-psa-10-articuno-102100-jp,329.5,PLN,PSA 10,94.99,61,7.9,0.25,wyslano_na_discord
2026-09-16T17:31:01+00:00,10025516393,Charizard 010/071 jp psa 10,https://www.vinted.pl/items/10025516393-charizard-010071-jp-psa-10,329.5,PLN,PSA 10,500.00,42,82.5,0.25,poza_zakresem_rabatu
2026-09-16T17:31:01+00:00,10025485021,Psa 10 radiant charizard 015/172 jp,https://www.vinted.pl/items/10025485021-psa-10-radiant-charizard-015172-jp,329.5,PLN,PSA 10,124.99,44,30.0,0.40,wyslano_na_discord
2026-09-16T17:31:02+00:00,10025458507,Psa 10 Pikachu mc donalds promo 020/m-p,https://www.vinted.pl/items/10025458507-psa-10-pikachu-mc-donalds-promo-020m-p,615.07,PLN,PSA 10,614.64,83,73.4,0.29,poza_zakresem_rabatu
2026-09-16T17:31:06+00:00,10025622447,Pokémon Ditto Holo #3/62 Fossil 1999 WOTC,https://www.vinted.pl/items/10025622447-pokemon-ditto-holo-362-fossil-1999-wotc,110.0,PLN,,,,,,brak_gradingu_w_tytule_ani_opisie
2026-09-16T17:45:38+00:00,10025774624,Mega greninja 116/86,https://www.vinted.pl/items/10025774624-mega-greninja-11686,1057.85,PLN,PSA 10,605.00,501,53.6,0.33,poza_zakresem_rabatu
2026-09-16T17:45:40+00:00,10025722475,Lugia (149/147),https://www.vinted.pl/items/10025722475-lugia-149147,1499.0,PLN,PSA 10,,,,,brak_ceny_referencyjnej
2026-09-16T18:01:04+00:00,10025904347,Pokémon TCG: Sword & Shield Ultra-Premium Collection - Charizard,https://www.vinted.pl/items/10025904347-pokemon-tcg-sword-shield-ultra-premium-collection-charizard,1946.63,PLN,PSA 10,,,,,brak_ceny_referencyjnej
2026-09-16T18:15:41+00:00,10026082745,Sylveon SIR 153 30th Celebration [PSA 10 Contender],https://www.vinted.pl/items/10026082745-sylveon-sir-153-30th-celebration-psa-10-contender,1164.08,PLN,PSA 10,,,,,brak_ceny_referencyjnej
2026-09-16T18:15:42+00:00,10026075060,Toxtricity - 134/128 - 30th Celebrations,https://www.vinted.pl/items/10026075060-toxtricity-134128-30th-celebrations,77.48,PLN,,,,,,brak_gradingu_w_tytule_ani_opisie
2026-09-16T18:15:44+00:00,10026068445,Meowth & Galarian Meowth - 30th Celebrations,https://www.vinted.pl/items/10026068445-meowth-galarian-meowth-30th-celebrations,272.14,PLN,,,,,,brak_gradingu_w_tytule_ani_opisie
2026-09-16T18:15:45+00:00,10025950045,Pokemon: Eevee #116 Holo - 30th anniverasry,https://www.vinted.pl/items/10025950045-pokemon-eevee-116-holo-30th-anniverasry,19.08,PLN,,,,,,brak_gradingu_w_tytule_ani_opisie
2026-09-16T18:15:47+00:00,10025924098,Pokemon: Meowth (30C 144) - 30th anniversary,https://www.vinted.pl/items/10025924098-pokemon-meowth-30c-144-30th-anniversary,155.34,PLN,,,,,,brak_gradingu_w_tytule_ani_opisie
2026-09-16T18:15:49+00:00,10026016056,Mew ex 30 celebrations,https://www.vinted.pl/items/10026016056-mew-ex-30-celebrations,1000.0,PLN,,,,,,brak_gradingu_w_tytule_ani_opisie
2026-09-16T18:15:51+00:00,10025943071,Pokemon: 4 pikachu - 30th Celebration,https://www.vinted.pl/items/10025943071-pokemon-4-pikachu-30th-celebration,58.01,PLN,,,,,,brak_gradingu_w_tytule_ani_opisie
2026-09-16T18:30:49+00:00,10026333623,Gengar SWSH52,https://www.vinted.pl/items/10026333623-gengar-swsh52,1427.84,PLN,PSA 9,,,,,brak_ceny_referencyjnej
2026-09-16T18:30:51+00:00,10026274586,Pokémon Misty Holo #18/132 Gym Heroes 2000 WOTC,https://www.vinted.pl/items/10026274586-pokemon-misty-holo-18132-gym-heroes-2000-wotc,230.0,PLN,,,,,,brak_gradingu_w_tytule_ani_opisie
2026-09-16T18:30:53+00:00,10026226917,Pokemon: Drifloon 30C 136 - 30th Celebration,https://www.vinted.pl/items/10026226917-pokemon-drifloon-30c-136-30th-celebration,58.01,PLN,,,,,,brak_gradingu_w_tytule_ani_opisie
2026-09-16T18:30:54+00:00,10026209817,Pokemon: Meowth #144 - 30th Anniversary,https://www.vinted.pl/items/10026209817-pokemon-meowth-144-30th-anniversary,151.45,PLN,,,,,,brak_gradingu_w_tytule_ani_opisie
2026-09-16T18:30:56+00:00,10026302288,Pojemnik na slaby PSA i CGC,https://www.vinted.pl/items/10026302288-pojemnik-na-slaby-psa-i-cgc,55.0,PLN,,,,,,brak_gradingu_w_tytule_ani_opisie
2026-09-16T18:45:48+00:00,10026524912,Rayquaza delta species stamped,https://www.vinted.pl/items/10026524912-rayquaza-delta-species-stamped,1028.47,PLN,PSA 1,,,,,brak_ceny_referencyjnej
2026-09-16T18:45:48+00:00,10026472770,Psa 9 reuniclus pokemon,https://www.vinted.pl/items/10026472770-psa-9-reuniclus-pokemon,120.0,PLN,PSA 9,,,,,brak_ceny_referencyjnej
2026-09-16T18:45:49+00:00,10026478568,🔥 Pikachu ex 150/128 – 30th Celebration – Special Illustration Rare SIR – Pokémon TCG,https://www.vinted.pl/items/10026478568-pikachu-ex-150128-30th-celebration-special-illustration-rare-sir-pokemon-tcg,1265.44,PLN,,,,,,brak_gradingu_w_tytule_ani_opisie
2026-09-16T18:45:50+00:00,10026397298,Pokemon Giratina V PSA 10,https://www.vinted.pl/items/10026397298-pokemon-giratina-v-psa-10,16455.47,PLN,PSA 10,309.65,8,-1310.3,1.00,poza_zakresem_rabatu
2026-09-16T18:45:51+00:00,10026368897,30th Celebrations Promos & Pikachu!,https://www.vinted.pl/items/10026368897-30th-celebrations-promos-pikachu,54.12,PLN,,,,,,brak_gradingu_w_tytule_ani_opisie
2026-09-16T18:45:53+00:00,10026368775,Pokémon Magneton Base Set Holo 9/102 WOTC EN,https://www.vinted.pl/items/10026368775-pokemon-magneton-base-set-holo-9102-wotc-en,89.0,PLN,,,,,,brak_gradingu_w_tytule_ani_opisie
2026-09-16T18:54:43+00:00,10026626984,Pikachu 30th,https://www.vinted.pl/items/10026626984-pikachu-30th,20.0,PLN,PSA 10,,,,,brak_ceny_referencyjnej
2026-09-16T19:01:05+00:00,10026673736,Charizard V promo pokemon,https://www.vinted.pl/items/10026673736-charizard-v-promo-pokemon,60.0,PLN,PSA 10,8400.00,9,99.8,0.02,poza_zakresem_rabatu
2026-09-16T19:01:07+00:00,10026649467,Pikachu 30 th,https://www.vinted.pl/items/10026649467-pikachu-30-th,20.0,PLN,PSA 10,,,,,brak_ceny_referencyjnej
2026-09-16T19:15:37+00:00,10026725768,Gengar PSA Lost Origin,https://www.vinted.pl/items/10026725768-gengar-psa-lost-origin,194.66,PLN,PSA 7,47.00,7,-9.9,1.00,poza_zakresem_rabatu
2026-09-16T19:30:50+00:00,10027043464,Pokemon JPN Espeon Ex #045,https://www.vinted.pl/items/10027043464-pokemon-jpn-espeon-ex-045,1509.49,PLN,PSA 10,,,,,brak_ceny_referencyjnej
2026-09-16T19:30:51+00:00,10027019595,Pokemon JPN #028 M Mewtwo Ex,https://www.vinted.pl/items/10027019595-pokemon-jpn-028-m-mewtwo-ex,2078.94,PLN,PSA 10,,,,,brak_ceny_referencyjnej
2026-09-16T19:30:54+00:00,10026997840,Mew EX 30th,https://www.vinted.pl/items/10026997840-mew-ex-30th,760.0,PLN,PSA 10,,,,,brak_ceny_referencyjnej
2026-09-16T19:30:55+00:00,10026923263,Pokemon Deka,https://www.vinted.pl/items/10026923263-pokemon-deka,175.73,PLN,,,,,,brak_gradingu_w_tytule_ani_opisie
2026-09-16T19:45:38+00:00,10027198708,Pokemon JPN M Rayquaza Ex #024,https://www.vinted.pl/items/10027198708-pokemon-jpn-m-rayquaza-ex-024,1220.25,PLN,PSA 10,,,,,brak_ceny_referencyjnej
2026-09-16T19:45:39+00:00,10027146961,1998 Parasect series 1 PSA 10,https://www.vinted.pl/items/10027146961-1998-parasect-series-1-psa-10,1279.0,PLN,PSA 10,95.00,1,-257.3,0.25,poza_zakresem_rabatu
2026-09-16T19:45:41+00:00,10027142628,Pokemon JPN Mewtwo Ex #022,https://www.vinted.pl/items/10027142628-pokemon-jpn-mewtwo-ex-022,1057.55,PLN,PSA 10,,,,,brak_ceny_referencyjnej
2026-09-16T19:45:43+00:00,10027091076,Pokemon JPN Charizard GX #011,https://www.vinted.pl/items/10027091076-pokemon-jpn-charizard-gx-011,1129.86,PLN,PSA 10,,,,,brak_ceny_referencyjnej
2026-09-16T20:01:06+00:00,10027261270,Mew Ex 30th Celebrations ! 🔥,https://www.vinted.pl/items/10027261270-mew-ex-30th-celebrations,3253.99,PLN,PSA 10,,,,,brak_ceny_referencyjnej
2026-09-16T20:15:40+00:00,10027470613,Mew EX 158/128 Secret Rare,https://www.vinted.pl/items/10027470613-mew-ex-158128-secret-rare,2500.0,PLN,PSA 10,,,,,brak_ceny_referencyjnej
2026-09-16T20:15:43+00:00,10027416632,Pokemon Shining Celebi 30th Celebrations !,https://www.vinted.pl/items/10027416632-pokemon-shining-celebi-30th-celebrations,325.4,PLN,PSA 10,,,,,brak_ceny_referencyjnej
2026-09-16T20:15:52+00:00,10027461230,Togekiss 235/217 Beckett 9,https://www.vinted.pl/items/10027461230-togekiss-235217-beckett-9,107.06,PLN,,,,,,brak_gradingu_w_tytule_ani_opisie
2026-09-16T20:45:37+00:00,10027789009,30th Celebrations EX Bundle!,https://www.vinted.pl/items/10027789009-30th-celebrations-ex-bundle,46.33,PLN,,,,,,brak_gradingu_w_tytule_ani_opisie
2026-09-16T21:01:04+00:00,10027904325,Karta Pokemon Charizard ex SAR Alternate Art OBF 223/197 PSA 8,https://www.vinted.pl/items/10027904325-karta-pokemon-charizard-ex-sar-alternate-art-obf-223197-psa-8,700.0,PLN,PSA 8,99.99,251,-85.8,0.57,poza_zakresem_rabatu
2026-09-16T21:01:05+00:00,10027799008,Crobat G - 30th Celebrations,https://www.vinted.pl/items/10027799008-crobat-g-30th-celebrations,58.01,PLN,,,,,,brak_gradingu_w_tytule_ani_opisie
2026-09-16T21:01:07+00:00,10027794001,Crobat G - 30th Celebrations,https://www.vinted.pl/items/10027794001-crobat-g-30th-celebrations,58.01,PLN,,,,,,brak_gradingu_w_tytule_ani_opisie
2026-09-16T21:15:37+00:00,10027933773,Pokemon Ethan’s Adventure SIR PSA 9,https://www.vinted.pl/items/10027933773-pokemon-ethans-adventure-sir-psa-9,468.66,PLN,PSA 9,47.99,116,-159.2,0.75,poza_zakresem_rabatu
2026-09-16T21:30:53+00:00,10028064910,Mega Charizard X ex #23,https://www.vinted.pl/items/10028064910-mega-charizard-x-ex-23,1051.18,PLN,PSA 10,205.00,2943,-36.1,0.36,poza_zakresem_rabatu
2026-09-16T21:30:57+00:00,10028100868,Ivysaur,https://www.vinted.pl/items/10028100868-ivysaur,192.72,PLN,,,,,,brak_gradingu_w_tytule_ani_opisie
2026-09-16T21:30:58+00:00,10028081030,Mega Charizard X ex Beckett 9,https://www.vinted.pl/items/10028081030-mega-charizard-x-ex-beckett-9,428.26,PLN,,,,,,brak_gradingu_w_tytule_ani_opisie
2026-09-16T21:45:35+00:00,10028112260,Ditto Masterball,https://www.vinted.pl/items/10028112260-ditto-masterball,97.33,PLN,,,,,,brak_gradingu_w_tytule_ani_opisie
2026-09-16T21:45:37+00:00,10028108097,Muk Masterball,https://www.vinted.pl/items/10028108097-muk-masterball,97.33,PLN,,,,,,brak_gradingu_w_tytule_ani_opisie
2026-09-16T22:15:35+00:00,10028279451,Lugia (30th Anniversary) Mint / Potencjał na PSA 10,https://www.vinted.pl/items/10028279451-lugia-30th-anniversary-mint-potencjal-na-psa-10,1500.0,PLN,PSA 10,,,,,brak_ceny_referencyjnej
2026-09-16T23:01:00+00:00,10028452460,Charizard 30th Celebrations !,https://www.vinted.pl/items/10028452460-charizard-30th-celebrations,1084.66,PLN,,,,,,brak_gradingu_w_tytule_ani_opisie
2026-09-17T01:00:56+00:00,10028830223,Pokémon : Mega Gengar ex [ PSA 10 ],https://www.vinted.pl/items/10028830223-pokemon-mega-gengar-ex-psa-10,1205.06,PLN,PSA 10,,,,,brak_ceny_referencyjnej
2026-09-17T05:01:02+00:00,10029357722,Pokemon karta psa 10 charizard,https://www.vinted.pl/items/10029357722-pokemon-karta-psa-10-charizard,453.89,PLN,PSA 10,500.00,42,75.9,1.00,poza_zakresem_rabatu
2026-09-17T06:15:35+00:00,10029562966,Houndoom reverse holo 2008 PSA9,https://www.vinted.pl/items/10029562966-houndoom-reverse-holo-2008-psa9,618.47,PLN,PSA 9,19.25,22,-752.6,0.50,poza_zakresem_rabatu
2026-09-17T06:15:36+00:00,10029558229,Mewtwo Cosmo Holo pokemon,https://www.vinted.pl/items/10029558229-mewtwo-cosmo-holo-pokemon,200.0,PLN,PSA 10,670.19,1,92.1,0.02,poza_zakresem_rabatu
2026-09-17T06:15:37+00:00,10029542052,Pokémon dragonair psa 10 JP,https://www.vinted.pl/items/10029542052-pokemon-dragonair-psa-10-jp,450.0,PLN,PSA 10,,,,,brak_ceny_referencyjnej
2026-09-17T06:30:55+00:00,10029618499,Jolteon Holo #4 Jungle (1999)-PSA 8 first edition slab,https://www.vinted.pl/items/10029618499-jolteon-holo-4-jungle-1999-psa-8-first-edition-slab,1600.0,PLN,PSA 8,128.88,14,-229.5,0.50,poza_zakresem_rabatu
2026-09-17T07:01:00+00:00,10029713006,Pikachu crown zenith PSA 10,https://www.vinted.pl/items/10029713006-pikachu-crown-zenith-psa-10,1200.0,PLN,PSA 10,480.00,253,33.7,1.00,wyslano_na_discord
2026-09-17T07:15:37+00:00,10029802316,Aceus vstar pokemon.,https://www.vinted.pl/items/10029802316-aceus-vstar-pokemon,700.0,PLN,PSA 10,,,,,brak_ceny_referencyjnej
2026-09-17T07:15:40+00:00,10029794757,Galarian Zapdos  Pokemon,https://www.vinted.pl/items/10029794757-galarian-zapdos-pokemon,20.0,PLN,PSA 10,89.88,65,94.1,0.03,poza_zakresem_rabatu
2026-09-17T07:15:41+00:00,10029789709,Charizard vstar pokemon,https://www.vinted.pl/items/10029789709-charizard-vstar-pokemon,215.0,PLN,PSA 10,19617.14,5,99.7,0.04,poza_zakresem_rabatu
2026-09-17T07:15:44+00:00,10029828507,Charizard ex | beckett 9.5 gem mint,https://www.vinted.pl/items/10029828507-charizard-ex-beckett-95-gem-mint,4859.4,PLN,BGS 9.5,,,,,brak_ceny_referencyjnej
2026-09-17T07:45:37+00:00,10029962509,Karta Pokemon N's Reshiram 167/159 Illustration Rare | Stan Mint/NM (Pack Fresh),https://www.vinted.pl/items/10029962509-karta-pokemon-ns-reshiram-167159-illustration-rare-stan-mintnm-pack-fresh,139.0,PLN,PSA 10,172.99,589,78.7,0.04,poza_zakresem_rabatu
2026-09-17T08:01:07+00:00,10030121406,N zekrom full art pokemon,https://www.vinted.pl/items/10030121406-n-zekrom-full-art-pokemon,50.0,PLN,PSA 10,69.99,7,81.0,0.03,poza_zakresem_rabatu
2026-09-17T08:01:07+00:00,10030117933,Lugia Explosive Birth PSA 10,https://www.vinted.pl/items/10030117933-lugia-explosive-birth-psa-10,3072.95,PLN,PSA 10,,,,,brak_ceny_referencyjnej
2026-09-17T08:01:08+00:00,10030110161,Zestaw 10 kart holo/reverse pokemon,https://www.vinted.pl/items/10030110161-zestaw-10-kart-holoreverse-pokemon,25.0,PLN,,,,,,brak_gradingu_w_tytule_ani_opisie
2026-09-17T08:01:09+00:00,10030103095,Lugia (Game Boy) Promo PSA 8,https://www.vinted.pl/items/10030103095-lugia-game-boy-promo-psa-8,5436.76,PLN,PSA 8,,,,,brak_ceny_referencyjnej
2026-09-17T08:15:37+00:00,10030275381,Okidogi ex,https://www.vinted.pl/items/10030275381-okidogi-ex,70.0,PLN,PSA 10,,,,,brak_ceny_referencyjnej
2026-09-17T08:15:38+00:00,10030271968,PSA 10 - Piplup - Phantasmal Flames 098/094,https://www.vinted.pl/items/10030271968-psa-10-piplup-phantasmal-flames-098094,596.38,PLN,PSA 10,144.43,454,-9.6,1.00,poza_zakresem_rabatu
2026-09-17T08:15:41+00:00,10030268495,Radiant Charizard Pokemon,https://www.vinted.pl/items/10030268495-radiant-charizard-pokemon,90.0,PLN,PSA 10,137.50,823,82.6,0.03,poza_zakresem_rabatu
2026-09-17T08:15:43+00:00,10030263485,Sylveon vmax pokemon,https://www.vinted.pl/items/10030263485-sylveon-vmax-pokemon,1100.0,PLN,PSA 10,,,,,brak_ceny_referencyjnej
2026-09-17T08:15:44+00:00,10030255216,Shining genesect,https://www.vinted.pl/items/10030255216-shining-genesect,75.0,PLN,PSA 10,125.00,105,84.1,0.01,poza_zakresem_rabatu
2026-09-17T08:15:46+00:00,10030236463,Psyduck Cosmo Holo promo,https://www.vinted.pl/items/10030236463-psyduck-cosmo-holo-promo,25.0,PLN,PSA 10,488.37,2,98.6,0.02,poza_zakresem_rabatu
2026-09-17T08:15:48+00:00,10030228055,Arceus V pokemon,https://www.vinted.pl/items/10030228055-arceus-v-pokemon,210.0,PLN,PSA 10,69.99,7,20.4,0.03,wyslano_na_discord
2026-09-17T08:15:50+00:00,10030171860,Gardevoir ex pokemon,https://www.vinted.pl/items/10030171860-gardevoir-ex-pokemon,500.0,PLN,PSA 10,,,,,brak_ceny_referencyjnej
2026-09-17T08:30:48+00:00,10030334252,Pokemon  first partner,https://www.vinted.pl/items/10030334252-pokemon-first-partner,125.0,PLN,PSA 10,,,,,brak_ceny_referencyjnej
2026-09-17T08:30:52+00:00,10030322234,Bulbasaur promo,https://www.vinted.pl/items/10030322234-bulbasaur-promo,70.0,PLN,PSA 10,69.99,7,73.5,0.03,poza_zakresem_rabatu
2026-09-17T08:30:54+00:00,10030314535,Pikachu promo,https://www.vinted.pl/items/10030314535-pikachu-promo,50.0,PLN,PSA 10,,,,,brak_ceny_referencyjnej
2026-09-17T08:30:54+00:00,10030300358,PSA 10 - Meowth - Phantasmal Flames - 106/094,https://www.vinted.pl/items/10030300358-psa-10-meowth-phantasmal-flames-106094,817.26,PLN,PSA 10,192.50,1286,-12.7,1.00,poza_zakresem_rabatu
2026-09-17T08:45:39+00:00,10030518059,Squirtle fiest partner PSA 9,https://www.vinted.pl/items/10030518059-squirtle-fiest-partner-psa-9,265.0,PLN,PSA 9,,,,,brak_ceny_referencyjnej
2026-09-17T08:45:41+00:00,10030443908,Palkia vstar,https://www.vinted.pl/items/10030443908-palkia-vstar,550.0,PLN,PSA 10,319.00,302,54.2,0.04,poza_zakresem_rabatu
2026-09-17T08:45:45+00:00,10030480756,Jirachi 97/95 Team Aqua & Team Magma,https://www.vinted.pl/items/10030480756-jirachi-9795-team-aqua-team-magma,1400.56,PLN,,,,,,brak_gradingu_w_tytule_ani_opisie
2026-09-17T09:01:01+00:00,10030681374,Pokemon,https://www.vinted.pl/items/10030681374-pokemon,738.69,PLN,PSA 10,,,,,brak_ceny_referencyjnej
2026-09-17T09:16:14+00:00,10022421535,gradede Pokemon kort,https://www.vinted.pl/items/10022421535-gradede-pokemon-kort,118.19,PLN,PSA 8,,,,,brak_ceny_referencyjnej
2026-09-17T09:30:57+00:00,10030929592,Ninetales 199/197,https://www.vinted.pl/items/10030929592-ninetales-199197,177.29,PLN,PSA 10,,,,,brak_ceny_referencyjnej
2026-09-17T09:30:59+00:00,10030872048,Gradede Pokemon kort,https://www.vinted.pl/items/10030872048-gradede-pokemon-kort,135.92,PLN,PSA 9,,,,,brak_ceny_referencyjnej
2026-09-17T09:31:00+00:00,10030858733,Gradede Pokemon kort,https://www.vinted.pl/items/10030858733-gradede-pokemon-kort,118.19,PLN,PSA 8,,,,,brak_ceny_referencyjnej
2026-09-17T09:31:03+00:00,10030942600,1999 Pokemon Fossil 1st Edition Golbat #34/62 - BGS 8 NM-MT (Beckett Graded),https://www.vinted.pl/items/10030942600-1999-pokemon-fossil-1st-edition-golbat-3462-bgs-8-nm-mt-beckett-graded,420.0,PLN,BGS 8,,,,,brak_ceny_referencyjnej
2026-09-17T09:45:36+00:00,10031153719,Rockets Suicune ex psa 7🔥,https://www.vinted.pl/items/10031153719-rockets-suicune-ex-psa-7,3723.0,PLN,PSA 7,817.50,10,-20.9,0.67,poza_zakresem_rabatu
2026-09-17T09:45:38+00:00,10031146962,Karta pokemon leafeon bgs 9.5,https://www.vinted.pl/items/10031146962-karta-pokemon-leafeon-bgs-95,450.0,PLN,BGS 9.5,19.00,1,-528.5,1.00,poza_zakresem_rabatu
2026-09-17T10:01:00+00:00,10031316144,Togetic 176 - ACE 9,https://www.vinted.pl/items/10031316144-togetic-176-ace-9,465.3,PLN,PSA 10,,,,,brak_ceny_referencyjnej
2026-09-17T10:01:02+00:00,10031316919,"Treecko, Torchic, Mudkip promo’s",https://www.vinted.pl/items/10031316919-treecko-torchic-mudkip-promos,206.83,PLN,PSA 10,4000.00,1,98.6,0.01,poza_zakresem_rabatu
2026-09-17T10:01:04+00:00,10031292106,Pokémon Charizard 04/102 30th Celebration,https://www.vinted.pl/items/10031292106-pokemon-charizard-04102-30th-celebration,900.0,PLN,,,,,,brak_gradingu_w_tytule_ani_opisie
2026-09-17T10:01:05+00:00,10031278788,Xerneas 091/086,https://www.vinted.pl/items/10031278788-xerneas-091086,38.41,PLN,PSA 10,,,,,brak_ceny_referencyjnej
2026-09-17T10:01:08+00:00,10031258814,Zacian 100/094,https://www.vinted.pl/items/10031258814-zacian-100094,14.77,PLN,PSA 10,,,,,brak_ceny_referencyjnej
2026-09-17T10:01:10+00:00,10031239847,Lacey Trainer,https://www.vinted.pl/items/10031239847-lacey-trainer,100.46,PLN,PSA 10,,,,,brak_ceny_referencyjnej
2026-09-17T10:01:12+00:00,10031209656,Wigglytuff 105/094,https://www.vinted.pl/items/10031209656-wigglytuff-105094,35.46,PLN,PSA 10,,,,,brak_ceny_referencyjnej
2026-09-17T10:01:13+00:00,10031192935,Armarouge 086/084,https://www.vinted.pl/items/10031192935-armarouge-086084,23.64,PLN,PSA 10,,,,,brak_ceny_referencyjnej
2026-09-17T10:01:15+00:00,10031176348,Froakie 088/086,https://www.vinted.pl/items/10031176348-froakie-088086,47.28,PLN,PSA 10,,,,,brak_ceny_referencyjnej
2026-09-17T10:30:52+00:00,10031508726,Mewtwo & Mew GX World Championship Deck - Ace 9 mint,https://www.vinted.pl/items/10031508726-mewtwo-mew-gx-world-championship-deck-ace-9-mint,570.96,PLN,PSA 10,,,,,brak_ceny_referencyjnej
2026-09-17T11:01:37+00:00,10031898368,Pokemon Charizard V Shiny 079/073 BGS 9.5 Gem Mint,https://www.vinted.pl/items/10031898368-pokemon-charizard-v-shiny-079073-bgs-95-gem-mint,1359.19,PLN,BGS 9.5,299.99,29,-20.2,0.80,poza_zakresem_rabatu
2026-09-17T11:30:51+00:00,10032239432,Pokémon 30th Celebration – Eevee 2-Pack Blister,https://www.vinted.pl/items/10032239432-pokemon-30th-celebration-eevee-2-pack-blister,156.14,PLN,PSA 10,,,,,brak_ceny_referencyjnej
2026-09-17T11:45:37+00:00,10032314728,Pokemon tcg card simplified chinese Pikachu illustration rare csDC 001/024,https://www.vinted.pl/items/10032314728-pokemon-tcg-card-simplified-chinese-pikachu-illustration-rare-csdc-001024,30.0,PLN,PSA 10,,,,,brak_ceny_referencyjnej
2026-09-17T11:45:38+00:00,10032243492,Pokémon TCG: 30th Celebration Poster Collection,https://www.vinted.pl/items/10032243492-pokemon-tcg-30th-celebration-poster-collection,273.55,PLN,PSA 10,,,,,brak_ceny_referencyjnej
2026-09-17T12:01:04+00:00,10032590354,Mega Chandelure ex,https://www.vinted.pl/items/10032590354-mega-chandelure-ex,200.0,PLN,,,,,,brak_gradingu_w_tytule_ani_opisie
2026-09-17T12:01:05+00:00,10032441650,Reshiram EX #174 - ACE 10 (Perfect Subgrades) - Japanese Pokemonkort,https://www.vinted.pl/items/10032441650-reshiram-ex-174-ace-10-perfect-subgrades-japanese-pokemonkort,1408.43,PLN,,,,,,brak_gradingu_w_tytule_ani_opisie
2026-09-17T12:30:55+00:00,10032896204,Team Rocket's Mewtwo ex,https://www.vinted.pl/items/10032896204-team-rockets-mewtwo-ex,1543.05,PLN,PSA 10,,,,,brak_ceny_referencyjnej
2026-09-17T12:45:45+00:00,10033056000,PSA 10 Team Rocket’s Crobat Sir,https://www.vinted.pl/items/10033056000-psa-10-team-rockets-crobat-sir,662.64,PLN,PSA 10,62.85,125,-179.8,0.80,poza_zakresem_rabatu
2026-09-17T12:45:46+00:00,10032981821,Pikachu vmax Rainbow 188,https://www.vinted.pl/items/10032981821-pikachu-vmax-rainbow-188,620.5,PLN,PSA 9,154.75,159,-6.4,0.22,poza_zakresem_rabatu
2026-09-17T12:45:48+00:00,10032958703,Sylveon ex Sir,https://www.vinted.pl/items/10032958703-sylveon-ex-sir,700.0,PLN,,,,,,brak_gradingu_w_tytule_ani_opisie
2026-09-17T13:01:14+00:00,10033275347,Inteleon 142/132,https://www.vinted.pl/items/10033275347-inteleon-142132,14.77,PLN,PSA 10,,,,,brak_ceny_referencyjnej
2026-09-17T13:01:16+00:00,10033238291,Bastiodon 093/084,https://www.vinted.pl/items/10033238291-bastiodon-093084,14.77,PLN,PSA 10,,,,,brak_ceny_referencyjnej
2026-09-17T13:01:18+00:00,10033222648,Bastiodon 093/084,https://www.vinted.pl/items/10033222648-bastiodon-093084,14.77,PLN,PSA 10,,,,,brak_ceny_referencyjnej
2026-09-17T13:01:20+00:00,10033174998,Fomantis 085/084,https://www.vinted.pl/items/10033174998-fomantis-085084,11.82,PLN,PSA 10,,,,,brak_ceny_referencyjnej
2026-09-17T13:01:22+00:00,10033154304,Ever Case Toploader Binder,https://www.vinted.pl/items/10033154304-ever-case-toploader-binder,118.19,PLN,PSA 10,,,,,brak_ceny_referencyjnej
2026-09-17T13:01:23+00:00,10033131396,Pokemon Pikachu 30th anniversery,https://www.vinted.pl/items/10033131396-pokemon-pikachu-30th-anniversery,1104.41,PLN,PSA 10,,,,,brak_ceny_referencyjnej
2026-09-17T13:01:28+00:00,10033289152,Aurorus 092/088,https://www.vinted.pl/items/10033289152-aurorus-092088,14.77,PLN,PSA 10,,,,,brak_ceny_referencyjnej
2026-09-17T13:15:36+00:00,10033395152,Toucannon 094/084,https://www.vinted.pl/items/10033395152-toucannon-094084,14.77,PLN,PSA 10,,,,,brak_ceny_referencyjnej
2026-09-17T13:15:38+00:00,10033386364,Hop’s Wooloo 170/159,https://www.vinted.pl/items/10033386364-hops-wooloo-170159,17.73,PLN,PSA 10,65.00,135,92.8,0.03,poza_zakresem_rabatu
2026-09-17T13:15:41+00:00,10033376139,Hop’s Wooloo 170/159,https://www.vinted.pl/items/10033376139-hops-wooloo-170159,17.73,PLN,PSA 10,65.00,135,92.8,0.03,poza_zakresem_rabatu
2026-09-17T13:15:43+00:00,10033363396,Exeggutor 135/132,https://www.vinted.pl/items/10033363396-exeggutor-135132,32.5,PLN,PSA 10,,,,,brak_ceny_referencyjnej
2026-09-17T13:15:45+00:00,10033348662,Sliggoo 095/086,https://www.vinted.pl/items/10033348662-sliggoo-095086,11.82,PLN,PSA 10,,,,,brak_ceny_referencyjnej
2026-09-17T13:15:47+00:00,10033327959,Toucannon 094/084,https://www.vinted.pl/items/10033327959-toucannon-094084,14.77,PLN,PSA 10,,,,,brak_ceny_referencyjnej
2026-09-17T13:15:49+00:00,10033314525,Litleo 139/132,https://www.vinted.pl/items/10033314525-litleo-139132,23.64,PLN,PSA 10,,,,,brak_ceny_referencyjnej
2026-09-17T13:15:51+00:00,10033302828,Dhelmise 091/084,https://www.vinted.pl/items/10033302828-dhelmise-091084,14.77,PLN,PSA 10,,,,,brak_ceny_referencyjnej
2026-09-17T13:30:54+00:00,10033628585,Gengar ex 154/128 SIR,https://www.vinted.pl/items/10033628585-gengar-ex-154128-sir,599.0,PLN,PSA 10,,,,,brak_ceny_referencyjnej
2026-09-17T13:30:56+00:00,10033507849,Pokemon Sylveon ex 072/128,https://www.vinted.pl/items/10033507849-pokemon-sylveon-ex-072128,50.0,PLN,PSA 10,,,,,brak_ceny_referencyjnej
2026-09-17T13:45:44+00:00,10033731516,Mega Charizard PFL 125,https://www.vinted.pl/items/10033731516-mega-charizard-pfl-125,3199.0,PLN,PSA 10,2150.00,1952,60.5,0.06,poza_zakresem_rabatu
2026-09-17T14:01:42+00:00,10034011383,Charmander kanto Psa 10,https://www.vinted.pl/items/10034011383-charmander-kanto-psa-10,883.53,PLN,PSA 10,4848.47,1,95.2,0.50,poza_zakresem_rabatu
2026-09-17T14:01:42+00:00,10033951606,Pokemon Charmander+Squirtle+Bulbasaur Psa10,https://www.vinted.pl/items/10033951606-pokemon-charmandersquirtlebulbasaur-psa10,2871.46,PLN,PSA 10,,,,,brak_ceny_referencyjnej
2026-09-17T14:01:44+00:00,10033886961,Gengar vmax,https://www.vinted.pl/items/10033886961-gengar-vmax,97.19,PLN,PSA 10,173.00,17,85.2,0.09,poza_zakresem_rabatu
2026-09-17T14:15:40+00:00,10034169916,Cynthia’s Garchomp psa 10,https://www.vinted.pl/items/10034169916-cynthias-garchomp-psa-10,2120.46,PLN,PSA 10,94.99,329,-488.1,1.00,poza_zakresem_rabatu
2026-09-17T14:15:40+00:00,10034151613,Cynthia’s Garchomp psa 10,https://www.vinted.pl/items/10034151613-cynthias-garchomp-psa-10,2120.46,PLN,PSA 10,94.99,329,-488.1,1.00,poza_zakresem_rabatu
2026-09-17T14:15:40+00:00,10034113597,Mega Kangaskhan Psa 10,https://www.vinted.pl/items/10034113597-mega-kangaskhan-psa-10,883.53,PLN,PSA 10,150.00,508,-55.2,1.00,poza_zakresem_rabatu
2026-09-17T14:15:42+00:00,10034112761,Toxtricity - 134/128 - 30th Celebrations,https://www.vinted.pl/items/10034112761-toxtricity-134128-30th-celebrations,70.05,PLN,,,,,,brak_gradingu_w_tytule_ani_opisie
2026-09-17T14:31:01+00:00,10034209117,PSA 9 - Thundurus - White Collection - 2010,https://www.vinted.pl/items/10034209117-psa-9-thundurus-white-collection-2010,193.53,PLN,PSA 9,70.00,2,27.2,0.50,wyslano_na_discord
2026-09-17T14:31:01+00:00,10034206172,PSA 9 - Blissey - Secret Lakes 1st edition - 2007,https://www.vinted.pl/items/10034206172-psa-9-blissey-secret-lakes-1st-edition-2007,314.49,PLN,PSA 9,,,,,brak_ceny_referencyjnej
2026-09-17T14:31:01+00:00,10034203435,PSA 9 - White Kyurem - 2016 1st edition,https://www.vinted.pl/items/10034203435-psa-9-white-kyurem-2016-1st-edition,229.82,PLN,PSA 9,,,,,brak_ceny_referencyjnej
2026-09-17T14:31:03+00:00,10034321322,Lugia 30th Celebrations,https://www.vinted.pl/items/10034321322-lugia-30th-celebrations,1471.47,PLN,PSA 10,,,,,brak_ceny_referencyjnej
2026-09-17T14:31:03+00:00,10034200649,PSA 9 - Swanna - Boundaries Crossed,https://www.vinted.pl/items/10034200649-psa-9-swanna-boundaries-crossed,241.91,PLN,PSA 9,,,,,brak_ceny_referencyjnej
2026-09-17T14:31:05+00:00,10034309133,Mega graninja ex ( cardgrader.ai 10psa),https://www.vinted.pl/items/10034309133-mega-graninja-ex-cardgraderai-10psa,198.79,PLN,PSA 10,,,,,brak_ceny_referencyjnej
2026-09-17T14:31:05+00:00,10034212248,PSA 8 - NM - Slowking - 2010,https://www.vinted.pl/items/10034212248-psa-8-nm-slowking-2010,362.87,PLN,PSA 8,540.00,8,82.3,0.33,poza_zakresem_rabatu
2026-09-17T14:31:07+00:00,10034212591,Pokemon tcg card Psyduck common prize pack stamp asc 039/217,https://www.vinted.pl/items/10034212591-pokemon-tcg-card-psyduck-common-prize-pack-stamp-asc-039217,12.0,PLN,PSA 10,,,,,brak_ceny_referencyjnej
2026-09-17T14:31:10+00:00,10034311773,Karta Pokemon Beckett 9 #BLK 105,https://www.vinted.pl/items/10034311773-karta-pokemon-beckett-9-blk-105,899.0,PLN,,,,,,brak_gradingu_w_tytule_ani_opisie
2026-09-17T15:01:10+00:00,10034698659,Pokemon first Safcon 1st edition 1999,https://www.vinted.pl/items/10034698659-pokemon-first-safcon-1st-edition-1999,220.0,PLN,PSA 9,,,,,brak_ceny_referencyjnej
2026-09-17T15:01:13+00:00,10032917822,Ethan's Ho-Oh ex (DRI 230) Destined Rivals sir full art karty pokemon cards,https://www.vinted.pl/items/10032917822-ethans-ho-oh-ex-dri-230-destined-rivals-sir-full-art-karty-pokemon-cards,830.0,PLN,PSA 10,450.00,585,51.4,0.62,poza_zakresem_rabatu
2026-09-17T15:30:55+00:00,10035147697,Pokemon Meowth 121/088,https://www.vinted.pl/items/10035147697-pokemon-meowth-121088,795.17,PLN,PSA 10,375.00,405,44.1,0.56,poza_zakresem_rabatu
2026-09-17T15:30:55+00:00,10035142017,Charmander psa 9,https://www.vinted.pl/items/10035142017-charmander-psa-9,413.67,PLN,PSA 9,69.99,1,-55.7,1.00,poza_zakresem_rabatu
2026-09-17T15:30:56+00:00,10035050915,Dragonair japonsky PSA 10,https://www.vinted.pl/items/10035050915-dragonair-japonsky-psa-10,309.23,PLN,PSA 10,,,,,brak_ceny_referencyjnej
2026-09-17T15:30:56+00:00,10035038403,Pokemon Chansey PSA 7,https://www.vinted.pl/items/10035038403-pokemon-chansey-psa-7,265.06,PLN,PSA 7,69.97,23,0.2,1.00,wyslano_na_discord
2026-09-17T15:45:39+00:00,10035339146,Mew #25 PSA 10,https://www.vinted.pl/items/10035339146-mew-25-psa-10,1063.71,PLN,PSA 10,178.75,11,-56.8,0.50,poza_zakresem_rabatu
2026-09-17T15:45:41+00:00,10035175565,Mewtwo ex 281/217,https://www.vinted.pl/items/10035175565-mewtwo-ex-281217,1767.05,PLN,PSA 10,944.50,398,50.7,0.40,poza_zakresem_rabatu
2026-09-17T16:01:09+00:00,10035525709,Lycanroc 138,https://www.vinted.pl/items/10035525709-lycanroc-138,60.0,PLN,PSA 10,,,,,brak_ceny_referencyjnej
2026-09-17T16:01:10+00:00,10035458282,Milotic ex 237 PSA 10,https://www.vinted.pl/items/10035458282-milotic-ex-237-psa-10,1477.38,PLN,PSA 10,300.00,353,-29.7,1.00,poza_zakresem_rabatu
2026-09-17T16:01:10+00:00,10035419835,Meowth #106 PSA 10,https://www.vinted.pl/items/10035419835-meowth-106-psa-10,886.43,PLN,PSA 10,8000.00,1,97.1,1.00,poza_zakresem_rabatu
2026-09-17T16:01:11+00:00,10035387767,Mew #193 PSA 10,https://www.vinted.pl/items/10035387767-mew-193-psa-10,1181.9,PLN,PSA 10,120.00,114,-159.5,1.00,poza_zakresem_rabatu
2026-09-17T16:16:12+00:00,10035742738,Pikachu,https://www.vinted.pl/items/10035742738-pikachu,231.65,PLN,PSA 5,,,,,brak_ceny_referencyjnej
2026-09-17T16:16:14+00:00,10035665817,Chansey 187/167,https://www.vinted.pl/items/10035665817-chansey-187167,1767.05,PLN,PSA 10,249.97,426,-86.2,0.75,poza_zakresem_rabatu
2026-09-17T16:16:17+00:00,10035739854,Mystery cgc pristine 10 slab,https://www.vinted.pl/items/10035739854-mystery-cgc-pristine-10-slab,250.0,PLN,,,,,,brak_gradingu_w_tytule_ani_opisie
2026-09-17T16:30:52+00:00,10035890587,Karta pokemon gyarados psa 10,https://www.vinted.pl/items/10035890587-karta-pokemon-gyarados-psa-10,650.0,PLN,PSA 10,,,,,brak_ceny_referencyjnej
2026-09-17T16:45:35+00:00,10036140134,"Ancient Mew - slab BGS Beckett 8,5 / PSA 9",https://www.vinted.pl/items/10036140134-ancient-mew-slab-bgs-beckett-85-psa-9,1100.0,PLN,PSA 9,250.00,30,-15.9,0.50,poza_zakresem_rabatu
2026-09-17T16:45:35+00:00,10036124857,Magneton (SVP 159) - slab CGC 10 / PSA 10,https://www.vinted.pl/items/10036124857-magneton-svp-159-slab-cgc-10-psa-10,450.0,PLN,CGC 10,49.99,93,-137.2,0.67,poza_zakresem_rabatu
2026-09-17T16:45:35+00:00,10036119587,"Mega Lucario ex (MEP 033) - slab CGC 9,5 / PSA 9",https://www.vinted.pl/items/10036119587-mega-lucario-ex-mep-033-slab-cgc-95-psa-9,230.0,PLN,"CGC 9,5",255.00,1,76.2,0.60,poza_zakresem_rabatu
2026-09-17T16:45:36+00:00,10036101279,Iono's Kilowattrel (JTG 163) - slab PSA 10,https://www.vinted.pl/items/10036101279-ionos-kilowattrel-jtg-163-slab-psa-10,330.0,PLN,PSA 10,65.00,168,-33.8,0.80,poza_zakresem_rabatu
2026-09-17T16:45:36+00:00,10036089505,"Primal Groudon EX (AOR 97) - slab CGC 7,5 / slab PSA 7",https://www.vinted.pl/items/10036089505-primal-groudon-ex-aor-97-slab-cgc-75-slab-psa-7,1600.0,PLN,"CGC 7,5",,,,,brak_ceny_referencyjnej
2026-09-17T16:45:36+00:00,10036073818,Mega Gardevoir ex (MEP 032) - slab CGC 10 / PSA 10,https://www.vinted.pl/items/10036073818-mega-gardevoir-ex-mep-032-slab-cgc-10-psa-10,270.0,PLN,CGC 10,365.00,20,80.5,0.60,poza_zakresem_rabatu
2026-09-17T16:45:36+00:00,10036054693,Articuno (JTG 161) - slab ACE 10 / PSA 10,https://www.vinted.pl/items/10036054693-articuno-jtg-161-slab-ace-10-psa-10,700.0,PLN,PSA 10,,,,,brak_ceny_referencyjnej
2026-09-17T16:45:36+00:00,10036024132,"Alakazam ex (151C 189) - slab BGS Beckett 9,5 / PSA 10",https://www.vinted.pl/items/10036024132-alakazam-ex-151c-189-slab-bgs-beckett-95-psa-10,350.0,PLN,PSA 10,359.25,239,74.3,0.33,poza_zakresem_rabatu
2026-09-17T17:01:06+00:00,10036349516,30th Celebrations Hits,https://www.vinted.pl/items/10036349516-30th-celebrations-hits,187.45,PLN,,,,,,brak_gradingu_w_tytule_ani_opisie
2026-09-17T17:01:07+00:00,10036341713,Rayquaza EX - 85/124 - 30th Celebrations,https://www.vinted.pl/items/10036341713-rayquaza-ex-85124-30th-celebrations,156.14,PLN,,,,,,brak_gradingu_w_tytule_ani_opisie
2026-09-17T17:01:09+00:00,10036183108,Pokémon Pikachu Ex 247 Surging Sparks Rauk 10,https://www.vinted.pl/items/10036183108-pokemon-pikachu-ex-247-surging-sparks-rauk-10,1369.69,PLN,PSA 10,,,,,brak_ceny_referencyjnej
2026-09-17T17:01:10+00:00,10036156020,"Pikachu (M-P 020) - slab BGS Beckett 9,5 / PSA 10",https://www.vinted.pl/items/10036156020-pikachu-m-p-020-slab-bgs-beckett-95-psa-10,350.0,PLN,PSA 10,201.81,949,54.3,0.33,poza_zakresem_rabatu
2026-09-17T17:15:38+00:00,10036522434,Pokémon Mischievous Pichu 214/S-P PSA 10 Gem mint Japanese Promo 2022,https://www.vinted.pl/items/10036522434-pokemon-mischievous-pichu-214s-p-psa-10-gem-mint-japanese-promo-2022,550.0,PLN,PSA 10,,,,,brak_ceny_referencyjnej
2026-09-17T17:15:38+00:00,10036496660,Pokemon PSA 8,https://www.vinted.pl/items/10036496660-pokemon-psa-8,120.96,PLN,PSA 8,,,,,brak_ceny_referencyjnej
2026-09-17T17:15:38+00:00,10036486387,Pokémon Eeveelutions PSA 10 – Umbreon Eevee Glaceon Jolteon Flareon SAR,https://www.vinted.pl/items/10036486387-pokemon-eeveelutions-psa-10-umbreon-eevee-glaceon-jolteon-flareon-sar,4000.0,PLN,PSA 10,,,,,brak_ceny_referencyjnej
2026-09-17T17:30:55+00:00,10036703028,Charizard vstar promo PSA 8,https://www.vinted.pl/items/10036703028-charizard-vstar-promo-psa-8,400.0,PLN,PSA 8,76.00,131,-38.7,1.00,poza_zakresem_rabatu
2026-09-17T17:30:56+00:00,10036601373,Pokemon 30th Celebrations Elite Trainer Box + PSA kort,https://www.vinted.pl/items/10036601373-pokemon-30th-celebrations-elite-trainer-box-psa-kort,978.35,PLN,,,,,,brak_gradingu_w_tytule_ani_opisie
2026-09-17T17:30:56+00:00,10036579245,Umbreon PSA 10 Japanese Promo 067/SV-P Yu Nagaba x PCG 2023,https://www.vinted.pl/items/10036579245-umbreon-psa-10-japanese-promo-067sv-p-yu-nagaba-x-pcg-2023,1350.0,PLN,PSA 10,,,,,brak_ceny_referencyjnej
2026-09-17T17:45:39+00:00,10036799860,Rillaboom VMax,https://www.vinted.pl/items/10036799860-rillaboom-vmax,118.19,PLN,PSA 6,,,,,brak_ceny_referencyjnej
2026-09-17T17:45:40+00:00,10036801484,Pokemon: Meowth (30C 144) - 30th anniversary,https://www.vinted.pl/items/10036801484-pokemon-meowth-30c-144-30th-anniversary,77.88,PLN,,,,,,brak_gradingu_w_tytule_ani_opisie
2026-09-17T18:01:02+00:00,10037059445,PSA kort ramme,https://www.vinted.pl/items/10037059445-psa-kort-ramme,29.55,PLN,,,,,,brak_gradingu_w_tytule_ani_opisie
2026-09-17T18:01:03+00:00,10037035743,2x McDonald’s Pokemon Japanese M-P Promo #020 Pikachu PSA 10,https://www.vinted.pl/items/10037035743-2x-mcdonalds-pokemon-japanese-m-p-promo-020-pikachu-psa-10,740.0,PLN,PSA 10,178.75,11,-9.1,0.33,poza_zakresem_rabatu
2026-09-17T18:01:03+00:00,10037009021,Tag Team Pikachu Zekrom psa 10,https://www.vinted.pl/items/10037009021-tag-team-pikachu-zekrom-psa-10,827.33,PLN,PSA 10,699.99,192,68.9,0.75,poza_zakresem_rabatu
2026-09-17T18:01:03+00:00,10036992345,Pikachu promo psa 10,https://www.vinted.pl/items/10036992345-pikachu-promo-psa-10,590.95,PLN,PSA 10,2000.00,1,92.2,0.50,poza_zakresem_rabatu
2026-09-17T18:15:38+00:00,10037202447,Mega financie ex,https://www.vinted.pl/items/10037202447-mega-financie-ex,132.53,PLN,PSA 10,,,,,brak_ceny_referencyjnej
2026-09-17T18:15:40+00:00,10037168747,Mega graninja ex,https://www.vinted.pl/items/10037168747-mega-graninja-ex,198.79,PLN,PSA 10,,,,,brak_ceny_referencyjnej
2026-09-17T18:15:40+00:00,10037134400,Pokemon PSA 10 Pikachu #124 Holo PikaPika! 2020 Pikachu Campaign Japanese,https://www.vinted.pl/items/10037134400-pokemon-psa-10-pikachu-124-holo-pikapika-2020-pikachu-campaign-japanese,900.0,PLN,PSA 10,,,,,brak_ceny_referencyjnej
2026-09-17T18:15:40+00:00,10037114818,Excadrill psa 10,https://www.vinted.pl/items/10037114818-excadrill-psa-10,147.74,PLN,PSA 10,5424.27,2,99.3,1.00,poza_zakresem_rabatu
2026-09-17T18:30:58+00:00,10037451692,Karta Pokémon - Alakazam V,https://www.vinted.pl/items/10037451692-karta-pokemon-alakazam-v,10.0,PLN,,,,,,brak_gradingu_w_tytule_ani_opisie
2026-09-17T18:31:00+00:00,10037445204,Karta Pokémon - Shiny Oranguru V,https://www.vinted.pl/items/10037445204-karta-pokemon-shiny-oranguru-v,10.0,PLN,,,,,,brak_gradingu_w_tytule_ani_opisie
2026-09-17T18:31:01+00:00,10037433098,Karta Pokémon - Coalossal V,https://www.vinted.pl/items/10037433098-karta-pokemon-coalossal-v,10.0,PLN,,,,,,brak_gradingu_w_tytule_ani_opisie
2026-09-17T18:31:03+00:00,10037424768,Karta Pokémon - Drapion V,https://www.vinted.pl/items/10037424768-karta-pokemon-drapion-v,10.0,PLN,,,,,,brak_gradingu_w_tytule_ani_opisie
2026-09-17T18:31:04+00:00,10037415530,Karta Pokémon - Darmanitan V,https://www.vinted.pl/items/10037415530-karta-pokemon-darmanitan-v,10.0,PLN,,,,,,brak_gradingu_w_tytule_ani_opisie
2026-09-17T18:31:06+00:00,10037401448,Karta Pokémon - Ampharos V,https://www.vinted.pl/items/10037401448-karta-pokemon-ampharos-v,10.0,PLN,,,,,,brak_gradingu_w_tytule_ani_opisie
2026-09-17T18:31:07+00:00,10037387928,Karta Pokémon - Togekiss V,https://www.vinted.pl/items/10037387928-karta-pokemon-togekiss-v,10.0,PLN,,,,,,brak_gradingu_w_tytule_ani_opisie
2026-09-17T18:31:09+00:00,10037369099,Lugia 149/147,https://www.vinted.pl/items/10037369099-lugia-149147,1104.41,PLN,PSA 10,,,,,brak_ceny_referencyjnej
2026-09-17T18:31:10+00:00,10037359274,Houndoom 66 Psa 10,https://www.vinted.pl/items/10037359274-houndoom-66-psa-10,945.52,PLN,PSA 10,199.95,235,-24.6,1.00,poza_zakresem_rabatu
2026-09-17T18:31:12+00:00,10037403016,"Mega Charizard ex 023 Promo BGS 9,5",https://www.vinted.pl/items/10037403016-mega-charizard-ex-023-promo-bgs-95,430.47,PLN,"BGS 9,5",34.49,8,-228.8,0.80,poza_zakresem_rabatu
2026-09-17T18:45:37+00:00,10037501321,psa 9 pokemon karta,https://www.vinted.pl/items/10037501321-psa-9-pokemon-karta,154.32,PLN,PSA 9,,,,,brak_ceny_referencyjnej
2026-09-17T18:45:38+00:00,10037459319,Karta Pokémon - Alcremie Ex,https://www.vinted.pl/items/10037459319-karta-pokemon-alcremie-ex,10.0,PLN,,,,,,brak_gradingu_w_tytule_ani_opisie
2026-09-17T19:01:05+00:00,10037698833,"Pikachu, clasic collection",https://www.vinted.pl/items/10037698833-pikachu-clasic-collection,1053.03,PLN,,,,,,brak_gradingu_w_tytule_ani_opisie
2026-09-17T19:15:40+00:00,10037850112,Pokémonkort PSA 1 Dark Dragonite,https://www.vinted.pl/items/10037850112-pokemonkort-psa-1-dark-dragonite,2445.87,PLN,PSA 1,,,,,brak_ceny_referencyjnej
2026-09-17T19:30:52+00:00,10038108522,Pokemon - Mega Charizard X ex - Squirtle LC reverse - Blastoise - ETB - Gengar - Southern Island,https://www.vinted.pl/items/10038108522-pokemon-mega-charizard-x-ex-squirtle-lc-reverse-blastoise-etb-gengar-southern-island,8849.51,PLN,,,,,,brak_gradingu_w_tytule_ani_opisie
2026-09-17T19:30:53+00:00,10038101438,Karta charizard Pokémon,https://www.vinted.pl/items/10038101438-karta-charizard-pokemon,400.0,PLN,PSA 10,,,,,brak_ceny_referencyjnej
2026-09-17T19:30:54+00:00,10038038891,Tepig #96 Psa 9,https://www.vinted.pl/items/10038038891-tepig-96-psa-9,250.0,PLN,PSA 9,29.99,51,-119.6,1.00,poza_zakresem_rabatu
2026-09-17T19:45:34+00:00,10038277943,Karta pokemon Gengar & Mimikyu #38 psa 10,https://www.vinted.pl/items/10038277943-karta-pokemon-gengar-mimikyu-38-psa-10,1920.0,PLN,PSA 10,2549.50,88,80.2,0.67,poza_zakresem_rabatu
2026-09-17T19:45:34+00:00,10038262033,Karta Pokemon TCG Sylveon 082/069 PSA 10,https://www.vinted.pl/items/10038262033-karta-pokemon-tcg-sylveon-082069-psa-10,410.0,PLN,PSA 10,,,,,brak_ceny_referencyjnej
2026-09-17T19:45:35+00:00,10038144251,Lugia V 110/098 PSA 10 jp Paradigm Trigger,https://www.vinted.pl/items/10038144251-lugia-v-110098-psa-10-jp-paradigm-trigger,4304.34,PLN,PSA 10,,,,,brak_ceny_referencyjnej
2026-09-17T20:01:05+00:00,10038398280,Karta pokemon Radian Charizard #20 PSA 10,https://www.vinted.pl/items/10038398280-karta-pokemon-radian-charizard-20-psa-10,690.0,PLN,PSA 10,137.50,823,-32.2,0.67,poza_zakresem_rabatu
2026-09-17T20:01:07+00:00,10038267602,Pokémon TCG Sword and Shield Ultra Premium Collection Charizard Box,https://www.vinted.pl/items/10038267602-pokemon-tcg-sword-and-shield-ultra-premium-collection-charizard-box,1761.03,PLN,PSA 10,,,,,brak_ceny_referencyjnej
2026-09-17T20:01:08+00:00,10038257664,Pokémon TCG Sword and Shield Ultra Premium Collection Charizard Box,https://www.vinted.pl/items/10038257664-pokemon-tcg-sword-and-shield-ultra-premium-collection-charizard-box,1878.43,PLN,PSA 10,,,,,brak_ceny_referencyjnej
2026-09-17T20:01:11+00:00,10038433000,"Mega Charizard ex Promo BGS 9,5",https://www.vinted.pl/items/10038433000-mega-charizard-ex-promo-bgs-95,401.12,PLN,"BGS 9,5",34.49,8,-206.3,1.00,poza_zakresem_rabatu
2026-09-17T20:01:11+00:00,10038345578,Karta pokemon Electivire EX #212 BGS 10 Black Pop 1,https://www.vinted.pl/items/10038345578-karta-pokemon-electivire-ex-212-bgs-10-black-pop-1,2600.0,PLN,BGS 10,,,,,brak_ceny_referencyjnej
2026-09-17T20:30:53+00:00,10038683850,Lugia 30th,https://www.vinted.pl/items/10038683850-lugia-30th,1100.0,PLN,,,,,,brak_gradingu_w_tytule_ani_opisie
2026-09-17T20:30:55+00:00,10038592184,Pokémon Mewtwo 30th anniversary,https://www.vinted.pl/items/10038592184-pokemon-mewtwo-30th-anniversary,671.76,PLN,PSA 10,,,,,brak_ceny_referencyjnej
2026-09-17T20:45:38+00:00,10038790998,Fukuoka's Pikachu (SV-P 289) JP PSA9,https://www.vinted.pl/items/10038790998-fukuokas-pikachu-sv-p-289-jp-psa9,618.47,PLN,PSA 9,140.00,48,-16.4,0.29,poza_zakresem_rabatu
2026-09-17T21:01:18+00:00,10038931627,Pokémon karty 10ks,https://www.vinted.pl/items/10038931627-pokemon-karty-10ks,58.28,PLN,,,,,,brak_gradingu_w_tytule_ani_opisie
2026-09-17T21:15:35+00:00,10038939832,Pokémon psa 10,https://www.vinted.pl/items/10038939832-pokemon-psa-10,5.87,PLN,PSA 10,,,,,brak_ceny_referencyjnej
2026-09-17T22:11:11+00:00,10039306054,Charizard #185 Japanese PSA 10,https://www.vinted.pl/items/10039306054-charizard-185-japanese-psa-10,469.61,PLN,PSA 10,921.38,2,86.6,0.67,poza_zakresem_rabatu
2026-09-17T22:11:11+00:00,10039297879,Pikachu 020 McDonald’s Promo PSA 10,https://www.vinted.pl/items/10039297879-pikachu-020-mcdonalds-promo-psa-10,587.01,PLN,PSA 10,178.75,11,13.5,0.60,wyslano_na_discord
2026-09-17T23:30:49+00:00,10039606729,PSA 10 Raticate Topps Chrome,https://www.vinted.pl/items/10039606729-psa-10-raticate-topps-chrome,795.17,PLN,PSA 10,,,,,brak_ceny_referencyjnej
2026-09-18T02:00:57+00:00,10040009759,Lillie's Clefairy ex PSA 10,https://www.vinted.pl/items/10040009759-lillies-clefairy-ex-psa-10,250.0,PLN,PSA 10,,,,,brak_ceny_referencyjnej
2026-09-18T02:00:57+00:00,10040001260,Iono's Wattrel PSA 10,https://www.vinted.pl/items/10040001260-ionos-wattrel-psa-10,190.0,PLN,PSA 10,62.00,144,19.3,1.00,wyslano_na_discord
2026-09-18T04:45:36+00:00,10040326365,Karta pokemon leafeon bgs 9.5,https://www.vinted.pl/items/10040326365-karta-pokemon-leafeon-bgs-95,450.0,PLN,BGS 9.5,19.00,1,-524.0,1.00,poza_zakresem_rabatu
2026-09-18T05:15:36+00:00,10040393885,Full Art Illustration Rare Gothorita,https://www.vinted.pl/items/10040393885-full-art-illustration-rare-gothorita,46.93,PLN,PSA 5,,,,,brak_ceny_referencyjnej
2026-09-18T06:30:52+00:00,10040629297,Mega Gengar ex ASC 269/217 BGS 10,https://www.vinted.pl/items/10040629297-mega-gengar-ex-asc-269217-bgs-10,2535.19,PLN,BGS 10,472.50,32,-41.4,0.83,poza_zakresem_rabatu
2026-09-18T06:30:53+00:00,10040624940,Kyurem #165,https://www.vinted.pl/items/10040624940-kyurem-165,353.87,PLN,,,,,,brak_gradingu_w_tytule_ani_opisie
2026-09-18T06:30:55+00:00,10040590910,Starly #221,https://www.vinted.pl/items/10040590910-starly-221,141.55,PLN,,,,,,brak_gradingu_w_tytule_ani_opisie
2026-09-18T06:30:55+00:00,10040585677,Armarouge #203 Psa9,https://www.vinted.pl/items/10040585677-armarouge-203-psa9,153.35,PLN,PSA 9,24.99,47,-61.7,1.00,poza_zakresem_rabatu
2026-09-18T07:15:40+00:00,10040854255,Vaporeon H21,https://www.vinted.pl/items/10040854255-vaporeon-h21,3037.42,PLN,PSA 6,900.00,4,11.1,0.67,wyslano_na_discord
2026-09-18T07:30:51+00:00,10040913851,Ambipom IR PSA 10,https://www.vinted.pl/items/10040913851-ambipom-ir-psa-10,235.92,PLN,PSA 10,,,,,brak_ceny_referencyjnej
2026-09-18T08:30:54+00:00,10041408119,first partner illustration collection,https://www.vinted.pl/items/10041408119-first-partner-illustration-collection,634.78,PLN,,,,,,brak_gradingu_w_tytule_ani_opisie
2026-09-18T08:46:14+00:00,10041489166,Eevee promo PSA 9,https://www.vinted.pl/items/10041489166-eevee-promo-psa-9,265.0,PLN,PSA 9,31.24,67,-123.4,1.00,poza_zakresem_rabatu
2026-09-18T09:01:04+00:00,10041691624,Steelix IR PSA 10,https://www.vinted.pl/items/10041691624-steelix-ir-psa-10,353.87,PLN,PSA 10,,,,,brak_ceny_referencyjnej
2026-09-18T09:01:04+00:00,10041674925,Medicham IR PSA 10,https://www.vinted.pl/items/10041674925-medicham-ir-psa-10,353.87,PLN,PSA 10,,,,,brak_ceny_referencyjnej
2026-09-18T09:01:05+00:00,10041658388,Mega Zygarde ex PSA 10,https://www.vinted.pl/items/10041658388-mega-zygarde-ex-psa-10,383.36,PLN,PSA 10,677.50,101,85.1,1.00,poza_zakresem_rabatu
2026-09-18T09:01:05+00:00,10041631305,Ethans Ho-Oh PSA 10,https://www.vinted.pl/items/10041631305-ethans-ho-oh-psa-10,353.87,PLN,PSA 10,84.99,305,-9.7,0.67,poza_zakresem_rabatu
2026-09-18T09:15:39+00:00,10041847189,PSA 9 Chansey SV6 Art Rare JP,https://www.vinted.pl/items/10041847189-psa-9-chansey-sv6-art-rare-jp,180.77,PLN,PSA 9,290.00,32,83.6,0.25,poza_zakresem_rabatu
2026-09-18T09:15:40+00:00,10041748301,Spewpa IR PSA 10,https://www.vinted.pl/items/10041748301-spewpa-ir-psa-10,280.15,PLN,PSA 10,,,,,brak_ceny_referencyjnej
2026-09-18T09:15:40+00:00,10041735719,Mega Charizard Y ex PSA 10,https://www.vinted.pl/items/10041735719-mega-charizard-y-ex-psa-10,442.34,PLN,PSA 10,2522.00,180,95.4,1.00,poza_zakresem_rabatu
2026-09-18T09:15:40+00:00,10041721730,Zamazenta Full Art PSA 10,https://www.vinted.pl/items/10041721730-zamazenta-full-art-psa-10,442.34,PLN,PSA 10,49.00,20,-137.8,1.00,poza_zakresem_rabatu
2026-09-18T09:15:42+00:00,10041718927,Pokémon TCG: 30th Celebration Poster Collection,https://www.vinted.pl/items/10041718927-pokemon-tcg-30th-celebration-poster-collection,254.22,PLN,PSA 10,,,,,brak_ceny_referencyjnej
2026-09-18T09:30:58+00:00,10041872382,Holo Dark Espeon - Neo Destiny (2002) i PSA 1,https://www.vinted.pl/items/10041872382-holo-dark-espeon-neo-destiny-2002-i-psa-1,1768.78,PLN,PSA 1,270.00,6,-72.6,0.67,poza_zakresem_rabatu
2026-09-18T10:15:42+00:00,10042371698,Gengar 154/128 NM Pokemon 30 Celebration,https://www.vinted.pl/items/10042371698-gengar-154128-nm-pokemon-30-celebration,529.08,PLN,PSA 10,,,,,brak_ceny_referencyjnej
2026-09-18T10:30:52+00:00,10042600581,Pokemon Holo karte,https://www.vinted.pl/items/10042600581-pokemon-holo-karte,11022.58,PLN,,,,,,brak_gradingu_w_tytule_ani_opisie
2026-09-18T10:30:54+00:00,10042464714,Pokémon Pikachu Ex 247 Surging Sparks Rauk 10,https://www.vinted.pl/items/10042464714-pokemon-pikachu-ex-247-surging-sparks-rauk-10,1368.9,PLN,PSA 10,,,,,brak_ceny_referencyjnej
2026-09-18T10:45:40+00:00,10042733155,Meowth #106 PSA 9 Phantasmal Flames,https://www.vinted.pl/items/10042733155-meowth-106-psa-9-phantasmal-flames,235.92,PLN,PSA 9,39.99,837,-55.4,1.00,poza_zakresem_rabatu
2026-09-18T10:45:41+00:00,10042698477,Solosis,https://www.vinted.pl/items/10042698477-solosis,264.54,PLN,PSA 10,,,,,brak_ceny_referencyjnej
2026-09-18T10:45:43+00:00,10042750688,"Gardevoir & sylveon gx bgs 4,5",https://www.vinted.pl/items/10042750688-gardevoir-sylveon-gx-bgs-45,235.92,PLN,"BGS 4,5",,,,,brak_ceny_referencyjnej
2026-09-18T11:01:02+00:00,10042814103,2000 Pokémon Rocket Dark Charizard Holo PSA 7,https://www.vinted.pl/items/10042814103-2000-pokemon-rocket-dark-charizard-holo-psa-7,1763.61,PLN,PSA 7,,,,,brak_ceny_referencyjnej
2026-09-18T11:01:04+00:00,10042806932,Ponyta #78 Pokemon Delta Species Ponyta #94 Pokemon Diamond & Pearl,https://www.vinted.pl/items/10042806932-ponyta-78-pokemon-delta-species-ponyta-94-pokemon-diamond-pearl,11.73,PLN,,,,,,brak_gradingu_w_tytule_ani_opisie
2026-09-18T11:01:05+00:00,10042772374,Bulbasaur team magma reverse holo PSA 3,https://www.vinted.pl/items/10042772374-bulbasaur-team-magma-reverse-holo-psa-3,206.43,PLN,PSA 3,34.99,2,-55.4,1.00,poza_zakresem_rabatu
2026-09-18T11:15:38+00:00,10043031596,Psa 10  Promo greninja Ex,https://www.vinted.pl/items/10043031596-psa-10-promo-greninja-ex,1632.3,PLN,PSA 10,466.00,342,7.7,1.00,wyslano_na_discord
2026-09-18T12:30:59+00:00,10043824705,Mewtwo EX 157/128 30th celebration set,https://www.vinted.pl/items/10043824705-mewtwo-ex-157128-30th-celebration-set,2151.13,PLN,,,,,,brak_gradingu_w_tytule_ani_opisie
2026-09-18T12:31:00+00:00,10043720907,Eevee – Yu Nagaba 062/SV-P pcg Campaign PSA 9 Mint,https://www.vinted.pl/items/10043720907-eevee-yu-nagaba-062sv-p-pcg-campaign-psa-9-mint,589.2,PLN,PSA 9,641.95,1,75.8,0.12,poza_zakresem_rabatu
2026-09-18T12:45:37+00:00,10044021797,Unbreon psa 10,https://www.vinted.pl/items/10044021797-unbreon-psa-10,11.73,PLN,PSA 10,,,,,brak_ceny_referencyjnej
2026-09-18T12:45:50+00:00,10043956996,Mega Dragonite Ex cgc 9,https://www.vinted.pl/items/10043956996-mega-dragonite-ex-cgc-9,130.0,PLN,CGC 9,286.00,1,,1.00,blad_kursu_walut
2026-09-18T13:01:04+00:00,10044148044,Pokémon TCG: 30th Celebration Poster Collection - Ny,https://www.vinted.pl/items/10044148044-pokemon-tcg-30th-celebration-poster-collection-ny,234.28,PLN,PSA 10,,,,,brak_ceny_referencyjnej
2026-09-18T13:01:05+00:00,10044127576,Pokemon kort,https://www.vinted.pl/items/10044127576-pokemon-kort,684.45,PLN,PSA 10,,,,,brak_ceny_referencyjnej
2026-09-18T13:01:07+00:00,10044115448,Pikachu 150 30th celebrations,https://www.vinted.pl/items/10044115448-pikachu-150-30th-celebrations,488.89,PLN,,,,,,brak_gradingu_w_tytule_ani_opisie
2026-09-18T13:30:53+00:00,10044537967,Gardevoir Ex Delta species PSA 10,https://www.vinted.pl/items/10044537967-gardevoir-ex-delta-species-psa-10,418.86,PLN,PSA 10,71.00,38,-55.4,1.00,poza_zakresem_rabatu
2026-09-18T13:30:55+00:00,10044523477,Pokémon,https://www.vinted.pl/items/10044523477-pokemon,17.64,PLN,,,,,,brak_gradingu_w_tytule_ani_opisie
2026-09-18T13:30:55+00:00,10044492507,Mega Gardevoir PSA 10 JP,https://www.vinted.pl/items/10044492507-mega-gardevoir-psa-10-jp,330.68,PLN,PSA 10,650.00,196,86.6,0.67,poza_zakresem_rabatu
2026-09-18T13:30:56+00:00,10044444080,Prodajem PSA 10 Mega Charizard X JP,https://www.vinted.pl/items/10044444080-prodajem-psa-10-mega-charizard-x-jp,484.99,PLN,PSA 10,2850.00,205,95.5,0.60,poza_zakresem_rabatu
2026-09-18T13:45:36+00:00,10044554545,Galarian Moltres V JP PSA10,https://www.vinted.pl/items/10044554545-galarian-moltres-v-jp-psa10,330.68,PLN,PSA 10,89.99,99,3.2,0.75,wyslano_na_discord
2026-09-18T14:13:42+00:00,10045049216,Psyduck 199/193 AR,https://www.vinted.pl/items/10045049216-psyduck-199193-ar,245.0,PLN,,,,,,brak_gradingu_w_tytule_ani_opisie
2026-09-18T14:45:40+00:00,10045421805,Pokémon Pikachu with grey felt hat PSA 9/ Van Gogh/ Pokemon,https://www.vinted.pl/items/10045421805-pokemon-pikachu-with-grey-felt-hat-psa-9-van-gogh-pokemon,5866.71,PLN,PSA 9,,,,,brak_ceny_referencyjnej
2026-09-18T15:01:41+00:00,10045690695,Rayquaza TG29/TG30 Becket 10 (POP 73),https://www.vinted.pl/items/10045690695-rayquaza-tg29tg30-becket-10-pop-73,781.84,PLN,PSA 10,,,,,brak_ceny_referencyjnej
2026-09-18T15:01:41+00:00,10045618135,Pokemon Gholdengo EX 139/182 PSA 9,https://www.vinted.pl/items/10045618135-pokemon-gholdengo-ex-139182-psa-9,58.65,PLN,PSA 9,12.50,8,-23.2,1.00,poza_zakresem_rabatu
2026-09-18T15:01:42+00:00,10045518277,PSA 10 Minun #194 – Paradox Rift Pokémon,https://www.vinted.pl/items/10045518277-psa-10-minun-194-paradox-rift-pokemon,1002.05,PLN,PSA 10,150.00,119,-75.4,0.80,poza_zakresem_rabatu
2026-09-18T15:15:37+00:00,10045866389,Venusaur XY123 promo - XY Promos 2014,https://www.vinted.pl/items/10045866389-venusaur-xy123-promo-xy-promos-2014,879.62,PLN,PSA 10,,,,,brak_ceny_referencyjnej
2026-09-18T15:15:38+00:00,10045774581,Pikachu SWSH020 promo - Sword & Shield 2020,https://www.vinted.pl/items/10045774581-pikachu-swsh020-promo-sword-shield-2020,351.61,PLN,PSA 10,,,,,brak_ceny_referencyjnej
2026-09-18T15:30:55+00:00,10046009489,M Steelix EX Ultra Rare 109/114 Steam Siege - XY,https://www.vinted.pl/items/10046009489-m-steelix-ex-ultra-rare-109114-steam-siege-xy,156.05,PLN,PSA 10,,,,,brak_ceny_referencyjnej
2026-09-18T15:30:56+00:00,10045871131,Blastoise XY - PSA 7,https://www.vinted.pl/items/10045871131-blastoise-xy-psa-7,737.24,PLN,PSA 7,16.51,11,-1072.8,1.00,poza_zakresem_rabatu
2026-09-18T15:45:37+00:00,10046238319,PSA 10 - Eevee SAR -223,https://www.vinted.pl/items/10046238319-psa-10-eevee-sar-223,686.63,PLN,PSA 10,273.37,73,34.0,0.33,wyslano_na_discord
2026-09-18T16:01:10+00:00,10046363241,Zekrom psa 10,https://www.vinted.pl/items/10046363241-zekrom-psa-10,400.0,PLN,PSA 10,16500.00,1,99.4,1.00,poza_zakresem_rabatu
2026-09-18T16:01:11+00:00,10046337584,Mega Dragalge ex,https://www.vinted.pl/items/10046337584-mega-dragalge-ex,5.0,PLN,,,,,,brak_gradingu_w_tytule_ani_opisie
2026-09-18T16:15:37+00:00,10046613178,Mega Slowbro ex,https://www.vinted.pl/items/10046613178-mega-slowbro-ex,5.0,PLN,,,,,,brak_gradingu_w_tytule_ani_opisie
2026-09-18T16:45:38+00:00,10046942578,Pokemon - samlekort - Blastoise - Squirtle - Slowking - Southern Island - Mega Charizard X,https://www.vinted.pl/items/10046942578-pokemon-samlekort-blastoise-squirtle-slowking-southern-island-mega-charizard-x,7858.95,PLN,,,,,,brak_gradingu_w_tytule_ani_opisie
2026-09-18T16:45:40+00:00,10046936840,Makuhita promo,https://www.vinted.pl/items/10046936840-makuhita-promo,5.0,PLN,,,,,,brak_gradingu_w_tytule_ani_opisie
2026-09-18T17:15:37+00:00,10047352695,Pokémon kort 30th anniversary/Pitch black,https://www.vinted.pl/items/10047352695-pokemon-kort-30th-anniversarypitch-black,1564.46,PLN,,,,,,brak_gradingu_w_tytule_ani_opisie
2026-09-18T17:15:39+00:00,10047223799,Original Pokémon karta Charizard,https://www.vinted.pl/items/10047223799-original-pokemon-karta-charizard,264.54,PLN,PSA 9,,,,,brak_ceny_referencyjnej
2026-09-18T17:43:31+00:00,10047691524,Meloetta ex 167,https://www.vinted.pl/items/10047691524-meloetta-ex-167,500.0,PLN,,,,,,brak_gradingu_w_tytule_ani_opisie
2026-09-18T17:43:34+00:00,10047617359,Pokemon - PSA graded karty,https://www.vinted.pl/items/10047617359-pokemon-psa-graded-karty,906.65,PLN,,,,,,brak_gradingu_w_tytule_ani_opisie
2026-09-18T18:15:38+00:00,10047983850,Team Rocket's Mewtwo ex (DRI 231),https://www.vinted.pl/items/10047983850-team-rockets-mewtwo-ex-dri-231,7000.0,PLN,,,,,,brak_gradingu_w_tytule_ani_opisie
2026-09-18T18:30:53+00:00,10048170558,PSA 9 Charizard VSTAR 212/172 SAR JP,https://www.vinted.pl/items/10048170558-psa-9-charizard-vstar-212172-sar-jp,580.19,PLN,PSA 9,89.99,231,-69.3,0.50,poza_zakresem_rabatu
2026-09-18T18:45:36+00:00,10048327895,Crobat H5 PSA 8,https://www.vinted.pl/items/10048327895-crobat-h5-psa-8,2948.95,PLN,PSA 8,586.00,6,-32.2,1.00,poza_zakresem_rabatu
2026-09-18T19:01:03+00:00,10048364717,Suicune H25 PSA 6,https://www.vinted.pl/items/10048364717-suicune-h25-psa-6,1769.37,PLN,PSA 6,399.99,3,-16.2,1.00,poza_zakresem_rabatu
2026-09-18T19:30:49+00:00,10048703625,Slowbro 087/081 PSA 9,https://www.vinted.pl/items/10048703625-slowbro-087081-psa-9,225.0,PLN,PSA 9,,,,,brak_ceny_referencyjnej
2026-09-18T19:30:49+00:00,10048674371,Mega kangaskhan MEG182 PSA10,https://www.vinted.pl/items/10048674371-mega-kangaskhan-meg182-psa10,816.15,PLN,PSA 10,150.00,511,-42.9,0.67,poza_zakresem_rabatu
2026-09-18T19:45:42+00:00,10048862501,Umbreon EX 176 - PSA 10 - Prismatic Evolutions,https://www.vinted.pl/items/10048862501-umbreon-ex-176-psa-10-prismatic-evolutions,625.39,PLN,PSA 10,5199.00,578,96.8,0.80,poza_zakresem_rabatu
2026-09-18T20:00:12+00:00,10049065221,Bellibolt psa 10,https://www.vinted.pl/items/10049065221-bellibolt-psa-10,352.72,PLN,PSA 10,165.00,77,43.9,1.00,poza_zakresem_rabatu
2026-09-18T20:15:36+00:00,10049187140,Arceus & Dialga & Palkia Tag Team PSA 9,https://www.vinted.pl/items/10049187140-arceus-dialga-palkia-tag-team-psa-9,4010.57,PLN,PSA 9,,,,,brak_ceny_referencyjnej
2026-09-18T20:30:50+00:00,10049291708,Two salamance ex sir,https://www.vinted.pl/items/10049291708-two-salamance-ex-sir,260.0,PLN,,,,,,brak_gradingu_w_tytule_ani_opisie
2026-09-18T20:45:37+00:00,10049438505,Giratina Gold V Star,https://www.vinted.pl/items/10049438505-giratina-gold-v-star,162.19,PLN,PSA 10,,,,,brak_ceny_referencyjnej
2026-09-18T20:45:41+00:00,10049255911,Ace 10 Lillie's Ribombee #164,https://www.vinted.pl/items/10049255911-ace-10-lillies-ribombee-164,405.0,PLN,,,,,,brak_gradingu_w_tytule_ani_opisie
2026-09-18T21:15:38+00:00,10049642336,Pokemon Gym,https://www.vinted.pl/items/10049642336-pokemon-gym,6172.64,PLN,,,,,,brak_gradingu_w_tytule_ani_opisie
2026-09-18T21:15:40+00:00,10049628508,Electrode,https://www.vinted.pl/items/10049628508-electrode,150.4,PLN,PSA 9,,,,,brak_ceny_referencyjnej
2026-09-18T21:15:41+00:00,10049623477,Luxray,https://www.vinted.pl/items/10049623477-luxray,176.94,PLN,PSA 5,,,,,brak_ceny_referencyjnej
2026-09-18T21:15:43+00:00,10049573197,Karta Pokemon Hisuian Zorua 145/128 Illustration Rare | 30th Celebration | MINT / Pack Fresh,https://www.vinted.pl/items/10049573197-karta-pokemon-hisuian-zorua-145128-illustration-rare-30th-celebration-mint-pack-fresh,65.0,PLN,,,,,,brak_gradingu_w_tytule_ani_opisie
2026-09-18T21:45:38+00:00,10049806551,Umbreon GX SV69/SV94 Hidden Fates Full Art PSA 9,https://www.vinted.pl/items/10049806551-umbreon-gx-sv69sv94-hidden-fates-full-art-psa-9,1015.66,PLN,PSA 9,,,,,brak_ceny_referencyjnej
2026-09-18T22:01:03+00:00,10049889754,"Gengar EX PSA 8, Pokémon",https://www.vinted.pl/items/10049889754-gengar-ex-psa-8-pokemon,5985.11,PLN,PSA 8,,,,,brak_ceny_referencyjnej
2026-09-18T22:15:35+00:00,10049912693,Scorbunny PSA 10 gem mint,https://www.vinted.pl/items/10049912693-scorbunny-psa-10-gem-mint,350.0,PLN,PSA 10,,,,,brak_ceny_referencyjnej
2026-09-19T00:45:34+00:00,10050434042,Chandelure 103/086 PSA 9,https://www.vinted.pl/items/10050434042-chandelure-103086-psa-9,273.78,PLN,PSA 9,50.00,47,-43.8,1.00,poza_zakresem_rabatu
2026-09-19T05:15:36+00:00,10050963026,Charizard pokemon 2020 psa,https://www.vinted.pl/items/10050963026-charizard-pokemon-2020-psa,1000.0,PLN,PSA 10,,,,,brak_ceny_referencyjnej
2026-09-19T06:00:59+00:00,10051052346,Orginalna karta galarian articuno gem mint psa 10 crown-zenith tin promo,https://www.vinted.pl/items/10051052346-orginalna-karta-galarian-articuno-gem-mint-psa-10-crown-zenith-tin-promo,300.0,PLN,PSA 10,,,,,brak_ceny_referencyjnej
2026-09-19T06:30:51+00:00,10051157117,Togekiss ASC 235/217 PSA 10,https://www.vinted.pl/items/10051157117-togekiss-asc-235217-psa-10,815.76,PLN,PSA 10,83.50,105,-156.6,0.75,poza_zakresem_rabatu
2026-09-19T06:30:51+00:00,10051139606,Dragonite ASC 295/217 PSA 9,https://www.vinted.pl/items/10051139606-dragonite-asc-295217-psa-9,1268.96,PLN,PSA 9,300.00,202,-11.1,0.75,poza_zakresem_rabatu
2026-09-19T07:00:58+00:00,10051354876,Pokemon JPN Mewtwo #022,https://www.vinted.pl/items/10051354876-pokemon-jpn-mewtwo-022,1060.49,PLN,PSA 10,,,,,brak_ceny_referencyjnej
2026-09-19T07:01:00+00:00,10051338025,Pokemon Charizard GX #011 JPN,https://www.vinted.pl/items/10051338025-pokemon-charizard-gx-011-jpn,1133.0,PLN,PSA 10,1499.99,105,80.2,0.50,poza_zakresem_rabatu
2026-09-19T07:01:02+00:00,10051327751,Pokemon Espeon EX JPN #045,https://www.vinted.pl/items/10051327751-pokemon-espeon-ex-jpn-045,1513.69,PLN,PSA 10,24999.00,5,98.4,0.29,poza_zakresem_rabatu
2026-09-19T07:01:03+00:00,10051316764,Pokemon Mewtwo EX JPN #028,https://www.vinted.pl/items/10051316764-pokemon-mewtwo-ex-jpn-028,2084.72,PLN,PSA 10,148.25,2,-269.3,0.25,poza_zakresem_rabatu
2026-09-19T07:15:34+00:00,10051442390,Pokemon Gengar CBB3 CS PSA 9,https://www.vinted.pl/items/10051442390-pokemon-gengar-cbb3-cs-psa-9,265.86,PLN,PSA 9,,,,,brak_ceny_referencyjnej
2026-09-19T07:15:36+00:00,10051409356,"Glaceon kokoelma, Marka: Pokémon, Stan: Bardzo dobry, Rozmiar: M, 750.83 zł, 791.27 zł",https://www.vinted.pl/items/10051409356-glaceon-kokoelma,0.0,PLN,PSA 9,,,,,brak_ceny_referencyjnej
2026-09-19T08:01:01+00:00,10051785030,Poké Pad,https://www.vinted.pl/items/10051785030-poke-pad,59.82,PLN,PSA 10,,,,,brak_ceny_referencyjnej
2026-09-19T08:01:03+00:00,10051776613,Mega Starmie EX,https://www.vinted.pl/items/10051776613-mega-starmie-ex,193.97,PLN,PSA 10,,,,,brak_ceny_referencyjnej
2026-09-19T08:01:04+00:00,10051764400,Steelix (m1L 073) PSA 10,https://www.vinted.pl/items/10051764400-steelix-m1l-073-psa-10,273.83,PLN,PSA 10,3055.00,15,97.6,0.33,poza_zakresem_rabatu
2026-09-19T08:15:35+00:00,10051213496,Holo - Unown (A) 14/75 Neo DiscoveryPokémon WOTC Pokemon kort,https://www.vinted.pl/items/10051213496-holo-unown-a-1475-neo-discoverypokemon-wotc-pokemon-kort,25.38,PLN,,,,,,brak_gradingu_w_tytule_ani_opisie
2026-09-19T08:15:37+00:00,10051215543,Holo - Kabutops 6/75 Neo DiscoveryPokémon WOTC Pokemon kort,https://www.vinted.pl/items/10051215543-holo-kabutops-675-neo-discoverypokemon-wotc-pokemon-kort,175.71,PLN,,,,,,brak_gradingu_w_tytule_ani_opisie
2026-09-19T08:15:38+00:00,9777955711,"Trainer - Digger 75/82 Base set, Team Rocket Pokemon kort WOTC vintage 1999-2000",https://www.vinted.pl/items/9777955711-trainer-digger-7582-base-set-team-rocket-pokemon-kort-wotc-vintage-1999-2000,6.64,PLN,,,,,,brak_gradingu_w_tytule_ani_opisie
2026-09-19T08:15:40+00:00,9781627706,"Dark Arbok 19/82 Base set, Team Rocket Pokemon kort WOTC vintage 1999-2000",https://www.vinted.pl/items/9781627706-dark-arbok-1982-base-set-team-rocket-pokemon-kort-wotc-vintage-1999-2000,42.95,PLN,,,,,,brak_gradingu_w_tytule_ani_opisie
2026-09-19T08:15:41+00:00,9824436651,Slugma 82/105 Neo Destiny Pokémon WOTC Pokemon kort,https://www.vinted.pl/items/9824436651-slugma-82105-neo-destiny-pokemon-wotc-pokemon-kort,4.69,PLN,,,,,,brak_gradingu_w_tytule_ani_opisie
2026-09-19T08:15:43+00:00,9824471756,Mantine 74/105 Neo Destiny Pokémon WOTC Pokemon kort,https://www.vinted.pl/items/9824471756-mantine-74105-neo-destiny-pokemon-wotc-pokemon-kort,5.08,PLN,,,,,,brak_gradingu_w_tytule_ani_opisie
2026-09-19T08:15:45+00:00,9830422902,Trainer - Old Rod 64/64 Neo Revelation Pokemon kort WOTC vintage 1995-2001,https://www.vinted.pl/items/9830422902-trainer-old-rod-6464-neo-revelation-pokemon-kort-wotc-vintage-1995-2001,5.08,PLN,,,,,,brak_gradingu_w_tytule_ani_opisie
2026-09-19T08:15:46+00:00,9824490128,Girafarig 66/105 Neo Destiny Pokémon WOTC Pokemon kort,https://www.vinted.pl/items/9824490128-girafarig-66105-neo-destiny-pokemon-wotc-pokemon-kort,17.57,PLN,,,,,,brak_gradingu_w_tytule_ani_opisie
2026-09-19T08:30:47+00:00,10051197680,Houndour 24/75 Neo Discovery Pokémon WOTC Pokemon kort,https://www.vinted.pl/items/10051197680-houndour-2475-neo-discovery-pokemon-wotc-pokemon-kort,27.33,PLN,,,,,,brak_gradingu_w_tytule_ani_opisie
2026-09-19T08:30:49+00:00,10051202744,Hitmontop 22/75 Neo Discovery Pokémon WOTC Pokemon kort,https://www.vinted.pl/items/10051202744-hitmontop-2275-neo-discovery-pokemon-wotc-pokemon-kort,23.43,PLN,,,,,,brak_gradingu_w_tytule_ani_opisie
2026-09-19T08:30:50+00:00,10051204411,Espeon 20/75 Neo Discovery Pokémon WOTC Pokemon kort,https://www.vinted.pl/items/10051204411-espeon-2075-neo-discovery-pokemon-wotc-pokemon-kort,37.1,PLN,,,,,,brak_gradingu_w_tytule_ani_opisie
2026-09-19T08:30:50+00:00,10051969554,Latias EX 239/191 PSA 9,https://www.vinted.pl/items/10051969554-latias-ex-239191-psa-9,770.0,PLN,PSA 9,725.50,28,72.1,0.50,poza_zakresem_rabatu
2026-09-19T08:30:51+00:00,10051954630,Latios 203/191 PSA 9,https://www.vinted.pl/items/10051954630-latios-203191-psa-9,210.0,PLN,PSA 9,41.99,628,-31.3,1.00,poza_zakresem_rabatu
2026-09-19T08:45:34+00:00,10051172719,Omastar 43/75 Neo Discovery Pokémon WOTC Pokemon kort,https://www.vinted.pl/items/10051172719-omastar-4375-neo-discovery-pokemon-wotc-pokemon-kort,5.86,PLN,,,,,,brak_gradingu_w_tytule_ani_opisie
2026-09-19T08:45:34+00:00,10052220548,Adaman (GG57) PSA 9,https://www.vinted.pl/items/10052220548-adaman-gg57-psa-9,110.0,PLN,PSA 9,16.00,10,-80.6,1.00,poza_zakresem_rabatu
2026-09-19T08:45:36+00:00,10051173934,Metapod 42/75 Neo Discovery Pokémon WOTC Pokemon kort,https://www.vinted.pl/items/10051173934-metapod-4275-neo-discovery-pokemon-wotc-pokemon-kort,6.64,PLN,,,,,,brak_gradingu_w_tytule_ani_opisie
2026-09-19T08:45:36+00:00,10052197076,Karta Pokemon Mega Latias ex Psa 10,https://www.vinted.pl/items/10052197076-karta-pokemon-mega-latias-ex-psa-10,1050.0,PLN,PSA 10,250.00,807,-10.3,1.00,poza_zakresem_rabatu
2026-09-19T08:45:36+00:00,10052193921,Vaporeon ex (PRE 023) PSA 9,https://www.vinted.pl/items/10052193921-vaporeon-ex-pre-023-psa-9,125.0,PLN,PSA 9,549.00,24,94.0,0.50,poza_zakresem_rabatu
2026-09-19T08:45:37+00:00,10051176528,Igglybuff 40/75 Neo Discovery Pokémon WOTC Pokemon kort,https://www.vinted.pl/items/10051176528-igglybuff-4075-neo-discovery-pokemon-wotc-pokemon-kort,13.67,PLN,,,,,,brak_gradingu_w_tytule_ani_opisie
2026-09-19T08:45:38+00:00,10051186658,Tyranitar 31/75 Neo Discovery Pokémon WOTC Pokemon kort,https://www.vinted.pl/items/10051186658-tyranitar-3175-neo-discovery-pokemon-wotc-pokemon-kort,42.95,PLN,,,,,,brak_gradingu_w_tytule_ani_opisie
2026-09-19T09:00:57+00:00,10052355014,Glaceon vstar PSA9,https://www.vinted.pl/items/10052355014-glaceon-vstar-psa9,397.5,PLN,PSA 9,17.39,6,-500.1,1.00,poza_zakresem_rabatu
2026-09-19T09:00:57+00:00,10052258271,Fennel (BLK 162) PSA 10,https://www.vinted.pl/items/10052258271-fennel-blk-162-psa-10,200.0,PLN,PSA 10,39.50,44,-33.0,0.67,poza_zakresem_rabatu
2026-09-19T09:01:00+00:00,10052290584,Cynthia's garchomp,https://www.vinted.pl/items/10052290584-cynthias-garchomp,22083.11,PLN,,,,,,brak_gradingu_w_tytule_ani_opisie
2026-09-19T09:15:37+00:00,10052528116,Pokemon - Pokemonkort - Holo - Mega Charizard X ex - Blastoise - Squirtle - Slowking - Vintage,https://www.vinted.pl/items/10052528116-pokemon-pokemonkort-holo-mega-charizard-x-ex-blastoise-squirtle-slowking-vintage,7281.72,PLN,,,,,,brak_gradingu_w_tytule_ani_opisie
2026-09-19T09:15:37+00:00,10052507239,Charizard V Psa 10 Japońska,https://www.vinted.pl/items/10052507239-charizard-v-psa-10-japonska,300.0,PLN,PSA 10,,,,,brak_ceny_referencyjnej
2026-09-19T09:15:39+00:00,10052447216,Starmie TG13/TG30,https://www.vinted.pl/items/10052447216-starmie-tg13tg30,397.5,PLN,PSA 10,,,,,brak_ceny_referencyjnej
2026-09-19T09:30:46+00:00,10052773317,Squirtle - 007/165 (Pokemon Center Exclusive) PSA 10,https://www.vinted.pl/items/10052773317-squirtle-007165-pokemon-center-exclusive-psa-10,2203.89,PLN,PSA 10,,,,,brak_ceny_referencyjnej
2026-09-19T09:45:35+00:00,10052931433,Pokémon Premium Graded Pack – 1× PSA/CGC 10 Slab + 2 Booster Packs + 3 ex cards or better,https://www.vinted.pl/items/10052931433-pokemon-premium-graded-pack-1x-psacgc-10-slab-2-booster-packs-3-ex-cards-or-better,300.0,PLN,CGC 10,,,,,brak_ceny_referencyjnej
2026-09-19T09:45:37+00:00,10052849854,Karta pokemon Lugia,https://www.vinted.pl/items/10052849854-karta-pokemon-lugia,1000.0,PLN,PSA 10,,,,,brak_ceny_referencyjnej
2026-09-19T10:30:48+00:00,10053572336,Pokémon Pawmi #1 (PAF 226) Oryginalna Karta TCG,https://www.vinted.pl/items/10053572336-pokemon-pawmi-1-paf-226-oryginalna-karta-tcg,17.0,PLN,,,,,,brak_gradingu_w_tytule_ani_opisie
2026-09-19T10:30:49+00:00,10053558245,Pokémon Tyrunt #3 (MEP 070) Oryginalna Karta TCG,https://www.vinted.pl/items/10053558245-pokemon-tyrunt-3-mep-070-oryginalna-karta-tcg,20.0,PLN,,,,,,brak_gradingu_w_tytule_ani_opisie
2026-09-19T10:30:50+00:00,10053548356,Pokémon Tyrunt #2 (MEP 070) Oryginalna Karta TCG,https://www.vinted.pl/items/10053548356-pokemon-tyrunt-2-mep-070-oryginalna-karta-tcg,20.0,PLN,,,,,,brak_gradingu_w_tytule_ani_opisie
2026-09-19T10:30:52+00:00,10053538238,Pokémon Tyrunt #1 (MEP 070) Oryginalna Karta TCG,https://www.vinted.pl/items/10053538238-pokemon-tyrunt-1-mep-070-oryginalna-karta-tcg,20.0,PLN,,,,,,brak_gradingu_w_tytule_ani_opisie
2026-09-19T10:30:53+00:00,10053518962,Pokémon Heliolisk #4 (TWM 177) Oryginalna Karta TCG,https://www.vinted.pl/items/10053518962-pokemon-heliolisk-4-twm-177-oryginalna-karta-tcg,21.0,PLN,,,,,,brak_gradingu_w_tytule_ani_opisie
2026-09-19T10:30:54+00:00,10053510895,Pokémon Heliolisk #3 (TWM 177) Oryginalna Karta TCG,https://www.vinted.pl/items/10053510895-pokemon-heliolisk-3-twm-177-oryginalna-karta-tcg,21.0,PLN,,,,,,brak_gradingu_w_tytule_ani_opisie
2026-09-19T10:30:56+00:00,10053495431,Pokémon Heliolisk #2 (TWM 177) Oryginalna Karta TCG,https://www.vinted.pl/items/10053495431-pokemon-heliolisk-2-twm-177-oryginalna-karta-tcg,21.0,PLN,,,,,,brak_gradingu_w_tytule_ani_opisie
2026-09-19T10:30:58+00:00,10053483865,Pokémon Heliolisk #1 (TWM 177) Oryginalna Karta TCG,https://www.vinted.pl/items/10053483865-pokemon-heliolisk-1-twm-177-oryginalna-karta-tcg,21.0,PLN,,,,,,brak_gradingu_w_tytule_ani_opisie
2026-09-19T10:30:59+00:00,10053461387,Pokémon Noibat (JTG 169) Oryginalna Karta TCG,https://www.vinted.pl/items/10053461387-pokemon-noibat-jtg-169-oryginalna-karta-tcg,29.0,PLN,,,,,,brak_gradingu_w_tytule_ani_opisie
2026-09-19T10:31:00+00:00,10053449537,Pokémon Timburr (TWM 183) Oryginalna Karta TCG,https://www.vinted.pl/items/10053449537-pokemon-timburr-twm-183-oryginalna-karta-tcg,29.0,PLN,,,,,,brak_gradingu_w_tytule_ani_opisie
2026-09-19T10:31:01+00:00,10053430560,Pokémon Lycanroc (JTG 166) Oryginalna Karta TCG,https://www.vinted.pl/items/10053430560-pokemon-lycanroc-jtg-166-oryginalna-karta-tcg,17.0,PLN,,,,,,brak_gradingu_w_tytule_ani_opisie
2026-09-19T10:45:38+00:00,10053762993,Mc Donalds pikachu psa 9,https://www.vinted.pl/items/10053762993-mc-donalds-pikachu-psa-9,271.77,PLN,PSA 9,34.84,10,-104.8,0.33,poza_zakresem_rabatu
2026-09-19T10:45:40+00:00,10053764698,Pokémon Bulbasaur #1 (PFL 103) Oryginalna Karta TCG,https://www.vinted.pl/items/10053764698-pokemon-bulbasaur-1-pfl-103-oryginalna-karta-tcg,165.0,PLN,,,,,,brak_gradingu_w_tytule_ani_opisie
2026-09-19T10:45:41+00:00,10053737004,Pokémon Stufful #2 (MEG 154) Oryginalna Karta TCG,https://www.vinted.pl/items/10053737004-pokemon-stufful-2-meg-154-oryginalna-karta-tcg,30.0,PLN,,,,,,brak_gradingu_w_tytule_ani_opisie
2026-09-19T10:45:43+00:00,10053729012,Pokémon Stufful #1 (MEG 154) Oryginalna Karta TCG,https://www.vinted.pl/items/10053729012-pokemon-stufful-1-meg-154-oryginalna-karta-tcg,30.0,PLN,,,,,,brak_gradingu_w_tytule_ani_opisie
2026-09-19T10:45:44+00:00,10053705676,Pokémon Armarouge #2 (PAR 218) Oryginalna Karta TCG,https://www.vinted.pl/items/10053705676-pokemon-armarouge-2-par-218-oryginalna-karta-tcg,10.0,PLN,,,,,,brak_gradingu_w_tytule_ani_opisie
2026-09-19T10:45:46+00:00,10053685925,Pokémon Toxtricity #4 (PFL 103) Oryginalna Karta TCG,https://www.vinted.pl/items/10053685925-pokemon-toxtricity-4-pfl-103-oryginalna-karta-tcg,12.0,PLN,,,,,,brak_gradingu_w_tytule_ani_opisie
2026-09-19T10:45:47+00:00,10053675474,Pokémon Toxtricity #3 (PFL 103) Oryginalna Karta TCG,https://www.vinted.pl/items/10053675474-pokemon-toxtricity-3-pfl-103-oryginalna-karta-tcg,12.0,PLN,,,,,,brak_gradingu_w_tytule_ani_opisie
2026-09-19T10:45:49+00:00,10053664939,Pokémon Toxtricity #2 (PFL 103) Oryginalna Karta TCG,https://www.vinted.pl/items/10053664939-pokemon-toxtricity-2-pfl-103-oryginalna-karta-tcg,12.0,PLN,,,,,,brak_gradingu_w_tytule_ani_opisie
2026-09-19T10:45:50+00:00,10053651977,Pokémon Toxtricity #1 (PFL 103) Oryginalna Karta TCG,https://www.vinted.pl/items/10053651977-pokemon-toxtricity-1-pfl-103-oryginalna-karta-tcg,12.0,PLN,,,,,,brak_gradingu_w_tytule_ani_opisie
2026-09-19T10:45:52+00:00,10053638798,Pokémon Poltchageist #4 (TWM 171) Oryginalna Karta TCG,https://www.vinted.pl/items/10053638798-pokemon-poltchageist-4-twm-171-oryginalna-karta-tcg,16.0,PLN,,,,,,brak_gradingu_w_tytule_ani_opisie
2026-09-19T10:45:54+00:00,10053629589,Pokémon Poltchageist #3 (TWM 171) Oryginalna Karta TCG,https://www.vinted.pl/items/10053629589-pokemon-poltchageist-3-twm-171-oryginalna-karta-tcg,16.0,PLN,,,,,,brak_gradingu_w_tytule_ani_opisie
2026-09-19T10:45:54+00:00,10053617504,Mewtwo SVP 052 PSA 8,https://www.vinted.pl/items/10053617504-mewtwo-svp-052-psa-8,375.37,PLN,PSA 8,39.99,9,-146.5,0.33,poza_zakresem_rabatu
2026-09-19T10:45:56+00:00,10053619613,Pokémon Poltchageist #2 (TWM 171) Oryginalna Karta TCG,https://www.vinted.pl/items/10053619613-pokemon-poltchageist-2-twm-171-oryginalna-karta-tcg,16.0,PLN,,,,,,brak_gradingu_w_tytule_ani_opisie
2026-09-19T10:45:57+00:00,10053609166,Pokémon Poltchageist #1 (TWM 171) Oryginalna Karta TCG,https://www.vinted.pl/items/10053609166-pokemon-poltchageist-1-twm-171-oryginalna-karta-tcg,16.0,PLN,,,,,,brak_gradingu_w_tytule_ani_opisie
2026-09-19T10:45:59+00:00,10053593843,Pokémon Pawmi #3 (PAF 226) Oryginalna Karta TCG,https://www.vinted.pl/items/10053593843-pokemon-pawmi-3-paf-226-oryginalna-karta-tcg,17.0,PLN,,,,,,brak_gradingu_w_tytule_ani_opisie
2026-09-19T10:46:00+00:00,10053583359,Pokémon Pawmi #2 (PAF 226) Oryginalna Karta TCG,https://www.vinted.pl/items/10053583359-pokemon-pawmi-2-paf-226-oryginalna-karta-tcg,17.0,PLN,,,,,,brak_gradingu_w_tytule_ani_opisie
2026-09-19T11:01:03+00:00,10053971831,Pokémon Spiritomb (TG09 TG30) Oryginalna Karta TCG,https://www.vinted.pl/items/10053971831-pokemon-spiritomb-tg09-tg30-oryginalna-karta-tcg,15.0,PLN,,,,,,brak_gradingu_w_tytule_ani_opisie
2026-09-19T11:01:04+00:00,10053952814,Pokémon Malamar (TG06 TG30) Oryginalna Karta TCG,https://www.vinted.pl/items/10053952814-pokemon-malamar-tg06-tg30-oryginalna-karta-tcg,11.0,PLN,,,,,,brak_gradingu_w_tytule_ani_opisie
2026-09-19T11:01:06+00:00,10053934692,Pokémon Hydrapple (DRI 188) Oryginalna Karta TCG,https://www.vinted.pl/items/10053934692-pokemon-hydrapple-dri-188-oryginalna-karta-tcg,18.0,PLN,,,,,,brak_gradingu_w_tytule_ani_opisie
2026-09-19T11:01:07+00:00,10053909799,Pokémon Lillie's Ribombee (JTG 164) Oryginalna Karta TCG,https://www.vinted.pl/items/10053909799-pokemon-lillies-ribombee-jtg-164-oryginalna-karta-tcg,28.0,PLN,,,,,,brak_gradingu_w_tytule_ani_opisie
2026-09-19T11:01:08+00:00,10053886872,Pokémon Oricorio ex ACE 9 mint  (MEP 024) Oryginalna Karta TCG,https://www.vinted.pl/items/10053886872-pokemon-oricorio-ex-ace-9-mint-mep-024-oryginalna-karta-tcg,145.0,PLN,,,,,,brak_gradingu_w_tytule_ani_opisie
2026-09-19T11:01:10+00:00,10053857585,Pokémon Oricorio ex #5 (MEP 024) Oryginalna Karta TCG,https://www.vinted.pl/items/10053857585-pokemon-oricorio-ex-5-mep-024-oryginalna-karta-tcg,99.0,PLN,,,,,,brak_gradingu_w_tytule_ani_opisie
2026-09-19T11:01:12+00:00,10053849076,Pokémon Oricorio ex #4 (MEP 024) Oryginalna Karta TCG,https://www.vinted.pl/items/10053849076-pokemon-oricorio-ex-4-mep-024-oryginalna-karta-tcg,99.0,PLN,,,,,,brak_gradingu_w_tytule_ani_opisie
2026-09-19T11:01:13+00:00,10053839887,Pokémon Oricorio ex #3 (MEP 024) Oryginalna Karta TCG,https://www.vinted.pl/items/10053839887-pokemon-oricorio-ex-3-mep-024-oryginalna-karta-tcg,99.0,PLN,,,,,,brak_gradingu_w_tytule_ani_opisie
2026-09-19T11:01:14+00:00,10053826396,Latios 203/191 Psa 9,https://www.vinted.pl/items/10053826396-latios-203191-psa-9,176.66,PLN,PSA 9,41.99,628,-10.5,1.00,poza_zakresem_rabatu
2026-09-19T11:01:16+00:00,10053830729,Pokémon Oricorio ex #2 (MEP 024) Oryginalna Karta TCG,https://www.vinted.pl/items/10053830729-pokemon-oricorio-ex-2-mep-024-oryginalna-karta-tcg,99.0,PLN,,,,,,brak_gradingu_w_tytule_ani_opisie
2026-09-19T11:01:18+00:00,10053821139,Pokémon Oricorio ex #1 (MEP 024) Oryginalna Karta TCG,https://www.vinted.pl/items/10053821139-pokemon-oricorio-ex-1-mep-024-oryginalna-karta-tcg,99.0,PLN,,,,,,brak_gradingu_w_tytule_ani_opisie
2026-09-19T11:01:19+00:00,10053778644,Pokémon Bulbasaur #1 (MEP 037) Oryginalna Karta TCG,https://www.vinted.pl/items/10053778644-pokemon-bulbasaur-1-mep-037-oryginalna-karta-tcg,165.0,PLN,,,,,,brak_gradingu_w_tytule_ani_opisie
2026-09-19T11:15:37+00:00,10054165856,Pokémon Ambipom #1 (M2 092) Oryginalna Karta TCG,https://www.vinted.pl/items/10054165856-pokemon-ambipom-1-m2-092-oryginalna-karta-tcg,10.0,PLN,,,,,,brak_gradingu_w_tytule_ani_opisie
2026-09-19T11:15:39+00:00,10054152123,Pokémon Fennekin #2 (M4 085) Oryginalna Karta TCG,https://www.vinted.pl/items/10054152123-pokemon-fennekin-2-m4-085-oryginalna-karta-tcg,17.0,PLN,,,,,,brak_gradingu_w_tytule_ani_opisie
2026-09-19T11:15:41+00:00,10054143630,Pokémon Fennekin #1 (M4 085) Oryginalna Karta TCG,https://www.vinted.pl/items/10054143630-pokemon-fennekin-1-m4-085-oryginalna-karta-tcg,17.0,PLN,,,,,,brak_gradingu_w_tytule_ani_opisie
2026-09-19T11:15:42+00:00,10054124783,Pokémon Thievul #1 (M5 089) Oryginalna Karta TCG,https://www.vinted.pl/items/10054124783-pokemon-thievul-1-m5-089-oryginalna-karta-tcg,12.0,PLN,,,,,,brak_gradingu_w_tytule_ani_opisie
2026-09-19T11:15:44+00:00,10054052853,Pokémon Galarian Obstagoon #4 (TG10 TG30) Oryginalna Karta TCG,https://www.vinted.pl/items/10054052853-pokemon-galarian-obstagoon-4-tg10-tg30-oryginalna-karta-tcg,17.0,PLN,,,,,,brak_gradingu_w_tytule_ani_opisie
2026-09-19T11:15:45+00:00,10054043973,Pokémon Galarian Obstagoon #3 (TG10 TG30) Oryginalna Karta TCG,https://www.vinted.pl/items/10054043973-pokemon-galarian-obstagoon-3-tg10-tg30-oryginalna-karta-tcg,17.0,PLN,,,,,,brak_gradingu_w_tytule_ani_opisie
2026-09-19T11:15:46+00:00,10054035943,Pokémon Galarian Obstagoon #2 (TG10 TG30) Oryginalna Karta TCG,https://www.vinted.pl/items/10054035943-pokemon-galarian-obstagoon-2-tg10-tg30-oryginalna-karta-tcg,17.0,PLN,,,,,,brak_gradingu_w_tytule_ani_opisie
2026-09-19T11:15:47+00:00,10054026666,Lana's AID Psa 9,https://www.vinted.pl/items/10054026666-lanas-aid-psa-9,135.0,PLN,PSA 9,31.99,50,-10.8,1.00,poza_zakresem_rabatu
2026-09-19T11:15:49+00:00,10054014218,Pokémon Galarian Obstagoon #1 (TG10 TG30) Oryginalna Karta TCG,https://www.vinted.pl/items/10054014218-pokemon-galarian-obstagoon-1-tg10-tg30-oryginalna-karta-tcg,17.0,PLN,,,,,,brak_gradingu_w_tytule_ani_opisie
2026-09-19T11:15:50+00:00,10054000989,Pokémon Hisuian Voltorb #2 (GG01 GG70) Oryginalna Karta TCG,https://www.vinted.pl/items/10054000989-pokemon-hisuian-voltorb-2-gg01-gg70-oryginalna-karta-tcg,20.0,PLN,,,,,,brak_gradingu_w_tytule_ani_opisie
2026-09-19T11:15:52+00:00,10053991300,Pokémon Hisuian Voltorb #1 (GG01 GG70) Oryginalna Karta TCG,https://www.vinted.pl/items/10053991300-pokemon-hisuian-voltorb-1-gg01-gg70-oryginalna-karta-tcg,20.0,PLN,,,,,,brak_gradingu_w_tytule_ani_opisie
2026-09-19T11:15:55+00:00,10054135732,Karta Pokemon ascendent heroes,https://www.vinted.pl/items/10054135732-karta-pokemon-ascendent-heroes,110.0,PLN,,,,,,brak_gradingu_w_tytule_ani_opisie
2026-09-19T11:30:51+00:00,10054362640,Pokémon Bulbasaur #2 (M1L 064) Oryginalna Karta TCG,https://www.vinted.pl/items/10054362640-pokemon-bulbasaur-2-m1l-064-oryginalna-karta-tcg,50.0,PLN,,,,,,brak_gradingu_w_tytule_ani_opisie
2026-09-19T11:30:52+00:00,10054353789,Pokémon Bulbasaur #1 (M1L 064) Oryginalna Karta TCG,https://www.vinted.pl/items/10054353789-pokemon-bulbasaur-1-m1l-064-oryginalna-karta-tcg,50.0,PLN,,,,,,brak_gradingu_w_tytule_ani_opisie
2026-09-19T11:30:54+00:00,10054341717,Pokémon Beautifly #2 (M2a 194) Oryginalna Karta TCG,https://www.vinted.pl/items/10054341717-pokemon-beautifly-2-m2a-194-oryginalna-karta-tcg,11.0,PLN,,,,,,brak_gradingu_w_tytule_ani_opisie
2026-09-19T11:30:55+00:00,10054332508,Pokémon Beautifly #1 (M2a 194) Oryginalna Karta TCG,https://www.vinted.pl/items/10054332508-pokemon-beautifly-1-m2a-194-oryginalna-karta-tcg,11.0,PLN,,,,,,brak_gradingu_w_tytule_ani_opisie
2026-09-19T11:30:56+00:00,10054316151,Pokémon Goldeen (M5 084) Oryginalna Karta TCG,https://www.vinted.pl/items/10054316151-pokemon-goldeen-m5-084-oryginalna-karta-tcg,29.0,PLN,,,,,,brak_gradingu_w_tytule_ani_opisie
2026-09-19T11:30:56+00:00,10054304880,Popplio PSA 10,https://www.vinted.pl/items/10054304880-popplio-psa-10,443.11,PLN,PSA 10,,,,,brak_ceny_referencyjnej
2026-09-19T11:30:58+00:00,10054293426,Pokémon Zarude (M5 090) Oryginalna Karta TCG,https://www.vinted.pl/items/10054293426-pokemon-zarude-m5-090-oryginalna-karta-tcg,12.0,PLN,,,,,,brak_gradingu_w_tytule_ani_opisie
2026-09-19T11:30:59+00:00,10051156091,Unown (F) 48/75 Neo Discovery Pokémon WOTC Pokemon kort,https://www.vinted.pl/items/10051156091-unown-f-4875-neo-discovery-pokemon-wotc-pokemon-kort,5.86,PLN,,,,,,brak_gradingu_w_tytule_ani_opisie
2026-09-19T11:31:01+00:00,10051154868,Unown (M) 49/75 Neo Discovery Pokémon WOTC Pokemon kort,https://www.vinted.pl/items/10051154868-unown-m-4975-neo-discovery-pokemon-wotc-pokemon-kort,5.86,PLN,,,,,,brak_gradingu_w_tytule_ani_opisie
2026-09-19T11:31:02+00:00,10051158807,Unown (D) 47/75 Neo Discovery Pokémon WOTC Pokemon kort,https://www.vinted.pl/items/10051158807-unown-d-4775-neo-discovery-pokemon-wotc-pokemon-kort,6.64,PLN,,,,,,brak_gradingu_w_tytule_ani_opisie
2026-09-19T11:31:03+00:00,10054273166,Pokémon card,https://www.vinted.pl/items/10054273166-pokemon-card,644.28,PLN,PSA 10,,,,,brak_ceny_referencyjnej
2026-09-19T11:31:05+00:00,10054258120,Pokémon Clefairy (M3 086) Oryginalna Karta TCG,https://www.vinted.pl/items/10054258120-pokemon-clefairy-m3-086-oryginalna-karta-tcg,60.0,PLN,,,,,,brak_gradingu_w_tytule_ani_opisie
2026-09-19T11:31:06+00:00,10051179086,Eevee 38/75 Neo Discovery Pokémon WOTC Pokemon kort,https://www.vinted.pl/items/10051179086-eevee-3875-neo-discovery-pokemon-wotc-pokemon-kort,23.43,PLN,,,,,,brak_gradingu_w_tytule_ani_opisie
2026-09-19T11:31:07+00:00,10051211646,1st Edition - Holo + swirl - Ursaring 15/75 Neo Discovery Pokémon WOTC Pokemon kort,https://www.vinted.pl/items/10051211646-1st-edition-holo-swirl-ursaring-1575-neo-discovery-pokemon-wotc-pokemon-kort,468.57,PLN,,,,,,brak_gradingu_w_tytule_ani_opisie
2026-09-19T11:31:09+00:00,10051183621,1st Edition - Corsola 37/75 Neo Discovery Pokémon WOTC Pokemon kort,https://www.vinted.pl/items/10051183621-1st-edition-corsola-3775-neo-discovery-pokemon-wotc-pokemon-kort,54.67,PLN,,,,,,brak_gradingu_w_tytule_ani_opisie
2026-09-19T11:31:10+00:00,10054244779,Pokémon Cleffa #2 (SV3 113) Oryginalna Karta TCG,https://www.vinted.pl/items/10054244779-pokemon-cleffa-2-sv3-113-oryginalna-karta-tcg,89.0,PLN,,,,,,brak_gradingu_w_tytule_ani_opisie
2026-09-19T11:31:12+00:00,10054235553,Pokémon Cleffa #1 (SV3 113) Oryginalna Karta TCG,https://www.vinted.pl/items/10054235553-pokemon-cleffa-1-sv3-113-oryginalna-karta-tcg,89.0,PLN,,,,,,brak_gradingu_w_tytule_ani_opisie
2026-09-19T11:31:13+00:00,10054209426,Karta pokemon Rosa’s Encouragment,https://www.vinted.pl/items/10054209426-karta-pokemon-rosas-encouragment,270.0,PLN,PSA 10,,,,,brak_ceny_referencyjnej
2026-09-19T11:31:15+00:00,10054216908,Pokémon Fomantis #2 (M5 082) Oryginalna Karta TCG,https://www.vinted.pl/items/10054216908-pokemon-fomantis-2-m5-082-oryginalna-karta-tcg,19.0,PLN,,,,,,brak_gradingu_w_tytule_ani_opisie
2026-09-19T11:31:16+00:00,10054208087,Pokémon Fomantis #1 (M5 082) Oryginalna Karta TCG,https://www.vinted.pl/items/10054208087-pokemon-fomantis-1-m5-082-oryginalna-karta-tcg,19.0,PLN,,,,,,brak_gradingu_w_tytule_ani_opisie
2026-09-19T11:31:17+00:00,10054196195,Pokémon Dewgong #2 (M2 084) Oryginalna Karta TCG,https://www.vinted.pl/items/10054196195-pokemon-dewgong-2-m2-084-oryginalna-karta-tcg,12.0,PLN,,,,,,brak_gradingu_w_tytule_ani_opisie
2026-09-19T11:31:19+00:00,10054174251,Pokémon Ambipom #2 (M2 092) Oryginalna Karta TCG,https://www.vinted.pl/items/10054174251-pokemon-ambipom-2-m2-092-oryginalna-karta-tcg,10.0,PLN,,,,,,brak_gradingu_w_tytule_ani_opisie
2026-09-19T12:01:02+00:00,10054720075,Medicham 241/217 Beckett 10 Pristine,https://www.vinted.pl/items/10054720075-medicham-241217-beckett-10-pristine,546.66,PLN,,,,,,brak_gradingu_w_tytule_ani_opisie
2026-09-19T12:15:36+00:00,10054922408,Pokemon Morpeko (30C 135) - 30th Celebration - Singles v TOP stavu,https://www.vinted.pl/items/10054922408-pokemon-morpeko-30c-135-30th-celebration-singles-v-top-stavu,45.32,PLN,,,,,,brak_gradingu_w_tytule_ani_opisie
2026-09-19T12:15:37+00:00,10054878023,Glaceon VStar PSA 10,https://www.vinted.pl/items/10054878023-glaceon-vstar-psa-10,945.29,PLN,PSA 10,50.50,18,-391.7,1.00,poza_zakresem_rabatu
2026-09-19T12:15:39+00:00,10054881273,Umbreon ex 112/115 – EX Unseen Forces 2005 – Ultra Rare,https://www.vinted.pl/items/10054881273-umbreon-ex-112115-ex-unseen-forces-2005-ultra-rare,3840.26,PLN,,,,,,brak_gradingu_w_tytule_ani_opisie
2026-09-19T12:15:40+00:00,10054863392,Pokemon Zapdos (30C 133) - 30th Celebration - Singles v TOP stavu,https://www.vinted.pl/items/10054863392-pokemon-zapdos-30c-133-30th-celebration-singles-v-top-stavu,55.29,PLN,,,,,,brak_gradingu_w_tytule_ani_opisie
2026-09-19T12:15:41+00:00,10054823743,Pokemon Mew ex (30C 158) - 30th Celebration - Singles v TOP stavu,https://www.vinted.pl/items/10054823743-pokemon-mew-ex-30c-158-30th-celebration-singles-v-top-stavu,552.9,PLN,,,,,,brak_gradingu_w_tytule_ani_opisie
2026-09-19T12:15:43+00:00,10054958685,Medicham IR 241/217 BGS 10 & Togekiss IR 235/217 BGS 9,https://www.vinted.pl/items/10054958685-medicham-ir-241217-bgs-10-togekiss-ir-235217-bgs-9,585.71,PLN,BGS 10,,,,,brak_ceny_referencyjnej
2026-09-19T12:30:50+00:00,10055209809,PSA 10 Sticker,https://www.vinted.pl/items/10055209809-psa-10-sticker,827.13,PLN,PSA 10,,,,,brak_ceny_referencyjnej
2026-09-19T12:30:52+00:00,10055065763,Pokémon Pitch Black: Elite Trainer Box,https://www.vinted.pl/items/10055065763-pokemon-pitch-black-elite-trainer-box,472.06,PLN,PSA 10,,,,,brak_ceny_referencyjnej
2026-09-19T13:01:01+00:00,10055601521,Pokemon Delcatty (30C RS 5) - 30th Celebration - Singles v TOP stavu,https://www.vinted.pl/items/10055601521-pokemon-delcatty-30c-rs-5-30th-celebration-singles-v-top-stavu,27.19,PLN,,,,,,brak_gradingu_w_tytule_ani_opisie
2026-09-19T13:01:02+00:00,10055579534,Pokemon Dark Tyranitar (30C TRR 19) - 30th Celebration - Singles v TOP stavu,https://www.vinted.pl/items/10055579534-pokemon-dark-tyranitar-30c-trr-19-30th-celebration-singles-v-top-stavu,135.96,PLN,,,,,,brak_gradingu_w_tytule_ani_opisie
2026-09-19T13:01:04+00:00,10055568825,Chatisard,https://www.vinted.pl/items/10055568825-chatisard,137.07,PLN,PSA 10,,,,,brak_ceny_referencyjnej
2026-09-19T13:15:37+00:00,10055849565,Galarian Moltres TIN (PSA 8),https://www.vinted.pl/items/10055849565-galarian-moltres-tin-psa-8,135.0,PLN,PSA 8,,,,,brak_ceny_referencyjnej
2026-09-19T13:15:38+00:00,10051177797,Houndour 39/75 Neo Discovery Pokémon WOTC Pokemon kort,https://www.vinted.pl/items/10051177797-houndour-3975-neo-discovery-pokemon-wotc-pokemon-kort,7.81,PLN,,,,,,brak_gradingu_w_tytule_ani_opisie
2026-09-19T13:15:40+00:00,10051189397,Smeargle 30/75 Neo Discovery Pokémon WOTC Pokemon kort,https://www.vinted.pl/items/10051189397-smeargle-3075-neo-discovery-pokemon-wotc-pokemon-kort,37.1,PLN,,,,,,brak_gradingu_w_tytule_ani_opisie
2026-09-19T13:15:41+00:00,10051199053,Houndoom 23/75 Neo Discovery Pokémon WOTC Pokemon kort,https://www.vinted.pl/items/10051199053-houndoom-2375-neo-discovery-pokemon-wotc-pokemon-kort,31.24,PLN,,,,,,brak_gradingu_w_tytule_ani_opisie
2026-09-19T13:15:43+00:00,10051206282,Holo - Yanma 17/75 Neo Discovery Pokémon WOTC Pokemon kort,https://www.vinted.pl/items/10051206282-holo-yanma-1775-neo-discovery-pokemon-wotc-pokemon-kort,74.19,PLN,,,,,,brak_gradingu_w_tytule_ani_opisie
2026-09-19T13:27:40+00:00,10055933737,Sylveon ex 153/128 [PSA 10 Contender],https://www.vinted.pl/items/10055933737-sylveon-ex-153128-psa-10-contender,596.24,PLN,PSA 10,,,,,brak_ceny_referencyjnej
2026-09-19T13:27:40+00:00,10055883269,Pokemon karta Jiarchi 30th celebration ex psa 10,https://www.vinted.pl/items/10055883269-pokemon-karta-jiarchi-30th-celebration-ex-psa-10,199.41,PLN,PSA 10,,,,,brak_ceny_referencyjnej
2026-09-19T13:30:49+00:00,10056064726,Pokemon PSA Slab Display Holder “Fusion Strike”,https://www.vinted.pl/items/10056064726-pokemon-psa-slab-display-holder-fusion-strike,59.08,PLN,,,,,,brak_gradingu_w_tytule_ani_opisie
2026-09-19T13:45:36+00:00,10056298000,Vintage Kingdra Holo Neo Genesis,https://www.vinted.pl/items/10056298000-vintage-kingdra-holo-neo-genesis,472.65,PLN,PSA 6,,,,,brak_ceny_referencyjnej
2026-09-19T13:45:36+00:00,10056141779,Greninja ex 148/128 [PSA 10 Contender],https://www.vinted.pl/items/10056141779-greninja-ex-148128-psa-10-contender,348.91,PLN,PSA 10,,,,,brak_ceny_referencyjnej
2026-09-19T14:01:01+00:00,10056549607,Kids bundle (Starter pack),https://www.vinted.pl/items/10056549607-kids-bundle-starter-pack,11.82,PLN,PSA 10,,,,,brak_ceny_referencyjnej
2026-09-19T14:01:03+00:00,10056437320,Nymble 096/094,https://www.vinted.pl/items/10056437320-nymble-096094,11.82,PLN,PSA 10,,,,,brak_ceny_referencyjnej
2026-09-19T14:15:34+00:00,10056676160,Psa 10 pokemon cards,https://www.vinted.pl/items/10056676160-psa-10-pokemon-cards,362.26,PLN,PSA 10,,,,,brak_ceny_referencyjnej
2026-09-19T14:15:36+00:00,10056657857,Kids bundle (Starter pack),https://www.vinted.pl/items/10056657857-kids-bundle-starter-pack,11.82,PLN,PSA 10,,,,,brak_ceny_referencyjnej
2026-09-19T14:15:39+00:00,10056639860,Pokémon,https://www.vinted.pl/items/10056639860-pokemon,1772.43,PLN,PSA 10,,,,,brak_ceny_referencyjnej
2026-09-19T14:45:33+00:00,10057189771,Karta Pokemon Psa 9,https://www.vinted.pl/items/10057189771-karta-pokemon-psa-9,225.0,PLN,PSA 9,,,,,brak_ceny_referencyjnej
2026-09-19T14:45:33+00:00,10057046276,PSA 9 Pikachu Vmax 188/185,https://www.vinted.pl/items/10057046276-psa-9-pikachu-vmax-188185,767.46,PLN,PSA 9,154.75,159,-30.2,1.00,poza_zakresem_rabatu
2026-09-19T15:00:59+00:00,10057515889,Mewtwo EX,https://www.vinted.pl/items/10057515889-mewtwo-ex,671.14,PLN,PSA 10,,,,,brak_ceny_referencyjnej
2026-09-19T15:01:00+00:00,10057397203,Jumpluff Psa 8.5 and Scyther Psa 8,https://www.vinted.pl/items/10057397203-jumpluff-psa-85-and-scyther-psa-8,574.16,PLN,PSA 8.5,,,,,brak_ceny_referencyjnej
2026-09-19T15:01:00+00:00,10057380806,Jumpluff holo psa 8.5,https://www.vinted.pl/items/10057380806-jumpluff-holo-psa-85,300.33,PLN,PSA 8.5,,,,,brak_ceny_referencyjnej
2026-09-19T15:01:00+00:00,10057372514,Scyther holo psa 8,https://www.vinted.pl/items/10057372514-scyther-holo-psa-8,300.33,PLN,PSA 8,8.99,3,-777.4,1.00,poza_zakresem_rabatu
2026-09-19T15:01:02+00:00,10057312331,Mew gold,https://www.vinted.pl/items/10057312331-mew-gold,8862.13,PLN,PSA 1,69.99,1,-3225.4,0.03,poza_zakresem_rabatu
2026-09-19T15:15:37+00:00,10057529671,Mew EX,https://www.vinted.pl/items/10057529671-mew-ex,587.24,PLN,PSA 10,,,,,brak_ceny_referencyjnej
2026-09-19T15:15:41+00:00,10057579302,Mega Rayquaza ex 110/076 SAR Storm Emerald Jp,https://www.vinted.pl/items/10057579302-mega-rayquaza-ex-110076-sar-storm-emerald-jp,2658.64,PLN,BGS 9.5,,,,,brak_ceny_referencyjnej
2026-09-19T15:45:36+00:00,10058226059,Bewear psa 10 jp,https://www.vinted.pl/items/10058226059-bewear-psa-10-jp,236.32,PLN,PSA 10,,,,,brak_ceny_referencyjnej
2026-09-19T15:45:39+00:00,10033424170,Moltres & Zapdos & Articuno GX (CSM2cC 173),https://www.vinted.pl/items/10033424170-moltres-zapdos-articuno-gx-csm2cc-173,1540.88,PLN,PSA 10,425.00,909,4.8,0.50,wyslano_na_discord
2026-09-19T16:01:01+00:00,10058260947,Wobbuffet psa 10 jp,https://www.vinted.pl/items/10058260947-wobbuffet-psa-10-jp,236.32,PLN,PSA 10,,,,,brak_ceny_referencyjnej
2026-09-19T16:01:04+00:00,10058388353,"Mega Charizard ex Promo BGS 9,5",https://www.vinted.pl/items/10058388353-mega-charizard-ex-promo-bgs-95,361.19,PLN,"BGS 9,5",34.49,8,-175.0,1.00,poza_zakresem_rabatu
2026-09-19T16:15:35+00:00,10058535601,Pokémon kort,https://www.vinted.pl/items/10058535601-pokemon-kort,976.19,PLN,,,,,,brak_gradingu_w_tytule_ani_opisie
2026-09-19T16:15:36+00:00,10058533857,Team Rocket’s Mewtwo ex 231/182 SIR – Destined Rivals – NM/MINT – granding candidate,https://www.vinted.pl/items/10058533857-team-rockets-mewtwo-ex-231182-sir-destined-rivals-nmmint-granding-candidate,2537.92,PLN,,,,,,brak_gradingu_w_tytule_ani_opisie
2026-09-19T16:15:38+00:00,10058498993,Maushold IR 146/128 30th Celebration,https://www.vinted.pl/items/10058498993-maushold-ir-146128-30th-celebration,117.45,PLN,PSA 10,,,,,brak_ceny_referencyjnej
2026-09-19T16:30:48+00:00,10058785342,Pokemo. Kort psa 8,https://www.vinted.pl/items/10058785342-pokemo-kort-psa-8,206.78,PLN,PSA 8,,,,,brak_ceny_referencyjnej
2026-09-19T16:30:48+00:00,10058759923,Mega fedt Pokémon kort PSa 8,https://www.vinted.pl/items/10058759923-mega-fedt-pokemon-kort-psa-8,206.78,PLN,PSA 8,,,,,brak_ceny_referencyjnej
2026-09-19T16:45:06+00:00,10059135312,Pokemon/Karty/Charizard/ Pikachu /PSA 10,https://www.vinted.pl/items/10059135312-pokemonkartycharizard-pikachu-psa-10,103000.0,PLN,PSA 10,229.00,66,-11712.6,1.00,poza_zakresem_rabatu
2026-09-19T16:45:07+00:00,10059015059,Psyduck PSA 10,https://www.vinted.pl/items/10059015059-psyduck-psa-10,546.66,PLN,PSA 10,1031.00,8,86.1,1.00,poza_zakresem_rabatu
2026-09-19T16:45:08+00:00,10058939695,Pokemon TCG Mega Gengar ex 230/193 MA Mega Dream ex Japanese JP,https://www.vinted.pl/items/10058939695-pokemon-tcg-mega-gengar-ex-230193-ma-mega-dream-ex-japanese-jp,170.0,PLN,,,,,,brak_gradingu_w_tytule_ani_opisie
2026-09-19T17:15:33+00:00,10059513835,Reshiram charizard #20 PSA 10,https://www.vinted.pl/items/10059513835-reshiram-charizard-20-psa-10,2000.0,PLN,PSA 10,295.00,265,-78.1,1.00,poza_zakresem_rabatu
2026-09-19T17:15:33+00:00,10059500680,Pikachu SV-P Psa 9,https://www.vinted.pl/items/10059500680-pikachu-sv-p-psa-9,165.0,PLN,PSA 9,140.00,48,69.0,0.67,poza_zakresem_rabatu
2026-09-19T17:15:35+00:00,10059527760,Zacian 087/080 BGS 9.5,https://www.vinted.pl/items/10059527760-zacian-087080-bgs-95,125.0,PLN,BGS 9.5,50.00,1,34.3,0.33,wyslano_na_discord
2026-09-19T17:15:35+00:00,10059371652,Mega Charizard X EX BGS 9.5,https://www.vinted.pl/items/10059371652-mega-charizard-x-ex-bgs-95,5033.52,PLN,BGS 9.5,1250.00,25,-5.8,1.00,poza_zakresem_rabatu
2026-09-19T17:30:46+00:00,10059744147,Articuno (JTG 161) PSA 9,https://www.vinted.pl/items/10059744147-articuno-jtg-161-psa-9,220.83,PLN,PSA 9,37.00,732,-56.7,0.67,poza_zakresem_rabatu
2026-09-19T17:30:49+00:00,10059570241,Mega darkrai ex 116/084,https://www.vinted.pl/items/10059570241-mega-darkrai-ex-116084,900.0,PLN,PSA 10,1525.00,17,84.5,0.15,poza_zakresem_rabatu
2026-09-19T17:45:43+00:00,10059806325,Psyduck,https://www.vinted.pl/items/10059806325-psyduck,265.0,PLN,,,,,,brak_gradingu_w_tytule_ani_opisie
2026-09-19T18:01:00+00:00,10059991288,Pokémon gengar EX,https://www.vinted.pl/items/10059991288-pokemon-gengar-ex,17.67,PLN,PSA 8,,,,,brak_ceny_referencyjnej
2026-09-19T18:15:36+00:00,10060279179,Acerola pokemon trainer,https://www.vinted.pl/items/10060279179-acerola-pokemon-trainer,27.0,PLN,PSA 10,53.70,21,86.8,0.02,poza_zakresem_rabatu
2026-09-19T18:15:36+00:00,10060259847,Predám túto Japonsku pokemon kartu PSA 10 Gigalith White Flare,https://www.vinted.pl/items/10060259847-predam-tuto-japonsku-pokemon-kartu-psa-10-gigalith-white-flare,265.0,PLN,PSA 10,,,,,brak_ceny_referencyjnej
2026-09-19T18:15:38+00:00,10060193865,Deoxys VSTAR,https://www.vinted.pl/items/10060193865-deoxys-vstar,706.66,PLN,PSA 10,336.95,12,44.9,0.67,poza_zakresem_rabatu
2026-09-19T18:31:57+00:00,10060476371,Zinnia trainer pokemon,https://www.vinted.pl/items/10060476371-zinnia-trainer-pokemon,15.0,PLN,PSA 10,94.50,2,95.8,0.01,poza_zakresem_rabatu
2026-09-19T18:31:59+00:00,10060462622,Copycat trainer,https://www.vinted.pl/items/10060462622-copycat-trainer,10.0,PLN,PSA 10,,,,,brak_ceny_referencyjnej
2026-09-19T18:32:01+00:00,10060450648,Piers trainer,https://www.vinted.pl/items/10060450648-piers-trainer,10.0,PLN,PSA 10,49.66,4,94.7,0.02,poza_zakresem_rabatu
2026-09-19T18:32:03+00:00,10060340255,Cyllene pokemon trainer,https://www.vinted.pl/items/10060340255-cyllene-pokemon-trainer,10.0,PLN,PSA 10,94.50,2,97.2,0.01,poza_zakresem_rabatu
2026-09-19T18:32:04+00:00,10060332292,Nessa trainer pokemon,https://www.vinted.pl/items/10060332292-nessa-trainer-pokemon,42.0,PLN,PSA 10,71.45,43,84.6,0.02,poza_zakresem_rabatu
2026-09-19T18:32:06+00:00,10060317603,Salg af Pokemon samling,https://www.vinted.pl/items/10060317603-salg-af-pokemon-samling,4431.07,PLN,PSA 10,,,,,brak_ceny_referencyjnej
2026-09-19T18:32:08+00:00,10060317200,Nessa trainer,https://www.vinted.pl/items/10060317200-nessa-trainer,35.0,PLN,PSA 10,71.45,43,87.1,0.02,poza_zakresem_rabatu
2026-09-19T18:32:10+00:00,10060309383,Marnie trainer pokemon,https://www.vinted.pl/items/10060309383-marnie-trainer-pokemon,31.0,PLN,PSA 10,94.50,2,91.4,0.01,poza_zakresem_rabatu
2026-09-19T18:32:12+00:00,10051192277,Scizor 29/75 Neo Discovery Pokémon WOTC Pokemon kort,https://www.vinted.pl/items/10051192277-scizor-2975-neo-discovery-pokemon-wotc-pokemon-kort,35.14,PLN,,,,,,brak_gradingu_w_tytule_ani_opisie
2026-09-19T18:32:13+00:00,10051195200,Politoed 27/75 Neo Discovery Pokémon WOTC Pokemon kort,https://www.vinted.pl/items/10051195200-politoed-2775-neo-discovery-pokemon-wotc-pokemon-kort,25.38,PLN,,,,,,brak_gradingu_w_tytule_ani_opisie
2026-09-19T18:45:40+00:00,10060538375,Babette full art pokemon,https://www.vinted.pl/items/10060538375-babette-full-art-pokemon,11.0,PLN,PSA 10,213.50,5,98.6,0.02,poza_zakresem_rabatu
2026-09-19T18:45:42+00:00,10060517335,Druddigon full art pokemon,https://www.vinted.pl/items/10060517335-druddigon-full-art-pokemon,12.0,PLN,PSA 10,213.50,5,98.5,0.02,poza_zakresem_rabatu
2026-09-19T18:45:44+00:00,10060508070,Solrock full art,https://www.vinted.pl/items/10060508070-solrock-full-art,27.0,PLN,PSA 10,213.50,5,96.7,0.02,poza_zakresem_rabatu
2026-09-19T18:45:46+00:00,10060495635,Tulip pokemon trainer,https://www.vinted.pl/items/10060495635-tulip-pokemon-trainer,25.0,PLN,PSA 10,94.50,2,93.1,0.01,poza_zakresem_rabatu
2026-09-19T18:45:49+00:00,10060485477,Shauna pokemon trainer,https://www.vinted.pl/items/10060485477-shauna-pokemon-trainer,14.0,PLN,PSA 10,94.50,2,96.1,0.01,poza_zakresem_rabatu
2026-09-19T18:59:20+00:00,10060780964,Umbreon ex PSA 9 Pokemon SVP 176 Pre Premium Figure Collection 2025,https://www.vinted.pl/items/10060780964-umbreon-ex-psa-9-pokemon-svp-176-pre-premium-figure-collection-2025,423.92,PLN,PSA 9,49.99,300,-122.7,0.44,poza_zakresem_rabatu
2026-09-19T18:59:21+00:00,10060767186,Mew Vmax FA Full Art PSA 10 2022 Pokemon Japanese Vstar Universe 054,https://www.vinted.pl/items/10060767186-mew-vmax-fa-full-art-psa-10-2022-pokemon-japanese-vstar-universe-054,847.84,PLN,PSA 10,,,,,brak_ceny_referencyjnej
2026-09-19T18:59:21+00:00,10060734390,Mega Eelektross ex 225/193 Mega Attack Rare PSA 10 Pokemon Japanese M2a,https://www.vinted.pl/items/10060734390-mega-eelektross-ex-225193-mega-attack-rare-psa-10-pokemon-japanese-m2a,520.81,PLN,PSA 10,65.00,91,-110.4,0.33,poza_zakresem_rabatu
2026-09-19T18:59:21+00:00,10060708972,Mega Gengar ex 230/193 MA Pokemon Japanese M2a PSA 10 Gem Mint 2025,https://www.vinted.pl/items/10060708972-mega-gengar-ex-230193-ma-pokemon-japanese-m2a-psa-10-gem-mint-2025,629.82,PLN,PSA 10,73.00,849,-126.6,0.30,poza_zakresem_rabatu
2026-09-19T18:59:21+00:00,10060660447,Mega Dragonite ex 271/217 Rare PSA 10 Pokemon ASC 2026,https://www.vinted.pl/items/10060660447-mega-dragonite-ex-271217-rare-psa-10-pokemon-asc-2026,1695.67,PLN,PSA 10,185.00,708,-140.7,0.62,poza_zakresem_rabatu
2026-09-19T19:15:35+00:00,10060893823,Brock’s Vulpix 1 st edition PSA 7,https://www.vinted.pl/items/10060893823-brocks-vulpix-1-st-edition-psa-7,210.0,PLN,PSA 7,273.13,2,79.8,0.17,poza_zakresem_rabatu
2026-09-19T19:15:37+00:00,10060840910,PSA slab guard,https://www.vinted.pl/items/10060840910-psa-slab-guard,22.08,PLN,,,,,,brak_gradingu_w_tytule_ani_opisie
2026-09-19T19:15:37+00:00,10060804915,Larry's Staraptor Illustration Rare 249/217 PSA 10 Pokemon ASC 2026,https://www.vinted.pl/items/10060804915-larrys-staraptor-illustration-rare-249217-psa-10-pokemon-asc-2026,472.37,PLN,PSA 10,87.00,37,-42.6,0.56,poza_zakresem_rabatu
2026-09-19T19:30:49+00:00,10061110405,Pokemon kort Charizard V Shiny 079/073 BGS 9.5 Gem Mint,https://www.vinted.pl/items/10061110405-pokemon-kort-charizard-v-shiny-079073-bgs-95-gem-mint,1122.54,PLN,BGS 9.5,299.99,29,1.7,0.67,wyslano_na_discord
2026-09-19T19:30:50+00:00,10060990655,Pokemon shining Magikarp celebrations psa 10,https://www.vinted.pl/items/10060990655-pokemon-shining-magikarp-celebrations-psa-10,770.0,PLN,PSA 10,167.50,590,-20.7,1.00,poza_zakresem_rabatu
2026-09-19T19:45:39+00:00,10061201686,Transporter Plecak Dla Kota Psa Pokeball - niewielkie ślady użytkowania,https://www.vinted.pl/items/10061201686-transporter-plecak-dla-kota-psa-pokeball-niewielkie-slady-uzytkowania,45.0,PLN,,,,,,brak_gradingu_w_tytule_ani_opisie
2026-09-19T20:00:55+00:00,10061396860,Squirtle #170 PSA 8,https://www.vinted.pl/items/10061396860-squirtle-170-psa-8,354.49,PLN,PSA 8,72.50,62,-28.4,1.00,poza_zakresem_rabatu
2026-09-19T20:00:56+00:00,10061351699,Wts Dunsparce psa 10,https://www.vinted.pl/items/10061351699-wts-dunsparce-psa-10,251.68,PLN,PSA 10,79.00,36,16.3,0.50,wyslano_na_discord
2026-09-19T20:00:56+00:00,10061326826,Rowlet #43 - PSA 10 (First Partner Series 1),https://www.vinted.pl/items/10061326826-rowlet-43-psa-10-first-partner-series-1,230.67,PLN,PSA 10,,,,,brak_ceny_referencyjnej
2026-09-19T20:15:39+00:00,10061550742,Mewtwo ex 157/128,https://www.vinted.pl/items/10061550742-mewtwo-ex-157128,450.0,PLN,PSA 10,,,,,brak_ceny_referencyjnej
2026-09-19T20:15:41+00:00,10061460106,Gengar and mimikyu gx tag team,https://www.vinted.pl/items/10061460106-gengar-and-mimikyu-gx-tag-team,2540.48,PLN,PSA 10,,,,,brak_ceny_referencyjnej
2026-09-19T20:30:49+00:00,10061689173,Jedná se o japonskou kartu Bulbasaur AR (064/063) z edice Mega Brave (m1L).,https://www.vinted.pl/items/10061689173-jedna-se-o-japonskou-kartu-bulbasaur-ar-064063-z-edice-mega-brave-m1l,108.77,PLN,PSA 10,,,,,brak_ceny_referencyjnej
2026-09-19T20:45:37+00:00,10061812752,Shining Mewtwo 2002 neo destiny PSA 1,https://www.vinted.pl/items/10061812752-shining-mewtwo-2002-neo-destiny-psa-1,4000.0,PLN,PSA 1,673.69,23,-55.9,0.80,poza_zakresem_rabatu
2026-09-19T20:45:37+00:00,10061811513,Charizard ex PSA 9 Mint 2023 Pokemon Obsidian Flames Hyper Rare 228/197,https://www.vinted.pl/items/10061811513-charizard-ex-psa-9-mint-2023-pokemon-obsidian-flames-hyper-rare-228197,545.04,PLN,PSA 9,59.99,558,-138.6,0.67,poza_zakresem_rabatu
2026-09-19T20:45:37+00:00,10061801263,Psyduck 226/217 Illustration Rare 2026 Pokemon asc en PSA 9 Mint,https://www.vinted.pl/items/10061801263-psyduck-226217-illustration-rare-2026-pokemon-asc-en-psa-9-mint,787.28,PLN,PSA 9,102.50,462,-101.7,0.38,poza_zakresem_rabatu
2026-09-19T21:00:59+00:00,10061838768,Arvens Greedent 205/182 Illustration Rare Pokemon DRI PSA 9 Mint 2025,https://www.vinted.pl/items/10061838768-arvens-greedent-205182-illustration-rare-pokemon-dri-psa-9-mint-2025,278.57,PLN,PSA 9,,,,,brak_ceny_referencyjnej
2026-09-19T21:00:59+00:00,10061833058,"Umbreon vmax beckett bgs 9,5",https://www.vinted.pl/items/10061833058-umbreon-vmax-beckett-bgs-95,600.0,PLN,"BGS 9,5",121.21,6,-30.0,1.00,poza_zakresem_rabatu
2026-09-19T21:00:59+00:00,10061820719,Psyduck 175/165 Illustration Rare 2023 Pokemon 151 MEW PSA 9 Mint,https://www.vinted.pl/items/10061820719-psyduck-175165-illustration-rare-2023-pokemon-151-mew-psa-9-mint,690.38,PLN,PSA 9,60.50,235,-199.7,0.50,poza_zakresem_rabatu
2026-09-19T21:01:01+00:00,10061846893,"Blastoise ex 200 Pokémon 151 scarlet & violet bgs 9,5",https://www.vinted.pl/items/10061846893-blastoise-ex-200-pokemon-151-scarlet-violet-bgs-95,1250.0,PLN,"BGS 9,5",270.00,16,-21.6,0.86,poza_zakresem_rabatu
2026-09-19T21:25:22+00:00,10062073023,Meowth ex SAR 114/080 PSA 9 Pokemon M3 Japanese Special Art Rare 2026,https://www.vinted.pl/items/10062073023-meowth-ex-sar-114080-psa-9-pokemon-m3-japanese-special-art-rare-2026,363.36,PLN,PSA 9,,,,,brak_ceny_referencyjnej
2026-09-19T21:25:24+00:00,10062065932,Zapdos Holo Rare 048/185 Pokemon Sword Shield Vivid Voltage BGS Auth Autograph Jason Paige,https://www.vinted.pl/items/10062065932-zapdos-holo-rare-048185-pokemon-sword-shield-vivid-voltage-bgs-auth-autograph-jason-paige,423.92,PLN,,,,,,brak_gradingu_w_tytule_ani_opisie
2026-09-19T22:15:34+00:00,10062351459,Dewgong psa 9,https://www.vinted.pl/items/10062351459-dewgong-psa-9,88.62,PLN,PSA 9,605.00,4,96.2,1.00,poza_zakresem_rabatu
2026-09-19T22:30:49+00:00,10062468384,Pokemon : Pikachu ex [SSP238] (PSA 9),https://www.vinted.pl/items/10062468384-pokemon-pikachu-ex-ssp238-psa-9,1268.78,PLN,PSA 9,389.95,40,14.5,0.67,wyslano_na_discord
2026-09-19T22:45:35+00:00,10062534569,3 vintage pokemonkort från base set,https://www.vinted.pl/items/10062534569-3-vintage-pokemonkort-fran-base-set,15.62,PLN,,,,,,brak_gradingu_w_tytule_ani_opisie
2026-09-19T23:15:36+00:00,10062616823,Pikachu with Grey felt hat,https://www.vinted.pl/items/10062616823-pikachu-with-grey-felt-hat,2658.64,PLN,,,,,,brak_gradingu_w_tytule_ani_opisie
2026-09-19T23:45:34+00:00,10062765133,Pokemon Mewtwo 183 PSA 10 Japanese,https://www.vinted.pl/items/10062765133-pokemon-mewtwo-183-psa-10-japanese,448.66,PLN,PSA 10,1499.90,5,92.1,0.33,poza_zakresem_rabatu
